Sample,Population code,Superpopulation name,Population name,pc1_global,pc2_global,tsne1,tsne2,pc1_aims,pc2_aims,pc1_eur,pc2_eur,pc1_afr,pc2_afr,pc3_afr
HG00096,GBR,European Ancestry,British,0.31282717412722083,5.354349276217538,2.77121,23.939863,0.04386649549972732,1.92089771257794,-1.9605674300061995,0.6361129189056669,,,
HG00097,GBR,European Ancestry,British,-0.6794025931098231,6.183329404791005,3.1062338,18.319641,0.10460084817453108,2.5988451278420177,-1.7831502913342538,-0.7055666706738942,,,
HG00099,GBR,European Ancestry,British,-0.4207101717940115,5.266719639852495,-2.0470665,15.688018,-0.9320509794730814,0.9687513393878155,2.5559396658033595,-0.20492729259889703,,,
HG00100,GBR,European Ancestry,British,-0.8054185632232586,5.965095446531858,5.012587,19.504921,-0.6267149453946611,1.637349394292892,-3.4010356929510146,-0.38231184635907656,,,
HG00101,GBR,European Ancestry,British,-0.7713854760475809,4.332075769205106,2.3143418,18.92006,-0.08520339363410945,2.1979628627274472,1.2036981087382308,1.014371710915213,,,
HG00102,GBR,European Ancestry,British,-0.3538423281456985,4.8548346129617705,5.156241,7.361405,0.6965860504615562,1.8380649927803827,-0.12371725752326061,-0.7379234892878299,,,
HG00103,GBR,European Ancestry,British,-0.9841510663829727,5.831849824770206,-4.683214,8.225549,-0.5894047985072417,1.4423907756076098,1.8781489766991697,0.8714110285070792,,,
HG00104,GBR,European Ancestry,British,-1.7265833433665645,5.221681011679331,1.91583,15.506129,-1.113872744946593,1.844602633441284,-0.7833208017782988,0.7886554533416433,,,
HG00106,GBR,European Ancestry,British,-2.0250598361080954,3.814642601005589,1.6640378,13.2569275,-1.4817800866193083,2.421516945000772,-2.9188805487228024,0.5135384222110706,,,
HG00108,GBR,European Ancestry,British,-1.8589015536068647,3.6338171985872747,3.1638687,15.292111,0.15048549224311047,0.8570689975744551,2.6876353723847823,-1.1006103175074105,,,
HG00109,GBR,European Ancestry,British,-1.0442990623166462,4.7046136424760965,9.29947,16.851269,-1.156796119269545,1.0771039977638772,0.2602184354635405,3.0087072437725975,,,
HG00110,GBR,European Ancestry,British,-0.004161877408429104,5.6898878043462675,3.8606243,16.979406,0.809605591722844,1.8268569882539811,-1.758581739942285,-1.6623129459203871,,,
HG00111,GBR,European Ancestry,British,-1.5445790820789715,4.645649668492294,-2.5341268,13.22428,-1.0275260591981326,0.201055467321809,0.6800799319201523,1.0156367549056935,,,
HG00112,GBR,European Ancestry,British,-1.0082302822142282,6.351847832698519,1.873821,17.628668,-0.9949656404743326,2.1359808121867347,-0.6090111926970352,-0.629147544774717,,,
HG00113,GBR,European Ancestry,British,0.8000486861949294,7.138957381299824,1.205214,20.886951,-0.0708941670094474,2.64482449652134,-1.1556196326670767,1.2771163978721032,,,
HG00114,GBR,European Ancestry,British,-1.8508735364821007,4.5946605939499605,1.75446,25.778883,-1.2250331658628468,1.0897531212569476,0.9111012870374554,-1.494125643669391,,,
HG00116,GBR,European Ancestry,British,-0.8104042397150575,5.273145695840531,1.7879447,25.777191,-1.4420675206032576,1.6210125940652034,0.3506565759854512,-1.258765772450529,,,
HG00117,GBR,European Ancestry,British,-1.5624588748507238,4.882339722593601,-1.1436472,17.908379,-0.9406437831475665,2.4890988198087833,1.041171572807031,-0.9144663156863161,,,
HG00118,GBR,European Ancestry,British,-0.10831703258426006,4.93599904952116,-1.8836395,17.36993,0.2096368088579469,2.265521632595063,-0.1174838815277556,2.7211879904529495,,,
HG00119,GBR,European Ancestry,British,-0.5311884357091378,5.047738783992795,2.639117,21.118786,0.42799220037486996,2.567996308550399,-1.4598638719365924,-1.2486152293395227,,,
HG00120,GBR,European Ancestry,British,-0.5049376533639578,5.779138037066915,1.8077335,25.75845,-0.3967100356079461,1.3428592794124128,-2.0915041239701826,0.3849430988485748,,,
HG00121,GBR,European Ancestry,British,0.5619274826502583,4.003300314219122,3.257754,21.821638,0.3542796444638223,2.308425402124395,-3.873088151857669,-1.0796721557499493,,,
HG00122,GBR,European Ancestry,British,0.03304637494513707,4.338457048890874,3.8307228,15.164401,-0.2398456392238683,1.0974473209794133,-2.8700102840017565,-0.18049431016533335,,,
HG00123,GBR,European Ancestry,British,-0.7976298752367599,5.386458578115424,2.2045963,17.371124,-0.8611748401809818,2.2066309956499324,-2.4556626911329893,-0.17531002934303638,,,
HG00124,GBR,European Ancestry,British,0.7605243581308572,5.207687154293942,2.5783296,21.004637,-0.48270933421485784,1.9154277955452468,-1.210855587257774,-2.3144134240491216,,,
HG00125,GBR,European Ancestry,British,-0.4017605547388631,5.671875994326412,1.9057502,16.823599,0.01981567435410514,2.799778782832245,-0.27786397679369096,-3.4331023127382325,,,
HG00126,GBR,European Ancestry,British,-0.5455336316433901,5.919827637101035,1.5460129,19.109257,-1.163794662208295,1.8188372799924135,-1.5722653521496348,0.6793136023122366,,,
HG00127,GBR,European Ancestry,British,-1.539229891416532,3.9559908946525577,-7.9109817,12.710767,-1.1887381406535318,1.6234395862711457,1.935381305109741,-0.2633002393683296,,,
HG00128,GBR,European Ancestry,British,-0.40389591045184225,6.423973150484218,-4.0546584,21.845991,-0.3321897231592416,1.9631090168682646,-0.46144747634704986,1.8836326464635698,,,
HG00129,GBR,European Ancestry,British,-1.8476603201530026,6.102909268980364,-4.5184903,18.867744,-1.0167987450783809,1.3825506615391114,2.839636576419487,3.3280758084044337,,,
HG00130,GBR,European Ancestry,British,-0.9857401868544942,4.287486704694289,-3.7253962,15.274437,-1.1521383370403844,2.010853732809838,0.9193513374249834,-0.46109584049974356,,,
HG00131,GBR,European Ancestry,British,-1.1762851183319196,4.140857259733064,2.3658512,18.331673,-0.9135958896041632,1.2882330568205411,-1.4723517150822683,-1.8227500948476534,,,
HG00133,GBR,European Ancestry,British,-0.9169272649586219,3.5549569802061236,-0.7602387,9.529425,-0.2763890661532279,0.9047048549072592,0.001963206859963432,-1.3639982807790134,,,
HG00134,GBR,European Ancestry,British,-0.33484183606251494,6.843209438624953,1.0311468,19.948765,-0.16171664362845695,2.5337751488865274,-1.136504203122031,1.2380527539877424,,,
HG00135,GBR,European Ancestry,British,-0.8798270183647772,6.205225974876543,-2.3506904,15.478159,-1.5068563065605103,2.0753945726564114,-0.1415986152276422,2.6840229650934573,,,
HG00136,GBR,European Ancestry,British,-0.4231606750874306,5.747379178240774,-8.929397,13.23981,0.0995131585559429,2.1460364087242185,2.560861763557397,5.798370089670132,,,
HG00137,GBR,European Ancestry,British,-1.5838391261205849,6.106185746136176,-4.8096423,17.882723,-0.43778881376765977,2.268378008574226,1.0240522349357652,2.77276710776176,,,
HG00138,GBR,European Ancestry,British,0.4742318099223797,5.692680952833295,-8.539045,12.069397,0.3988635700319376,2.0916557601446994,1.5008268664087474,5.576024409096385,,,
HG00139,GBR,European Ancestry,British,-1.2812523749285694,4.950809272335977,5.072513,17.118792,-0.6867073934768018,1.6209666853385922,-1.5603580951600777,-0.7181825984479504,,,
HG00140,GBR,European Ancestry,British,-0.2709907876269073,4.690220332307646,4.8284793,12.094091,-0.5410598098031326,1.770809995566061,-2.8015069803092634,0.2841678556907327,,,
HG00141,GBR,European Ancestry,British,0.002687039430196214,5.916347291080164,2.114288,13.045213,0.006369255940959939,2.1020941586634923,-3.043258075395947,0.8107531435428282,,,
HG00142,GBR,European Ancestry,British,0.7402835591577348,5.228724222132417,1.2461685,20.03237,0.8892805678591711,1.1109545938289829,-0.9799461972629678,-0.9673572363052502,,,
HG00143,GBR,European Ancestry,British,-1.8132828834267336,4.560337153396864,1.7275299,16.776735,-1.3632993326138305,2.061811274066995,-1.1799046902801027,-2.4346771624885197,,,
HG00146,GBR,European Ancestry,British,-1.0223303605383491,5.070122386853225,5.9144125,20.962957,-0.03160497986033062,0.6502635138583397,-3.035956809898782,-1.469672317868944,,,
HG00148,GBR,European Ancestry,British,0.1298870347929615,6.085825397650817,-8.03953,12.699708,0.18668099824929973,1.5150310374936833,4.025379648942207,2.913018340146918,,,
HG00149,GBR,European Ancestry,British,-0.36314180712275124,5.460431879099237,4.7895017,15.592146,0.22390833242955943,2.149600345996294,-1.49616490113669,-1.766772917166669,,,
HG00150,GBR,European Ancestry,British,-1.2460353819716001,4.8279909198821755,2.209514,13.567305,-1.2737549023456336,1.1903704161592248,-2.402616035866012,0.8677211037484184,,,
HG00151,GBR,European Ancestry,British,-0.6815410040784187,5.157116159125794,1.2955928,17.20695,0.23934816889566835,3.0381481017265957,-2.0176785890333657,-1.70165745839894,,,
HG00152,GBR,European Ancestry,British,-0.7141134409068537,6.231930061848187,-9.548715,11.890601,-0.2985204029931503,1.5896768126220961,1.9749776381571764,1.1744390557270987,,,
HG00154,GBR,European Ancestry,British,-1.171942912603136,5.449426769615425,-0.8218332,13.884068,-1.1443592016430442,1.360713419823822,0.2548241689844532,1.1538287189951024,,,
HG00155,GBR,European Ancestry,British,-0.3268585989595843,5.172217019880556,-7.2311616,18.71647,-0.3825979736259865,2.555503661839875,0.10451649186564661,-0.5524376530309223,,,
HG00156,GBR,European Ancestry,British,-1.499299147429678,5.070849631696621,1.5816536,10.306459,-1.2668282988908768,2.272598007704766,-2.364149278008385,-0.14462379668856573,,,
HG00158,GBR,European Ancestry,British,-0.5375212333674007,4.851851605293024,4.477308,19.702087,-0.06945754697703954,2.33113451383918,-2.0435616572967468,0.8732357448952112,,,
HG00159,GBR,European Ancestry,British,0.017523498968001983,5.638589893634055,12.015426,15.667407,-0.17735823210946533,1.8500247641894934,0.02466477433879962,-0.02778766087862963,,,
HG00160,GBR,European Ancestry,British,-0.4249731401714157,6.9179579219416,-4.9758263,19.563372,-0.4496418528199904,2.814844098276664,4.593579500982837,0.20198324874516618,,,
HG00171,FIN,European Ancestry,Finnish,-2.5587936702813545,4.825576338683231,-2.654146,20.17009,-2.108538437746347,1.091401244882795,4.775487468781634,-1.1361733166492278,,,
HG00173,FIN,European Ancestry,Finnish,-1.6590092782121906,3.325253623640529,2.2250156,15.592864,-0.30787645530684254,1.7484288131554093,0.011573596656171433,-3.2232247460618995,,,
HG00174,FIN,European Ancestry,Finnish,-0.6203667058619231,4.3911478566732,3.3544908,14.404488,-1.0616651094450031,1.5591844852672667,0.8897603968576002,-3.18102010330537,,,
HG00176,FIN,European Ancestry,Finnish,-1.1600700127410244,5.136578254553956,-3.0949497,16.769718,-0.2129901450457185,1.979771775606583,1.2996000064055484,0.3670889741510609,,,
HG00177,FIN,European Ancestry,Finnish,-1.181441757114509,4.488041019078576,2.3798728,14.692227,-0.44708441727388937,2.31222708257388,-1.4512668159266506,-1.1125822215722736,,,
HG00178,FIN,European Ancestry,Finnish,0.36576076955342574,5.720751738569851,-3.7291431,17.763823,-0.3182011616970928,1.6119586105477013,1.4466711839460578,2.086201074989369,,,
HG00179,FIN,European Ancestry,Finnish,-1.8837023518553044,4.358860167933905,-3.1537757,12.850264,-0.6960395160216741,1.2233495658625817,2.2741657280022984,-0.865536459412678,,,
HG00180,FIN,European Ancestry,Finnish,-1.1226886681619188,4.87348556855195,-4.26541,11.912789,-1.1532135615476682,1.2776590748340215,3.0974150809927075,-0.21548692542741357,,,
HG00182,FIN,European Ancestry,Finnish,-1.0398491901654565,3.2229275508224835,-1.7552898,6.7468414,0.4249196797001511,1.3070379013720679,1.1516648563431167,-0.9711538192762956,,,
HG00183,FIN,European Ancestry,Finnish,-2.425073762302362,2.872577104527968,-6.8598375,15.022323,-0.7753233718951047,0.07347331921332079,7.886879726915953,1.1883189967167027,,,
HG00185,FIN,European Ancestry,Finnish,-1.5427987497817495,3.696032211286655,-2.683231,20.57645,-1.31217589251311,1.4672645012749028,0.18440186522400023,-3.225921081125824,,,
HG00186,FIN,European Ancestry,Finnish,-1.387202826903277,4.57982563364252,-1.8224554,18.611582,0.09153712332300634,1.4564854436410235,0.8142968338689681,-3.1757967867037054,,,
HG00187,FIN,European Ancestry,Finnish,-0.875809225523957,4.532310700999613,-5.25663,11.18889,-0.2825042229363695,1.2609909478702765,3.6791783183845492,1.6792335175640307,,,
HG00188,FIN,European Ancestry,Finnish,-1.162560163832,4.456324281180696,7.457679,11.394174,0.5594169346598086,1.2160521160381723,1.4853081889482294,-0.5640846580346891,,,
HG00189,FIN,European Ancestry,Finnish,-0.288117713723537,5.894649135386307,-9.993397,16.333208,-0.7962945142893307,1.5153921017275669,3.017026585969097,1.7145376839891273,,,
HG00190,FIN,European Ancestry,Finnish,-0.47380527343647866,6.145649021482253,-6.74999,15.011038,-1.0884640659327092,1.78203680405307,4.778681198041309,1.625749750880214,,,
HG00231,GBR,European Ancestry,British,-0.552993751438583,4.363847957278899,-6.529515,17.56809,-0.32788331006594196,0.4619878434972087,2.22013150137635,3.144355520640478,,,
HG00232,GBR,European Ancestry,British,-0.5116896094005283,6.834123762438179,0.06310084,13.892057,-0.9694762357965961,1.6392783097537238,0.2245178422764102,-1.2258879051280336,,,
HG00233,GBR,European Ancestry,British,-0.8834796024902525,4.6718815499803386,3.4946303,12.1630535,-1.3196671373739663,1.270773546480735,-0.8074961876342187,1.1345617563117305,,,
HG00234,GBR,European Ancestry,British,1.7164345822971598,4.353371675047234,6.6237726,13.971828,0.9877924485610252,1.467328386847358,-0.3028279010390988,-0.28030743829286775,,,
HG00235,GBR,European Ancestry,British,0.8107740682748037,5.354226285647899,3.7844493,22.783129,0.5736652086592791,2.279450252711348,-2.3103374454077747,-0.770228636863099,,,
HG00236,GBR,European Ancestry,British,-0.5109473336276477,5.138548386451747,4.949365,19.544334,-0.23664753678381129,2.110606944852744,-4.256454968054658,1.7764360145616156,,,
HG00237,GBR,European Ancestry,British,-0.1745965495357229,6.264458928345329,5.43312,16.00541,-0.27185001502206163,2.130890105591826,-2.713118549671024,-2.089087794069053,,,
HG00238,GBR,European Ancestry,British,0.3215584309638354,5.810612766965737,4.9266415,25.453695,0.8005213804092983,1.0884558255838268,-0.6282819739058547,-1.8106305762412065,,,
HG00239,GBR,European Ancestry,British,-1.838014411337785,5.860774364295105,-0.18304151,16.071314,-1.7876176117852345,1.9890703225007205,1.3353368594027801,-1.5193147920630092,,,
HG00240,GBR,European Ancestry,British,-1.1829139541476104,7.495474535182275,4.919657,25.462494,-0.5385160915506437,2.5160422299143357,0.18618222780055854,-0.8781705772951027,,,
HG00242,GBR,European Ancestry,British,-1.2410063211983848,4.857326477541338,-4.048737,10.274132,-0.34958954941653453,1.4935624930201745,6.180330078684412,2.896368543291847,,,
HG00243,GBR,European Ancestry,British,-0.6147271476018147,5.062918320788014,-3.9730594,10.529821,-0.916912231994388,2.29420656263746,3.493553492317989,1.7128276981661261,,,
HG00244,GBR,European Ancestry,British,-0.06612534834069927,4.809533208573616,3.8128912,8.676686,-0.46744938001382846,1.8761153374013706,-1.6815419909815899,0.573822442649835,,,
HG00245,GBR,European Ancestry,British,-2.3817671266371114,3.1382351220247253,0.22557555,15.316307,-1.6474871146160814,0.5674093813638383,-0.5232100331424255,-0.7461848790847598,,,
HG00246,GBR,European Ancestry,British,-1.4680125298973643,4.636612009190019,-2.377844,11.601407,-0.42959192554548115,1.0763099053086473,2.8947758689288348,-0.23040545302806262,,,
HG00247,GBR,European Ancestry,British,-0.9049507896949326,5.293359920868982,4.8131433,18.46413,-1.1117582488510025,1.766948091291583,-1.0307183116766614,-1.5220065223670998,,,
HG00249,GBR,European Ancestry,British,-0.9473700268570583,5.46007179931389,3.7697077,13.082453,-1.0126613809800022,2.4086483573682993,-2.1542634907698495,1.3732527763056053,,,
HG00250,GBR,European Ancestry,British,-0.9038847177328344,5.20967263446142,3.158757,14.134849,-0.15706447783850808,1.8098029282585275,-1.9956581353174785,0.4428770330368333,,,
HG00251,GBR,European Ancestry,British,-0.281773814768451,3.703732154975267,5.200165,10.554776,-0.720636626993281,2.15569370480906,-2.604487676179077,-0.5973350769345046,,,
HG00252,GBR,European Ancestry,British,-1.4227416153394872,6.406222666793737,3.7692764,13.257334,-1.3340382508628743,1.9569375041040913,-0.48683664755244077,-0.3831810086925814,,,
HG00253,GBR,European Ancestry,British,0.2008314537178958,4.863478551078615,0.44046822,14.473275,-0.45847875363338564,2.2150584500136192,0.546028192615656,1.3920353608501626,,,
HG00254,GBR,European Ancestry,British,-1.0402694321692512,6.478740011547844,0.48777696,18.342245,-0.8717582823485035,1.6113722469877407,0.9469043539307838,0.03639699872911159,,,
HG00255,GBR,European Ancestry,British,-1.4581073109223819,3.5765372819681045,-2.106131,12.262757,-0.5223645218697665,1.51756730320799,3.710454795400108,-3.0937340492406302,,,
HG00256,GBR,European Ancestry,British,-0.2639514882918802,5.322489982661753,-3.648882,16.4951,-0.5941437477022651,1.9171217431262835,2.825338373536283,1.4685190163850912,,,
HG00257,GBR,European Ancestry,British,-0.7233600562886024,6.077313403164372,0.95576763,8.721038,-0.2506978958620471,2.110957208053797,0.5064787611980511,-0.4311716871389212,,,
HG00258,GBR,European Ancestry,British,-1.126112083710813,6.195898574416114,-6.3691463,15.998492,-0.9443592207175113,0.9899649750378641,3.75694525909346,1.0745982769593712,,,
HG00259,GBR,European Ancestry,British,-0.49622095551298423,5.774012656441663,4.8053637,12.577719,-0.5591880538978714,1.4323371055246907,-1.8529883311190145,0.017606051632530137,,,
HG00260,GBR,European Ancestry,British,-0.3249621576278876,5.370852565630776,-2.2018511,13.9827175,-0.5150284433532073,1.799928309279975,-1.058392362552539,-0.04422162946939969,,,
HG00261,GBR,European Ancestry,British,-1.0239989053871028,5.782955983069139,-8.324033,11.853331,0.6325786360565693,2.3844551657743494,1.4732189392531239,3.333756089334212,,,
HG00262,GBR,European Ancestry,British,-1.9244033465473676,4.448455003005678,2.7298558,14.653276,-1.718612798681231,1.4206962323531926,-0.6912399156395211,-2.174801795881407,,,
HG00263,GBR,European Ancestry,British,-1.1020315719960336,5.344760048332869,-8.489322,20.139616,-1.1993764012221289,1.5135444541241199,-0.5409876409560881,1.8736046681474092,,,
HG00264,GBR,European Ancestry,British,0.05309400833140854,5.5152595289179,3.9972005,21.028612,0.21653904236316457,1.1687960869750986,-2.590033694963704,1.9681721903288698,,,
HG00265,GBR,European Ancestry,British,-0.49693301624980063,5.117223558260057,-2.8795283,16.847988,0.21435832827989498,1.0385028705890416,0.03218528712709387,2.3605119684663856,,,
HG00266,FIN,European Ancestry,Finnish,-2.4824085060718604,3.821661605459422,-3.379886,13.65411,-1.4170960659518326,1.4398644594483214,4.95196912752261,-0.5166032424406728,,,
HG00267,FIN,European Ancestry,Finnish,-1.3822362748123815,3.7746189512206905,-2.0867581,18.764004,-1.230525629557775,1.176954646268614,2.104506729658699,-2.573475135482293,,,
HG00268,FIN,European Ancestry,Finnish,-2.339735524864265,4.980580779752033,-5.385825,14.706868,-1.3174430254390126,1.5766087045170847,3.215072844605639,-1.8010671953332464,,,
HG00269,FIN,European Ancestry,Finnish,-1.3545140487164131,4.598812420217765,-1.8658966,20.567614,0.1392423347907421,2.143276100020264,1.900657583496953,-3.287628292632587,,,
HG00270,FIN,European Ancestry,Finnish,-0.8835791347365372,4.401037271319983,-2.6583214,14.325834,-0.9869953013717017,1.2901735274396398,2.6308947415291484,-0.9701295257129743,,,
HG00271,FIN,European Ancestry,Finnish,-1.1433674060416776,4.024909217756327,-0.24487947,12.97104,-1.894913002061949,1.1058997104518773,1.0418424607763344,-2.7409534234945205,,,
HG00272,FIN,European Ancestry,Finnish,-2.1807502684780973,4.567859796413632,-3.4864802,12.174676,-2.0131546734625756,-0.15424155250302318,2.947444545537494,1.0059137222953811,,,
HG00273,FIN,European Ancestry,Finnish,-1.206616173094734,4.347487330962089,-3.0807848,18.981241,-1.5119341610617565,1.7136748356590306,1.6387835410127187,-3.1346453388252735,,,
HG00274,FIN,European Ancestry,Finnish,-1.9135621794904782,3.6181842493748357,-0.92807907,21.534645,-0.6332497759011178,2.5078492647199373,1.2547826048153572,-3.235478603884537,,,
HG00275,FIN,European Ancestry,Finnish,-1.8903614794120842,4.2264944146772105,-5.801048,12.502225,-0.02656320578128868,1.8145490967151758,4.39067490673546,-0.45148639533903456,,,
HG00276,FIN,European Ancestry,Finnish,-1.6097714805117838,3.4153432313876593,-6.5557704,13.490147,-0.3678676560859182,1.0534169887085088,2.2933372766206124,0.4280724704891692,,,
HG00277,FIN,European Ancestry,Finnish,-0.49847566029872314,5.045981807542077,4.2579927,14.172942,-0.5440015147375357,1.333462292456249,-1.442826697772302,-1.3064722436501173,,,
HG00278,FIN,European Ancestry,Finnish,-2.4414243893298826,5.013960038566142,1.6991304,22.688519,-2.0131415483087123,0.9497905709766656,0.8400339041721138,-2.4322658392401206,,,
HG00280,FIN,European Ancestry,Finnish,-1.558490513103754,2.4653647620699544,-2.0426962,20.974054,-0.9725749358976556,1.01584758892715,4.293798669481505,-2.501672759238112,,,
HG00281,FIN,European Ancestry,Finnish,-1.0305698089910271,4.377508259163752,-4.567237,15.932067,-1.2828551644588884,2.027048264708387,2.683966220279867,-0.4605987446838889,,,
HG00282,FIN,European Ancestry,Finnish,-0.15349154295348438,3.8761248036909954,7.5336285,12.087449,1.111406729202263,1.9365938751359,0.23996742041834784,-0.4782344169616701,,,
HG00284,FIN,European Ancestry,Finnish,-2.720081452061362,5.1489307980925165,-0.74380803,18.315899,-1.8477714258396627,1.431870534147573,-0.8690536813100124,-2.366941117522251,,,
HG00285,FIN,European Ancestry,Finnish,-0.005427944756416503,4.706565318565455,7.2566795,12.314652,0.20966604641516495,0.789578568556593,-1.7395181310473193,-1.6826715174256597,,,
HG00306,FIN,European Ancestry,Finnish,-1.1951938171206884,4.362886522178774,8.251656,14.539051,-0.8430762793776528,2.6279649476792404,-2.19979703469493,-2.7847094919539175,,,
HG00309,FIN,European Ancestry,Finnish,0.18938335706243237,4.758716389076648,-2.3646753,17.939821,0.5490650349814317,2.0813872388115358,1.9889643147894889,-2.8729235693160007,,,
HG00310,FIN,European Ancestry,Finnish,-2.483253215527099,2.7015055110876776,-0.62999487,21.075699,-1.1259403633917566,1.5707665981572367,1.5440233649908899,-4.817946686060831,,,
HG00311,FIN,European Ancestry,Finnish,-0.6284501693726184,4.708560827630692,-2.4334235,13.955793,-0.5212602684912087,2.4659180892278516,2.787441824416197,-0.3292016803128585,,,
HG00312,FIN,European Ancestry,Finnish,-0.7464323277595658,4.642473284776934,5.898191,9.618502,-2.1736695406493123,0.49358904475474774,-0.006080147875775911,-2.5180810914546834,,,
HG00313,FIN,European Ancestry,Finnish,-0.4708829330007259,5.269791385605125,6.346247,16.930452,-0.3445949813398322,2.4984176206216326,-1.8749484724945964,-2.425285496641856,,,
HG00315,FIN,European Ancestry,Finnish,-1.8227870025182114,3.1529027187254135,-4.676212,13.15361,-2.288048477936637,0.7885704344337823,2.4459187128042283,-2.848519720439881,,,
HG00318,FIN,European Ancestry,Finnish,-0.9982267222805294,4.239684028856669,0.24931352,13.520272,-1.490707848655557,1.4452026170161179,-1.6272949149804845,0.11597243558365174,,,
HG00319,FIN,European Ancestry,Finnish,-2.1046419619998273,3.8283240672510126,-0.9458602,21.550404,-0.29479773107339957,2.5165366757983363,0.9610856268166243,-5.327387554836394,,,
HG00320,FIN,European Ancestry,Finnish,-2.1404441521574027,2.280602379127075,-4.5087495,13.112806,-1.7812107090775473,0.538940740487289,3.5987168975328765,-1.9645075477610145,,,
HG00321,FIN,European Ancestry,Finnish,-2.723608690264964,4.893797817869782,-4.357038,13.322117,-1.561898697253223,1.4514725007640732,3.408200659051477,0.6180690268845146,,,
HG00323,FIN,European Ancestry,Finnish,-1.5451975374344349,4.824751644854027,-5.6915183,13.031227,-1.0840766547662,1.1724158306335375,4.6355353137761925,1.4964702657992448,,,
HG00324,FIN,European Ancestry,Finnish,-1.600175571503361,4.034521174362438,-0.20002517,19.225645,-1.5128671077739835,1.7524293333346201,2.4025563451515795,-2.630484013583509,,,
HG00325,FIN,European Ancestry,Finnish,-0.9098160240006202,4.3102431312634915,8.274049,12.710215,-0.9053139132284678,0.9846821250477991,0.21993899138007605,0.22645688484838736,,,
HG00326,FIN,European Ancestry,Finnish,-1.9776758587491579,2.944532443168782,1.2875489,14.734426,-0.9171821438094214,0.990706572545585,0.40273820601141713,-3.852794102101306,,,
HG00327,FIN,European Ancestry,Finnish,-1.5354945832112643,4.9057770597032375,-0.12701757,23.364717,-0.6085690578216156,2.774150268413839,0.6598005357417668,-2.9159503091707912,,,
HG00328,FIN,European Ancestry,Finnish,-2.2043285480062758,4.342725607363549,0.41789392,17.138798,-1.1371519442002278,1.2572710348115244,0.3916423799200202,-4.220794754878803,,,
HG00329,FIN,European Ancestry,Finnish,-1.9169655838634265,4.212777417499604,-3.0721629,11.706778,-0.9170605000891185,2.2213282080886203,3.6063994485790904,1.0257686541200204,,,
HG00330,FIN,European Ancestry,Finnish,-0.9555173557216764,4.585360976191621,-1.5684457,19.476267,-0.2873823421863964,1.9164800761759393,1.7290830709634686,-4.172916228574474,,,
HG00331,FIN,European Ancestry,Finnish,-2.290664703836582,3.5129834612984414,-4.5985003,13.741942,-1.6974328843199553,0.6290749848348172,3.5671311829896446,-1.773439347509654,,,
HG00332,FIN,European Ancestry,Finnish,-1.689165960057205,4.297412448867927,-1.4424567,15.9766655,-1.5141362533366833,2.093099212444122,0.7137897646581919,-3.777781593431617,,,
HG00334,FIN,European Ancestry,Finnish,-0.09337750249988208,5.416103812341466,8.959396,10.098531,-0.7634370737872993,2.477815001548778,0.30351592717224884,-2.269291908723087,,,
HG00335,FIN,European Ancestry,Finnish,-1.1868818682071096,5.090889695555289,-6.226537,14.4660225,-0.6172605378871903,1.0578896269761706,5.292355295437383,0.3737302544356718,,,
HG00336,FIN,European Ancestry,Finnish,0.0811356800973203,5.445499699578207,-3.8850045,15.281724,0.47472098579623756,2.0950000972266247,3.110964603745131,1.1842858776386938,,,
HG00337,FIN,European Ancestry,Finnish,-1.4398910869564912,3.555032861252588,-3.0847578,13.334719,-0.9253027496682588,0.22378295458500364,3.315936523447375,-1.7992068309562823,,,
HG00338,FIN,European Ancestry,Finnish,-0.36136437547770744,3.742298215751213,-1.0440214,8.866397,-0.3284960940883476,0.5697018191729852,1.1709723873938425,-4.247065591289637,,,
HG00339,FIN,European Ancestry,Finnish,-1.133926385584088,5.14457979439652,-1.2682672,19.501373,-0.44624859258540533,2.133639090465095,0.8274730497997642,-1.5901900403646432,,,
HG00341,FIN,European Ancestry,Finnish,-2.5293796547271885,4.878986985833924,-8.014396,9.37003,-1.0947828464279261,1.0044900189213515,3.8310930265476655,3.3763314448100292,,,
HG00342,FIN,European Ancestry,Finnish,-2.623870036224185,4.745764830590185,-0.7695472,18.174683,-0.9904158149690057,3.0879688869527633,0.45057385512932935,-2.765162911622642,,,
HG00343,FIN,European Ancestry,Finnish,0.16409203897694147,4.316870592435302,4.0093956,15.155572,0.29842854069960556,1.9564635800568333,-2.4240761223697667,-0.7704049831426469,,,
HG00344,FIN,European Ancestry,Finnish,-0.49414281079012407,4.830679402754017,5.7088766,13.605428,-0.01105663306487914,1.9103725876966884,-1.7976696485625412,1.0210506272483546,,,
HG00345,FIN,European Ancestry,Finnish,-1.3527073480277338,4.377406458221815,5.7697773,10.801163,-1.4552218145874845,2.307290699445958,-0.7199121900363885,1.089855554720545,,,
HG00346,FIN,European Ancestry,Finnish,-0.836833169180672,5.035305891629358,-5.4614673,11.485003,-1.0622869911253343,1.5069866666824783,2.9512278631570283,1.390156140934238,,,
HG00349,FIN,European Ancestry,Finnish,-1.1355951113485394,4.562920602623487,-0.8175847,16.86099,-0.4869307032847547,2.712200206750065,0.49262525548786673,-2.199419356201903,,,
HG00350,FIN,European Ancestry,Finnish,-0.8092850738143955,6.549618080318534,-3.233314,18.925596,-0.4073836269364575,2.2731479426302856,0.35161626720793104,-2.423360289164571,,,
HG00351,FIN,European Ancestry,Finnish,-1.422753303553831,2.66351844252578,-6.3031244,9.492934,-1.4833145671361445,0.7714396760425678,3.0954289453319634,-1.53241881241067,,,
HG00353,FIN,European Ancestry,Finnish,-1.065873946609888,5.295881885130577,5.8415303,18.169584,-0.7552551987318264,1.9568246832714615,0.34703539737381656,-2.200870705871485,,,
HG00355,FIN,European Ancestry,Finnish,-1.827605517998879,4.192541441779561,-0.8781388,17.02553,-1.0605350249400263,0.9297358497725777,1.7541851473360455,-5.027067197188506,,,
HG00356,FIN,European Ancestry,Finnish,-1.0291211375998666,3.9846160980982894,5.011632,22.145956,-1.2566458326018657,1.7475203082812263,0.007077326349176405,-2.350664219614096,,,
HG00357,FIN,European Ancestry,Finnish,-2.194136954879501,4.760149334691267,-0.5941994,15.891936,-1.496655305487217,1.9701286101182198,0.45044072921000944,-2.3958397940094054,,,
HG00358,FIN,European Ancestry,Finnish,-2.120706995378229,5.252903049839834,0.075885944,22.071104,-0.8523255895722641,1.0198206197537472,0.6307791529385769,-4.255854827495621,,,
HG00359,FIN,European Ancestry,Finnish,-0.6748833587515908,5.217784434284065,-7.995239,13.02665,-0.3790161099769333,1.6238098117505193,4.114461941963343,-0.9961447210630263,,,
HG00360,FIN,European Ancestry,Finnish,-0.8811263965234979,2.745539757090306,-5.4013343,10.863597,-1.6132700731645677,1.3691038245097307,1.3517284794044537,-0.9989096134889531,,,
HG00361,FIN,European Ancestry,Finnish,-0.7626487282289356,5.351481822047556,-4.6032505,15.594552,-0.5876076578273662,2.4343146728641125,2.388974878564225,2.349581748848493,,,
HG00362,FIN,European Ancestry,Finnish,-1.5704190835554137,3.6499407580629173,-1.985631,15.678302,-2.4444944193119635,1.343800651766876,1.9746123039310333,-1.6630137735781942,,,
HG00364,FIN,European Ancestry,Finnish,-1.4568882485343757,4.357396148920575,-0.92985374,21.95969,-1.002768392870803,2.0238718371946587,2.0134505458759038,-6.173503864352937,,,
HG00366,FIN,European Ancestry,Finnish,-1.3184596513508484,5.957990016499782,-5.910083,16.063627,-0.9547834335398558,0.8283233927140567,5.398607494084672,2.7247135028349323,,,
HG00367,FIN,European Ancestry,Finnish,-0.796833628257241,3.0952067064868807,5.020678,10.541261,-1.032975722694338,2.125687969901349,-0.6350787359518912,-4.000081218432647,,,
HG00369,FIN,European Ancestry,Finnish,-0.8859192904861898,5.584480854083347,-3.6185431,17.821741,-1.166369535757839,2.394011971331371,-0.7369301280234853,-1.7878348356682767,,,
HG00372,FIN,European Ancestry,Finnish,-1.5300961964450548,4.965139282076853,-2.7315977,18.998087,-0.7057254934431256,1.778521168073994,1.8518947805464052,-2.5730837087382263,,,
HG00373,FIN,European Ancestry,Finnish,-1.5687956913273482,5.632295616340034,-0.6329084,20.306417,-0.7427475571778343,2.299292766244034,1.5584508725389856,-3.192566440118945,,,
HG00375,FIN,European Ancestry,Finnish,-1.9272589432789096,4.714140777707629,-0.932852,16.281397,-1.5435024692039478,1.8877038741491237,2.4592556398992786,-4.815942963412333,,,
HG00376,FIN,European Ancestry,Finnish,-1.3121330254455201,5.356289905846393,1.7220271,22.905663,-0.37865751576161766,0.9777949720500182,0.17157877794758192,0.2816909868869013,,,
HG00377,FIN,European Ancestry,Finnish,-0.884771593648964,1.3086525267243667,-2.4664347,21.69446,0.18656189528638334,1.8133162556340128,-0.10319513900278618,-1.6010099074375184,,,
HG00378,FIN,European Ancestry,Finnish,0.13947778964434887,3.437746366549183,-7.4628525,15.928247,-0.3625594568510367,0.703086473877702,4.128283433173503,-1.8621697759626903,,,
HG00381,FIN,European Ancestry,Finnish,-1.4200298845735562,3.7481111876048243,-3.4765341,11.499341,-0.34865229447237794,0.4140564618713103,7.3546115223839,1.5592209759221185,,,
HG00382,FIN,European Ancestry,Finnish,-0.8150243300397171,4.899525547220932,-5.9581757,9.965945,-2.25407465575133,1.1184696534313012,3.1291548284326,1.519784505657448,,,
HG00383,FIN,European Ancestry,Finnish,-1.6169066443656746,4.2246876913058635,-0.86518914,21.024015,-0.976433491153086,1.7119866330255862,-0.4305411532031194,-3.5170126194034825,,,
HG00384,FIN,European Ancestry,Finnish,-1.0327629553188737,4.654553555573108,-0.61848277,15.184418,-1.223921536957369,1.7826062155649438,-1.0126208712521374,0.4055936249742822,,,
HG00403,CHS,East Asian Ancestry,Southern Han Chinese,-5.754394345274045,-4.5424221189614284,-12.193291,-27.120754,-2.3882559656322373,-2.3409618959122875,,,,,
HG00404,CHS,East Asian Ancestry,Southern Han Chinese,-6.737662495900814,-6.837617434601527,-12.763669,-30.018238,-3.738718530022828,-3.6307099501595914,,,,,
HG00406,CHS,East Asian Ancestry,Southern Han Chinese,-5.653493985384156,-4.077791338232562,-13.084909,-21.502068,-2.1822633501018256,-1.2189293368678769,,,,,
HG00407,CHS,East Asian Ancestry,Southern Han Chinese,-6.555985400864117,-4.716085874395502,-13.138104,-22.998224,-2.9762494162642845,-0.5654372808857966,,,,,
HG00418,CHS,East Asian Ancestry,Southern Han Chinese,-6.150757023423807,-4.967252899942776,-17.376522,-25.805815,-3.02967406361729,-2.6248965605504813,,,,,
HG00419,CHS,East Asian Ancestry,Southern Han Chinese,-5.875975844966641,-3.674638977017966,-14.53711,-28.587042,-2.368489388199097,-1.7148839297641643,,,,,
HG00421,CHS,East Asian Ancestry,Southern Han Chinese,-6.6531703267148945,-6.349664842957185,-7.940851,-28.998972,-2.884234586983765,-1.663772061142978,,,,,
HG00422,CHS,East Asian Ancestry,Southern Han Chinese,-5.400387942707484,-4.901309156964152,-9.239949,-29.232386,-2.6480438673432527,-2.980726384102457,,,,,
HG00427,CHS,East Asian Ancestry,Southern Han Chinese,-5.3475047852763,-6.394580086790319,-17.356087,-25.782387,-2.491129956719184,-2.992748018627042,,,,,
HG00428,CHS,East Asian Ancestry,Southern Han Chinese,-5.635947370733888,-5.291672119502805,-7.323996,-31.318968,-2.4583059575123896,-2.189992284032232,,,,,
HG00436,CHS,East Asian Ancestry,Southern Han Chinese,-5.898925088729383,-5.841065679544356,-17.103533,-29.102457,-3.134899153198165,-2.979764193978249,,,,,
HG00437,CHS,East Asian Ancestry,Southern Han Chinese,-6.553268455409762,-4.6239566717436285,-6.5322604,-28.239574,-2.692331632266603,-1.2773918049139108,,,,,
HG00442,CHS,East Asian Ancestry,Southern Han Chinese,-5.777377649125075,-4.678278113559533,-10.605772,-28.837473,-2.7559184342859666,-1.858165224103673,,,,,
HG00443,CHS,East Asian Ancestry,Southern Han Chinese,-6.79580163637498,-6.132184602182277,-14.805927,-27.085798,-2.5971617237975773,-1.8183561798043195,,,,,
HG00445,CHS,East Asian Ancestry,Southern Han Chinese,-6.024336272399779,-4.800291668779164,-13.939688,-21.960785,-2.8056848108617904,-1.6622645204501065,,,,,
HG00446,CHS,East Asian Ancestry,Southern Han Chinese,-6.392485482729052,-6.110668211107389,-14.754294,-29.102943,-3.0534380298865385,-1.552824959175974,,,,,
HG00448,CHS,East Asian Ancestry,Southern Han Chinese,-6.330765375316668,-4.9241955731720966,-6.996619,-32.25616,-2.920939211944752,-0.9196242221852979,,,,,
HG00449,CHS,East Asian Ancestry,Southern Han Chinese,-5.684294998057366,-6.084173057932628,-8.751534,-21.031796,-2.8278413410544037,-2.4111088764637625,,,,,
HG00451,CHS,East Asian Ancestry,Southern Han Chinese,-5.840175703029935,-4.907900489355746,-12.105969,-28.53502,-2.303558915195123,-1.0797909681428677,,,,,
HG00452,CHS,East Asian Ancestry,Southern Han Chinese,-6.788111085962019,-5.641477597825989,-14.2439995,-28.552456,-3.6132471039261533,-2.2890062578858297,,,,,
HG00457,CHS,East Asian Ancestry,Southern Han Chinese,-6.364569149924954,-4.071588996569708,-12.427945,-35.424744,-2.564447931389866,-1.025857496203932,,,,,
HG00458,CHS,East Asian Ancestry,Southern Han Chinese,-6.071987412245422,-5.361727850882089,-18.2492,-26.464365,-3.236151837990132,-2.1107071043790984,,,,,
HG00463,CHS,East Asian Ancestry,Southern Han Chinese,-6.601532638262809,-5.588541251611839,-11.03344,-33.334366,-2.6988602480122053,-1.9236167691569928,,,,,
HG00464,CHS,East Asian Ancestry,Southern Han Chinese,-6.4189540601209085,-4.718600030217117,-11.678737,-19.972418,-2.938652239522564,-2.5949976833884882,,,,,
HG00472,CHS,East Asian Ancestry,Southern Han Chinese,-6.540997034311115,-5.557643210347913,-7.0061946,-30.339787,-2.5540873555480266,-2.2205338029764734,,,,,
HG00473,CHS,East Asian Ancestry,Southern Han Chinese,-6.785012981465213,-6.076836722061603,-16.801811,-28.166706,-2.348054209990454,-0.5100235977440857,,,,,
HG00475,CHS,East Asian Ancestry,Southern Han Chinese,-5.426550087717532,-5.107030272481556,-12.047398,-33.274113,-2.6211638141353366,-1.1631284692206276,,,,,
HG00476,CHS,East Asian Ancestry,Southern Han Chinese,-5.829103296404332,-4.5730960332436,-12.500383,-30.926546,-2.551065023678973,-1.1697878555223795,,,,,
HG00478,CHS,East Asian Ancestry,Southern Han Chinese,-6.334166898257507,-5.429390326426417,-10.930583,-33.574043,-2.622169632335712,-2.000644873170233,,,,,
HG00479,CHS,East Asian Ancestry,Southern Han Chinese,-6.737404141677642,-5.1734819322775865,-13.401346,-25.83838,-2.9722690686940156,-2.3771348529424836,,,,,
HG00500,CHS,East Asian Ancestry,Southern Han Chinese,-6.612464608522709,-6.4754718288741655,-5.755573,-22.605145,-3.5695904122559865,-1.9738449989203373,,,,,
HG00501,CHS,East Asian Ancestry,Southern Han Chinese,-6.082221645615203,-4.795965923626738,-1.7657245,-28.689589,-2.7766629617299756,-0.45192462765889774,,,,,
HG00512,CHS,East Asian Ancestry,Southern Han Chinese,-6.030666088396218,-4.6905089868073455,-1.7676437,-28.69097,-2.7766629617299756,-0.45192462765889774,,,,,
HG00513,CHS,East Asian Ancestry,Southern Han Chinese,-6.533681015618724,-5.038245673650716,-13.742567,-29.723412,-3.0998820787283305,-1.6741445464581566,,,,,
HG00524,CHS,East Asian Ancestry,Southern Han Chinese,-4.920991054381762,-5.156959844383963,-10.871004,-32.407158,-2.6294334504609997,-1.0846859014860342,,,,,
HG00525,CHS,East Asian Ancestry,Southern Han Chinese,-6.180360702997827,-7.4353686011775,-15.68806,-33.954117,-2.575851882263935,-1.2973519238250275,,,,,
HG00530,CHS,East Asian Ancestry,Southern Han Chinese,-6.823507397083825,-6.375546918851303,-12.913874,-27.252058,-3.032705255852009,-2.6186676689192785,,,,,
HG00531,CHS,East Asian Ancestry,Southern Han Chinese,-6.322758439868796,-6.353558794092986,-17.844557,-28.110596,-2.676884179516357,-2.8346048817825773,,,,,
HG00533,CHS,East Asian Ancestry,Southern Han Chinese,-6.629364899074433,-5.051336512698142,-14.116151,-28.426586,-2.9131903794925895,-1.3432081617341107,,,,,
HG00534,CHS,East Asian Ancestry,Southern Han Chinese,-6.744765218064579,-5.538433075061707,-16.769295,-28.518991,-3.320266258502956,-2.557841745699677,,,,,
HG00536,CHS,East Asian Ancestry,Southern Han Chinese,-5.872579808162206,-5.455162808385059,-17.326986,-30.63337,-1.6815776484085625,-0.5734040572916674,,,,,
HG00537,CHS,East Asian Ancestry,Southern Han Chinese,-6.0740699619059395,-6.9215038732081995,-12.822077,-31.853926,-2.6857137254940158,-2.2580929566473253,,,,,
HG00542,CHS,East Asian Ancestry,Southern Han Chinese,-6.981834421128248,-6.586050657900837,-12.286535,-27.470135,-3.5356300106891227,-2.944542539352211,,,,,
HG00543,CHS,East Asian Ancestry,Southern Han Chinese,-6.750390797195621,-6.126547692503613,-11.075505,-26.8507,-2.5046721417524074,-1.6372133252884145,,,,,
HG00553,PUR,American Ancestry,Puerto Rican,2.7780363266735257,-0.0024818935661752306,13.404954,0.1930929,1.9416881376919137,-0.32961536423526416,,,,,
HG00554,PUR,American Ancestry,Puerto Rican,-0.6749080313328214,3.201469604594817,2.4611208,17.223175,0.38650115852988587,1.1238279818905963,,,,,
HG00556,CHS,East Asian Ancestry,Southern Han Chinese,-6.544604920969027,-5.370202202614753,-16.749485,-27.63818,-3.508259391081614,-2.626235351612988,,,,,
HG00557,CHS,East Asian Ancestry,Southern Han Chinese,-7.1172086789368905,-6.9788454909711595,-10.256912,-32.24501,-3.110719458867835,-1.736090995422277,,,,,
HG00559,CHS,East Asian Ancestry,Southern Han Chinese,-7.388105173158671,-5.991987270354566,-9.095691,-25.855127,-3.482849723681861,-2.0362899277649547,,,,,
HG00560,CHS,East Asian Ancestry,Southern Han Chinese,-6.77881380973553,-5.741230693301781,-8.4609375,-27.916868,-3.7663286035435233,-3.194434729008881,,,,,
HG00565,CHS,East Asian Ancestry,Southern Han Chinese,-6.9747024887159075,-7.493140820220254,-9.603029,-28.0325,-2.9016074023775262,-1.47234592103705,,,,,
HG00566,CHS,East Asian Ancestry,Southern Han Chinese,-7.591813747435493,-5.419166166192034,-7.823775,-29.55857,-3.110898007404405,-2.405541493206358,,,,,
HG00577,CHS,East Asian Ancestry,Southern Han Chinese,-6.683899400407395,-5.168014946349703,-9.837298,-30.56635,-3.372506933470257,-2.697209925400255,,,,,
HG00578,CHS,East Asian Ancestry,Southern Han Chinese,-5.893007998083402,-5.026510149515059,-12.705322,-19.498316,-2.9139804731122574,-1.420529256892975,,,,,
HG00580,CHS,East Asian Ancestry,Southern Han Chinese,-7.489199492641989,-5.306077606346014,-9.628265,-26.224915,-3.2124252238781104,-2.1111663782290244,,,,,
HG00581,CHS,East Asian Ancestry,Southern Han Chinese,-5.84995249306877,-4.816417461044121,-12.691211,-19.513489,-2.9139804731122574,-1.420529256892975,,,,,
HG00583,CHS,East Asian Ancestry,Southern Han Chinese,-5.79114256865669,-6.43826606876427,-8.6325,-33.82668,-2.2277029756997417,-1.847229535696346,,,,,
HG00584,CHS,East Asian Ancestry,Southern Han Chinese,-7.1361573831203025,-5.977741801322943,-9.950743,-30.482893,-3.912235066979786,-2.2156957099203325,,,,,
HG00589,CHS,East Asian Ancestry,Southern Han Chinese,-5.298760622641417,-5.16866091551091,-15.316248,-27.649971,-1.5875510433630045,-2.582132995906912,,,,,
HG00590,CHS,East Asian Ancestry,Southern Han Chinese,-6.077178542705363,-5.017253972337673,-12.176199,-28.067772,-2.835262334082306,-1.3695489567833787,,,,,
HG00592,CHS,East Asian Ancestry,Southern Han Chinese,-6.703404194377436,-5.852666098990103,-11.376262,-29.777481,-3.2378797209455694,-2.8347154413469395,,,,,
HG00593,CHS,East Asian Ancestry,Southern Han Chinese,-6.469575687105236,-6.872623670560107,-7.379938,-27.038076,-1.9439661251348008,-1.7247240296375685,,,,,
HG00595,CHS,East Asian Ancestry,Southern Han Chinese,-6.575993997660689,-6.418849857454089,-9.470026,-30.95349,-3.292296350065972,-2.549819494538241,,,,,
HG00596,CHS,East Asian Ancestry,Southern Han Chinese,-6.619626928969502,-5.9969388433061335,-9.032641,-35.349827,-3.2017215722431045,-1.3205454221688204,,,,,
HG00607,CHS,East Asian Ancestry,Southern Han Chinese,-6.971145525380422,-5.011992745640691,-12.080648,-19.80465,-2.694099761439703,-1.4369618520008345,,,,,
HG00608,CHS,East Asian Ancestry,Southern Han Chinese,-6.593564105942965,-6.348724857984416,-12.489461,-25.658815,-2.290003440785118,-2.3678488166539804,,,,,
HG00610,CHS,East Asian Ancestry,Southern Han Chinese,-5.243754587697762,-5.215282309829369,-8.865652,-26.666565,-3.1420927374986247,-1.1647848788437343,,,,,
HG00611,CHS,East Asian Ancestry,Southern Han Chinese,-6.173175465466748,-6.264596419919447,-11.043588,-30.859476,-2.8008702375897387,-2.997539605877251,,,,,
HG00613,CHS,East Asian Ancestry,Southern Han Chinese,-6.0432453675140945,-6.21575602208526,-12.591056,-32.09863,-2.436888777042455,-2.4339160908967417,,,,,
HG00614,CHS,East Asian Ancestry,Southern Han Chinese,-5.586004321826449,-5.657000778792255,-15.731359,-32.380566,-3.3676571584692807,-1.3307933828194618,,,,,
HG00619,CHS,East Asian Ancestry,Southern Han Chinese,-6.954636450525907,-5.957264417691257,-8.361454,-28.844057,-3.2096550163670834,-2.2109660419351798,,,,,
HG00620,CHS,East Asian Ancestry,Southern Han Chinese,-5.904939181740437,-5.0892669797624,-9.154277,-35.54357,-3.562571565216765,-1.4314335904363604,,,,,
HG00625,CHS,East Asian Ancestry,Southern Han Chinese,-7.220290213877528,-6.121129628351986,-10.889323,-25.629944,-3.510042388262006,-1.8135382985311277,,,,,
HG00626,CHS,East Asian Ancestry,Southern Han Chinese,-6.470556375517118,-4.905216979483327,-6.925319,-30.444815,-2.990117724539762,-2.6966333112677603,,,,,
HG00628,CHS,East Asian Ancestry,Southern Han Chinese,-6.310665029906806,-5.220457794163905,-15.1178255,-25.059975,-2.662632751050291,-1.2727913338265147,,,,,
HG00629,CHS,East Asian Ancestry,Southern Han Chinese,-6.958919538225162,-4.3670194829913696,-9.81235,-26.683783,-3.3689443689889123,-1.5675592431861234,,,,,
HG00634,CHS,East Asian Ancestry,Southern Han Chinese,-6.359180770002576,-5.070418056740389,-11.22067,-24.779696,-3.0898271231329035,-2.2724381653245596,,,,,
HG00635,CHS,East Asian Ancestry,Southern Han Chinese,-5.591141430084628,-5.485468343468548,-12.534866,-19.624537,-2.570829041760322,-1.6049049951827654,,,,,
HG00637,PUR,American Ancestry,Puerto Rican,0.18812346890996434,2.726866160399259,2.5175295,9.932316,0.0011793821089621792,0.7813665974682422,,,,,
HG00638,PUR,American Ancestry,Puerto Rican,0.46765397923593066,1.0902587276902365,-1.2778478,1.2600054,0.09568165840371912,1.026207938190931,,,,,
HG00640,PUR,American Ancestry,Puerto Rican,-0.894027610704536,3.6746488773110757,2.912008,16.654434,0.08129678151974684,1.6531246976058078,,,,,
HG00641,PUR,American Ancestry,Puerto Rican,-0.1764178238205314,4.672318814302013,-6.9396024,11.435846,-0.34121889111263554,0.4650103625067501,,,,,
HG00650,CHS,East Asian Ancestry,Southern Han Chinese,-6.401953665752016,-4.306573375752369,-13.250671,-29.338717,-2.9091690457086976,-0.3292694593671244,,,,,
HG00651,CHS,East Asian Ancestry,Southern Han Chinese,-5.615404974807834,-6.0558169231851595,-11.317805,-34.217,-1.8132299362649151,-2.1583448011801862,,,,,
HG00653,CHS,East Asian Ancestry,Southern Han Chinese,-6.25136129490442,-6.636989477812821,-11.636199,-27.639416,-3.837949669213713,-2.5556606463900797,,,,,
HG00654,CHS,East Asian Ancestry,Southern Han Chinese,-6.089025916603321,-6.276124190399243,-9.650092,-31.521746,-2.9654251492779196,-1.6996283598950543,,,,,
HG00656,CHS,East Asian Ancestry,Southern Han Chinese,-6.666455165762148,-5.654316082847651,-16.447248,-32.207607,-3.4161700798028694,-1.6471453363785318,,,,,
HG00657,CHS,East Asian Ancestry,Southern Han Chinese,-6.070292896040163,-5.386372606572924,-15.877475,-32.056976,-2.8898976787362773,-1.9589946332559127,,,,,
HG00662,CHS,East Asian Ancestry,Southern Han Chinese,-5.814536037122421,-5.866938101501989,-10.060423,-27.492228,-2.9409009055433364,-1.7274519366307772,,,,,
HG00663,CHS,East Asian Ancestry,Southern Han Chinese,-7.0642312158268386,-6.312630543261789,-7.414742,-29.916609,-3.7885335405127565,-2.643465095033287,,,,,
HG00671,CHS,East Asian Ancestry,Southern Han Chinese,-6.819799805278468,-4.578624076494399,-6.830239,-25.001936,-2.7293297901763234,-1.5762879054640129,,,,,
HG00672,CHS,East Asian Ancestry,Southern Han Chinese,-5.279359802179064,-6.179762041259333,-11.937608,-29.669245,-2.252297081506038,-1.4280997368509607,,,,,
HG00683,CHS,East Asian Ancestry,Southern Han Chinese,-6.402075525934416,-6.819065730428076,-9.400922,-31.92445,-2.071275305567319,-2.7187192644934024,,,,,
HG00684,CHS,East Asian Ancestry,Southern Han Chinese,-6.226140894091188,-6.534165391657457,-9.016958,-28.169886,-3.0890722755112794,-2.4785362104127655,,,,,
HG00689,CHS,East Asian Ancestry,Southern Han Chinese,-5.172595761547322,-4.214961281524892,-6.354053,-28.396254,-3.2544236459577673,-0.7504970498146895,,,,,
HG00690,CHS,East Asian Ancestry,Southern Han Chinese,-6.163224819717495,-5.589472992358323,-14.825753,-26.96348,-2.771531672659701,-0.9411380741819491,,,,,
HG00692,CHS,East Asian Ancestry,Southern Han Chinese,-6.2932472529106,-4.5152813399177925,-9.210783,-28.75172,-2.7999241512155093,-1.346638471314746,,,,,
HG00693,CHS,East Asian Ancestry,Southern Han Chinese,-7.425746072496251,-5.295964137274566,-15.904498,-26.231295,-2.625666724169328,-2.403245943769223,,,,,
HG00698,CHS,East Asian Ancestry,Southern Han Chinese,-5.393339179483984,-6.049943432498426,-11.981943,-29.716146,-2.0106992510898856,-2.1818929574780355,,,,,
HG00699,CHS,East Asian Ancestry,Southern Han Chinese,-7.325058140276646,-5.897658577604079,-10.330852,-34.132187,-3.119147610087884,-2.534929397929395,,,,,
HG00701,CHS,East Asian Ancestry,Southern Han Chinese,-6.4314110230557,-5.036579312330336,-7.1448345,-24.927603,-1.789803989529766,-1.3277211635840294,,,,,
HG00702,CHS,East Asian Ancestry,Southern Han Chinese,-6.463424016687824,-4.99553398462485,-16.242619,-32.159794,-2.7589993075865236,-1.5161966920070524,,,,,
HG00704,CHS,East Asian Ancestry,Southern Han Chinese,-6.720741505600406,-5.367540447682619,-7.925658,-32.97464,-3.634246034171997,-2.3107870642324597,,,,,
HG00705,CHS,East Asian Ancestry,Southern Han Chinese,-7.114414783373883,-5.808379752489489,-17.021357,-27.995655,-3.2800655181827176,-0.9061308848194614,,,,,
HG00707,CHS,East Asian Ancestry,Southern Han Chinese,-5.7642919564624595,-5.1470533973533135,-12.678554,-28.744284,-2.201567983436556,-2.500039795272598,,,,,
HG00708,CHS,East Asian Ancestry,Southern Han Chinese,-7.070767950777789,-5.574781006061991,-15.907631,-25.627121,-2.655417700432891,-2.079795672170681,,,,,
HG00731,PUR,American Ancestry,Puerto Rican,0.11988840483389929,5.216452409316536,6.808688,17.090023,-0.4343230357936608,2.2175299202085603,,,,,
HG00732,PUR,American Ancestry,Puerto Rican,-0.17174950715906512,4.700872102607624,-7.196626,21.74008,0.1972559654430247,1.4702782250436193,,,,,
HG00734,PUR,American Ancestry,Puerto Rican,-0.31233302456340667,2.906190033359007,0.89594483,7.8517165,0.19991194588704464,1.0973833112803544,,,,,
HG00736,PUR,American Ancestry,Puerto Rican,-1.4614705829148082,4.540373431304295,-5.0241694,22.670734,0.6545757084147366,0.5082356822795793,,,,,
HG00737,PUR,American Ancestry,Puerto Rican,-1.3030135577887407,3.3607189310620984,-0.61833066,13.516402,-1.17296473664584,1.1396389318987499,,,,,
HG00740,PUR,American Ancestry,Puerto Rican,-0.32802397351433876,4.1526093428721556,-2.441175,5.7476807,0.1542181278099637,0.7845225652305974,,,,,
HG01047,PUR,American Ancestry,Puerto Rican,-0.8145299028154067,3.0544086029364177,-2.1308084,8.885016,-0.07411020783952993,0.5070351609118608,,,,,
HG01048,PUR,American Ancestry,Puerto Rican,-1.0302212886958029,1.9960557788906401,6.6368537,8.4651785,-0.733360649555989,0.6846291113783038,,,,,
HG01051,PUR,American Ancestry,Puerto Rican,-0.11345975192224567,3.190574945378668,7.172711,8.679704,0.6942817333126607,1.3188147890557245,,,,,
HG01052,PUR,American Ancestry,Puerto Rican,2.1354716058491676,1.9034893644390816,5.144351,4.0962915,1.4034885555336578,0.6711971409894633,,,,,
HG01055,PUR,American Ancestry,Puerto Rican,-0.9707209327651877,3.276819131705624,-0.34520856,5.376967,-0.9387909571999864,0.3574458397337983,,,,,
HG01060,PUR,American Ancestry,Puerto Rican,-0.1921323364022367,3.4326716773625474,-1.4719564,6.213812,0.8535944662960251,0.25621722686775006,,,,,
HG01061,PUR,American Ancestry,Puerto Rican,0.4711692850749547,4.105274691140494,8.755916,12.182761,-0.5595065775167204,0.5338565818147518,,,,,
HG01066,PUR,American Ancestry,Puerto Rican,-1.8585002604916459,3.911647826301026,3.7773294,5.743794,-1.235107414116471,2.001462172543697,,,,,
HG01067,PUR,American Ancestry,Puerto Rican,-0.4621219551738962,4.299685980987885,2.217348,11.517957,-0.26353385127224116,1.9264834486309987,,,,,
HG01069,PUR,American Ancestry,Puerto Rican,0.19605341283576005,5.148488356884317,10.278195,15.466168,-0.07722458702766832,2.2165509775086827,,,,,
HG01070,PUR,American Ancestry,Puerto Rican,-0.5205155494152555,2.4733742075561524,2.3006213,0.5184957,-0.44428021913248933,1.476908930337265,,,,,
HG01072,PUR,American Ancestry,Puerto Rican,-2.228732547774851,2.250192448130104,-1.7120023,5.848292,-1.3658221633837595,-0.3051782153540965,,,,,
HG01073,PUR,American Ancestry,Puerto Rican,-2.05746419389093,-0.18069143756235118,-2.0102997,-0.05104809,-1.3522978741863214,0.44439087237678687,,,,,
HG01075,PUR,American Ancestry,Puerto Rican,-0.6932686241139532,4.935169652623625,1.7342314,12.353457,-0.7490166622660208,1.9200188293773857,,,,,
HG01079,PUR,American Ancestry,Puerto Rican,-2.462834466253897,4.68589791427277,8.07209,12.95021,-1.4281190101152763,0.7304894370452828,,,,,
HG01080,PUR,American Ancestry,Puerto Rican,0.3992609706777397,3.8492692735208816,6.506351,8.532831,-0.08273049569225743,1.5597049887402075,,,,,
HG01082,PUR,American Ancestry,Puerto Rican,-2.8766428646540163,2.125274805893637,1.676924,-0.05036725,-0.6480353899996526,0.9525152969842323,,,,,
HG01083,PUR,American Ancestry,Puerto Rican,1.9427443163955802,0.7106822629825285,-1.6593004,5.7092505,0.8575406639848735,0.5035802258823061,,,,,
HG01085,PUR,American Ancestry,Puerto Rican,-0.9425574698604171,3.2034253329563303,4.530951,6.1977367,-1.0153997464782196,0.8309736168961501,,,,,
HG01095,PUR,American Ancestry,Puerto Rican,0.42520772781361327,4.531228685915146,8.112179,20.562193,-0.48910810309697567,2.6067450230366305,,,,,
HG01097,PUR,American Ancestry,Puerto Rican,-1.314712228625533,2.9474161785397532,2.6676965,8.92946,-1.5866769196914698,1.0594003604727318,,,,,
HG01098,PUR,American Ancestry,Puerto Rican,0.5671833170507521,4.336452219485392,-5.8875704,4.5971837,0.1594366605519928,1.1769573050147313,,,,,
HG01101,PUR,American Ancestry,Puerto Rican,1.2842276847705438,0.9554946107827496,5.1234646,4.1065955,0.14668943650262067,-0.6007046224485855,,,,,
HG01102,PUR,American Ancestry,Puerto Rican,5.141899625824367,0.07866498024633195,7.174476,7.1832023,2.2253874636869435,-0.810532031322575,,,,,
HG01104,PUR,American Ancestry,Puerto Rican,-1.2708455831168752,4.257384701739896,-0.6811333,11.065259,-1.3521358508094123,1.9869211070795585,,,,,
HG01105,PUR,American Ancestry,Puerto Rican,-0.484244578455452,4.580878473807346,10.033859,20.559093,0.4721531639906291,1.2255986493381146,,,,,
HG01107,PUR,American Ancestry,Puerto Rican,-0.2678963008848785,4.952779040086313,0.64422035,10.429265,-0.47198834692446207,2.5713062681526595,,,,,
HG01108,PUR,American Ancestry,Puerto Rican,7.908957916429493,-0.11750043041840463,14.016146,4.8012185,3.1643315140388424,-0.21016891122813686,,,,,
HG01112,CLM,American Ancestry,Colombian,0.33447407458529765,4.772200426145853,-10.986995,13.737619,-0.5584765127403108,2.0259341248771117,,,,,
HG01113,CLM,American Ancestry,Colombian,-1.2609701956197736,2.368086569939606,-6.419679,7.3284435,-0.560541379484699,1.360351807659089,,,,,
HG01124,CLM,American Ancestry,Colombian,-0.770031313007423,3.79651611584344,0.46859428,6.5346723,-0.1405433275481408,0.758815808628202,,,,,
HG01125,CLM,American Ancestry,Colombian,-1.4954574072322548,4.593665057192144,4.313272,9.490163,-0.9965695830283432,2.0132445431012034,,,,,
HG01133,CLM,American Ancestry,Colombian,-3.541672365384156,2.622790418616576,-4.907668,1.6159477,-1.9754014252612178,1.030236354418561,,,,,
HG01134,CLM,American Ancestry,Colombian,-1.0843596131633189,5.415595871614607,3.890223,13.052891,-0.7900521066876726,1.6205928687993374,,,,,
HG01136,CLM,American Ancestry,Colombian,0.954438103923406,2.0166897521420304,-8.489573,0.0047492506,1.198158103160354,0.8233549701411258,,,,,
HG01137,CLM,American Ancestry,Colombian,-2.2948347092909485,2.671154041773416,-7.345937,2.850394,-0.6198138836292387,-0.09606074336784332,,,,,
HG01140,CLM,American Ancestry,Colombian,-3.0275466350811997,2.011706854591792,-4.3198013,3.6302538,-1.4428459499989184,0.9632078775295001,,,,,
HG01148,CLM,American Ancestry,Colombian,-1.5366307729265831,4.842619930903576,-6.406823,7.9331436,-1.132744618013392,1.6710809694094795,,,,,
HG01149,CLM,American Ancestry,Colombian,-2.036033067676944,2.85203228677058,-6.4777656,6.4090343,-1.8448075916085347,0.5045153811016778,,,,,
HG01167,PUR,American Ancestry,Puerto Rican,1.7487628621325793,4.4772399153265185,6.8186617,5.274903,0.7406767639881848,1.5665853417022038,,,,,
HG01168,PUR,American Ancestry,Puerto Rican,0.42613072660476903,3.2113800043908065,9.858854,18.11742,0.31014420925192987,2.7493471598391688,,,,,
HG01170,PUR,American Ancestry,Puerto Rican,-0.1785446395598963,3.150446664694658,2.8073483,1.6557477,0.2396502262661626,1.6422521765373173,,,,,
HG01171,PUR,American Ancestry,Puerto Rican,-1.5866104894053952,3.091818104152103,2.1725364,0.38321453,-1.0936091689950438,-0.352823821443522,,,,,
HG01173,PUR,American Ancestry,Puerto Rican,-0.401553036717604,4.065866162297726,9.922417,10.688858,-0.5324378934393209,1.5448796444717043,,,,,
HG01174,PUR,American Ancestry,Puerto Rican,0.8331421822541281,3.951165379012986,7.0729823,7.380877,0.050539401574213216,1.630443888113391,,,,,
HG01176,PUR,American Ancestry,Puerto Rican,-0.3124554907817438,3.4743616544968483,-0.20392707,16.80066,0.4001212965292411,1.3295947914757777,,,,,
HG01183,PUR,American Ancestry,Puerto Rican,1.4095463131929673,5.25857099702205,7.616619,20.64048,0.6659592732298176,1.3784630042014654,,,,,
HG01187,PUR,American Ancestry,Puerto Rican,-1.9551746218141561,1.4395491956083255,-3.1487381,0.5063997,-0.5171788915367014,-0.10447204205973781,,,,,
HG01188,PUR,American Ancestry,Puerto Rican,2.840292709432911,1.469341185904561,-3.6675532,9.14033,1.3033355827955004,0.4053370370376417,,,,,
HG01190,PUR,American Ancestry,Puerto Rican,1.7654884412132232,4.493816822456589,6.8297334,5.2673607,0.9320029885760579,2.0546804741339773,,,,,
HG01191,PUR,American Ancestry,Puerto Rican,-0.09445788642504765,-1.4541815959358493,-1.4277415,1.3484411,0.11206571396100429,0.6591973037131833,,,,,
HG01197,PUR,American Ancestry,Puerto Rican,-1.5447565144379753,2.823987800698108,-3.9373994,3.4273496,-1.8602440766103505,-0.7257325889307928,,,,,
HG01198,PUR,American Ancestry,Puerto Rican,0.30687414141213454,2.8349998317764187,3.7337945,5.514896,-0.9610734786100936,1.3160856566028611,,,,,
HG01204,PUR,American Ancestry,Puerto Rican,-0.12098164273980522,4.768479422244838,9.984716,10.676799,-0.49329492206180475,2.0823024796318474,,,,,
HG01250,CLM,American Ancestry,Colombian,-0.5935830226144589,3.0297436775022386,3.593509,10.980037,0.3722796657638259,1.14435971362031,,,,,
HG01251,CLM,American Ancestry,Colombian,-3.147205490185155,2.885240791055109,-7.196753,1.9416202,-1.7580705646982728,0.5986430033377448,,,,,
HG01257,CLM,American Ancestry,Colombian,0.8708909557264488,3.364371988341301,4.6821394,6.3133583,-0.3184197705051898,1.8986563891871708,,,,,
HG01259,CLM,American Ancestry,Colombian,-0.18759651624708806,4.771054937311044,-1.712265,8.672095,-1.0947644299515618,1.4910360690299598,,,,,
HG01271,CLM,American Ancestry,Colombian,0.21620442590941624,4.652550226506586,1.3560032,9.712721,0.7678279127291618,1.0075904822891262,,,,,
HG01272,CLM,American Ancestry,Colombian,1.0083181890235127,0.2437578570011638,-7.136563,1.6582013,0.3872990899777067,-0.7962568140235646,,,,,
HG01274,CLM,American Ancestry,Colombian,-1.529671223297668,3.1568371584277006,-7.210384,0.88396513,-0.9927021754054595,1.0927112493199953,,,,,
HG01275,CLM,American Ancestry,Colombian,-1.1249269937194164,6.640971048173728,6.8921123,16.277622,0.45144618659946234,2.37269015022595,,,,,
HG01277,CLM,American Ancestry,Colombian,-0.6231316709275008,2.5250991083864207,-3.0308537,4.3690667,-0.15472284191103958,1.12466692326711,,,,,
HG01278,CLM,American Ancestry,Colombian,-1.791710457560002,4.378145197257734,-3.029581,4.443637,-1.3631011953944685,0.1443026038503885,,,,,
HG01334,GBR,European Ancestry,British,-0.8751470375634937,5.522859348635421,4.2414956,18.514027,-0.9034529319258987,1.7034316837738137,-2.6458181044643427,1.8036975531028376,,,
HG01342,CLM,American Ancestry,Colombian,1.0036774420780148,-0.3641736546543948,6.123532,0.8731657,1.6872593555777813,0.20764812828202728,,,,,
HG01344,CLM,American Ancestry,Colombian,0.2862711311865527,4.734958491180656,-7.820809,1.2676542,0.535200625156641,0.7202296288982939,,,,,
HG01345,CLM,American Ancestry,Colombian,-1.6003678701938417,4.14465049003633,-6.203992,7.668,-1.7331989625588644,1.6243638049892528,,,,,
HG01350,CLM,American Ancestry,Colombian,-1.4558807004238319,3.2766833470911862,-1.2945461,4.4417176,-0.7818306514225666,0.5177426519147101,,,,,
HG01351,CLM,American Ancestry,Colombian,-1.8280128876561736,4.037402868455811,-7.31666,3.4097006,-0.8550984126349419,-0.6696826250387615,,,,,
HG01353,CLM,American Ancestry,Colombian,-1.1338753373064727,4.656027495456436,-3.1844184,6.8542247,0.16234117913984625,0.23456555444474825,,,,,
HG01354,CLM,American Ancestry,Colombian,-1.5519897830299223,4.149445070667413,-5.1010036,7.1204247,-1.4701706598508744,-0.5208422127712491,,,,,
HG01356,CLM,American Ancestry,Colombian,0.3981470032634882,2.276817546205219,-8.294158,0.1196155,0.28810489385980576,0.11178815461794689,,,,,
HG01357,CLM,American Ancestry,Colombian,-2.0677557220686764,3.914521569272045,-4.494093,5.093773,-1.3392194453662536,0.9583645109999506,,,,,
HG01359,CLM,American Ancestry,Colombian,-0.2218826843781614,5.253100806830576,10.776639,12.560339,0.2797609505487856,1.143048755936455,,,,,
HG01360,CLM,American Ancestry,Colombian,-2.411964858639166,3.836251640131254,-6.460857,-1.225875,-0.8905178769111923,-0.06334505003301505,,,,,
HG01365,CLM,American Ancestry,Colombian,-2.155050397389397,1.5531073248703242,-0.682266,-1.0209141,-1.1676355368067326,0.8511726538581301,,,,,
HG01366,CLM,American Ancestry,Colombian,-0.3153008373894153,3.7847130750049223,-4.9329114,2.2525287,-0.7514597432912177,1.3708096214171843,,,,,
HG01374,CLM,American Ancestry,Colombian,-1.792365664789079,3.065195377444571,-5.3996835,0.79953545,-1.5362812064327176,-0.26028039997439745,,,,,
HG01375,CLM,American Ancestry,Colombian,0.5720725608228012,1.3352616417667322,0.05805295,3.2975092,0.7494004386637136,-1.0189825947408182,,,,,
HG01377,CLM,American Ancestry,Colombian,-2.48160141667186,3.451866225993974,-4.7961574,0.20643552,-1.1000977213600838,-0.201361044039567,,,,,
HG01378,CLM,American Ancestry,Colombian,-0.5709279962294794,4.409161108232137,-8.824296,6.2517476,-0.7968259873641292,1.0282364345796255,,,,,
HG01383,CLM,American Ancestry,Colombian,-1.4458065231631099,4.033466140545351,3.4800603,10.829262,-2.1626809951619586,0.8393733100129632,,,,,
HG01384,CLM,American Ancestry,Colombian,2.204857666458693,1.5942490443398647,-8.872755,6.012176,1.1308893195239762,0.26680721667343255,,,,,
HG01389,CLM,American Ancestry,Colombian,-0.9089328596229628,4.797545761609474,-4.611251,7.5341353,-1.7693211231586208,0.7403952881976195,,,,,
HG01390,CLM,American Ancestry,Colombian,4.165731830284969,0.04219198388890977,-5.8578553,2.4410133,2.672960911192863,-0.4427560884546913,,,,,
HG01437,CLM,American Ancestry,Colombian,-0.6165866326914595,3.2719832991529296,-1.706555,8.984871,-1.0155079028136424,-0.6066517928651605,,,,,
HG01440,CLM,American Ancestry,Colombian,1.0470962161552708,3.1292041629734464,0.88708943,-2.0373368,0.24024874915180994,1.2574557193931468,,,,,
HG01441,CLM,American Ancestry,Colombian,-2.0796938560950573,0.3440326973218948,1.7754023,2.2825744,0.09349498160658742,1.5389803597183487,,,,,
HG01455,CLM,American Ancestry,Colombian,-0.2537736299177179,4.2739573778178395,0.26531813,5.0572333,1.2762375306813214,0.9195443759269608,,,,,
HG01456,CLM,American Ancestry,Colombian,-3.1636252125189257,3.0320911223281533,-1.7795863,3.062775,-0.523374513027156,1.3451298072369218,,,,,
HG01461,CLM,American Ancestry,Colombian,-2.0152169214222657,1.4459883213312414,-2.6385584,-0.012286915,-0.43013477783763937,0.12512174023740807,,,,,
HG01462,CLM,American Ancestry,Colombian,-0.7459419918369214,1.764767122288898,-5.857064,1.6387032,-0.6176125641991959,0.4364917157060364,,,,,
HG01465,CLM,American Ancestry,Colombian,-2.365167097145732,5.178740607722692,-4.5308967,5.78796,-1.3323921497423705,1.5514382254262316,,,,,
HG01488,CLM,American Ancestry,Colombian,-1.1532340290647256,3.0542217330623544,-7.848011,4.646382,-1.2922594321507461,-0.10586627742696697,,,,,
HG01489,CLM,American Ancestry,Colombian,1.454512189984684,4.530475270835782,10.7123375,12.564856,0.9138994333452535,2.123025898604282,,,,,
HG01491,CLM,American Ancestry,Colombian,-0.8088650944932123,3.472069752673267,-4.3072867,5.749837,0.3696629920550216,0.26833756236884354,,,,,
HG01492,CLM,American Ancestry,Colombian,-0.11789347561450281,6.589837041079131,3.7977917,13.157917,-0.20035355466164756,2.309476133272192,,,,,
HG01494,CLM,American Ancestry,Colombian,3.0583721967730715,-1.1645870496324022,-0.35454997,2.535646,1.6414684449000523,0.12992099484512165,,,,,
HG01495,CLM,American Ancestry,Colombian,0.30627983843901374,3.0434438412594345,-1.4682791,4.0733147,-0.726088702302996,0.8341609344418897,,,,,
HG01497,CLM,American Ancestry,Colombian,0.40882520532480304,2.714883290923324,0.79378957,5.217174,0.7066774919600063,2.088323534191527,,,,,
HG01498,CLM,American Ancestry,Colombian,-0.6317071672935135,3.6827106308824584,6.091726,9.022638,0.2637439100248916,1.1577659517572512,,,,,
HG01515,IBS,European Ancestry,Iberian,-0.5444405945300796,5.423319095691122,10.860669,16.445026,-0.6489616750304379,0.7933854185962474,-3.689334511450474,1.4908022393010372,,,
HG01516,IBS,European Ancestry,Iberian,-0.8605429888936003,5.94741366032457,6.3943067,10.68967,-1.5292219903920183,1.234604629443827,-1.672260280876504,-0.7234189852456957,,,
HG01518,IBS,European Ancestry,Iberian,-1.9151272952754246,4.871665852102067,0.6898741,19.107082,-1.278451779004337,2.0135268885980833,-1.4545395894865047,1.7529350230679932,,,
HG01519,IBS,European Ancestry,Iberian,-1.2838401792247423,5.535106693740224,1.028838,11.099545,-1.093626049672176,0.9756131424947124,-0.5364075599022101,2.4828229812742664,,,
HG01521,IBS,European Ancestry,Iberian,-1.290686356112374,5.3918489479074845,2.980076,12.348239,-1.3037410186534721,1.8609973888107647,-2.0747932405254312,1.2349477271518727,,,
HG01522,IBS,European Ancestry,Iberian,-1.9884058577639967,5.415080186509942,5.5577574,13.162859,-1.3510053940091793,1.9887788827453798,-2.603872633448943,1.5311525419427152,,,
HG01550,CLM,American Ancestry,Colombian,-1.4924436753984762,3.7999904409145406,-5.20044,7.115858,-1.18881977527576,0.5194864325225768,,,,,
HG01551,CLM,American Ancestry,Colombian,2.7175463672955282,0.7410722124910407,9.59345,2.3944986,1.3137156204352074,1.0865410641266307,,,,,
HG01617,IBS,European Ancestry,Iberian,0.5165427506362095,3.3977561094495923,8.179259,16.471586,-0.5328145662397714,1.0033884698088598,-0.5853732683957663,-1.2241956556865663,,,
HG01618,IBS,European Ancestry,Iberian,0.10332117904203408,6.052456044985165,0.11609005,9.892982,0.164731559906248,2.0225249764543793,-2.208775197833322,1.8550050832263185,,,
HG01619,IBS,European Ancestry,Iberian,-0.8974866130333712,5.627708328318103,9.589938,20.12554,-0.5691108832632962,2.381057685521446,-3.562425181371929,0.16581559563763398,,,
HG01620,IBS,European Ancestry,Iberian,-1.1768659092468914,4.880221941650243,4.930487,17.136847,-0.528937673639553,2.487185785501829,-0.6966351002732174,-3.629636951866787,,,
HG01623,IBS,European Ancestry,Iberian,0.12353911992214739,6.208009044404079,-11.188036,17.321266,-0.0357100173306476,1.0162926754250243,0.8473406783223356,2.7431391377270793,,,
HG01624,IBS,European Ancestry,Iberian,0.784081159778302,6.853875673588267,6.0642743,23.695118,0.21919598157444653,2.7108502526297973,0.21027503266721992,0.402516892472769,,,
HG01625,IBS,European Ancestry,Iberian,0.41457729338792204,6.261777611677638,9.581244,20.09293,-0.2041554694798688,2.9153637447008816,-4.827465675589095,1.7613303067531203,,,
HG01626,IBS,European Ancestry,Iberian,-1.4521986065521566,4.818980233042565,0.77932155,16.383669,-1.0902060913366731,2.3961501999339685,-0.795258855285143,-4.494033429698988,,,
NA06984,CEU,European Ancestry,CEPH,-1.096697627845221,5.72299478558205,1.6653255,18.290497,-0.43178485528122046,1.6416774387130255,-1.2416330401684115,-0.15551242597397405,,,
NA06986,CEU,European Ancestry,CEPH,-2.285709532669094,5.562957589319572,-3.3738437,10.884111,-1.5751013243168202,2.187823904825299,2.505121516451214,0.8119747914732587,,,
NA06989,CEU,European Ancestry,CEPH,0.6436656612314016,5.503929642282146,5.098372,14.514838,0.15690178274946165,1.7546633973048473,-2.1596019759352303,-0.5969066804192473,,,
NA06994,CEU,European Ancestry,CEPH,-1.4746416032396226,6.118334270885366,0.13738962,13.61604,-1.3399142049216906,2.001430978535861,2.2943040179108385,2.3797861123454567,,,
NA07000,CEU,European Ancestry,CEPH,-0.4278384150506901,4.127992453270055,4.2644463,9.413816,-0.8946319780642391,1.37193636625272,-0.15421699060278837,-1.2709729597604635,,,
NA07037,CEU,European Ancestry,CEPH,-0.4600495530395379,4.900497298684142,4.8908005,15.669597,-0.547934130895815,1.7692330343688056,0.4130522555089544,0.48856171018227285,,,
NA07048,CEU,European Ancestry,CEPH,-1.5198741381375982,5.617569913492558,5.44112,21.075504,-0.42282693239742986,2.968887001985114,-1.1449949646851665,-0.7946863292840999,,,
NA07051,CEU,European Ancestry,CEPH,-0.027949318255929168,6.980720434316749,-4.9004354,22.514292,-0.48015232802696844,1.856892655996668,1.6176286872461525,3.143674192740581,,,
NA07056,CEU,European Ancestry,CEPH,0.0004007207233949206,5.753670911578504,11.6302,18.43931,-0.6774596262323154,1.1288815216905403,-0.9789261611752677,1.729681707687165,,,
NA07347,CEU,European Ancestry,CEPH,-0.7528268884303977,5.6472627325155855,-4.3554187,23.601791,0.158473255259458,1.4566818534798247,-0.5307918861607522,1.979441225870094,,,
NA07357,CEU,European Ancestry,CEPH,-0.42153051564287436,5.132117863606311,0.017826142,11.97724,-0.5652857795532025,2.222349724044502,-0.029494670319839694,-0.9568408431227738,,,
NA10847,CEU,European Ancestry,CEPH,-0.938905561549375,4.771351440850279,-1.9460428,10.505032,-0.40405306225772225,1.1362181622478864,1.8422608618322351,-0.05168883754227307,,,
NA10851,CEU,European Ancestry,CEPH,-0.4360441254168932,6.1030214772670925,-2.5884216,16.605988,-1.0085298661098268,2.35682046737186,-3.4879664879811076,0.5429923495382398,,,
NA11829,CEU,European Ancestry,CEPH,0.9643081225304972,6.489820971682854,6.288445,13.919916,0.16659824969439352,2.7900747784686573,-4.327539395959705,-0.6156054740217946,,,
NA11830,CEU,European Ancestry,CEPH,-0.08582438658888358,4.161241459972095,4.423619,16.577917,-0.7006261271252678,1.534428220525826,-2.602912439675066,-3.354937013123896,,,
NA11831,CEU,European Ancestry,CEPH,-0.2879584509990648,4.606840337997332,-2.133913,13.0024395,-0.3229657362842265,1.3531708676065077,2.778108911945953,-1.1444447104164974,,,
NA11843,CEU,European Ancestry,CEPH,1.2165566384496467,5.388014172880731,-8.2865095,14.892465,0.7843164045686457,2.506082084819681,0.41990593950059313,2.06752740952465,,,
NA11892,CEU,European Ancestry,CEPH,-1.3784990797676906,4.822452266860061,-8.792288,20.236675,-0.5038035690503618,1.1452622784148059,0.9037347463468214,1.491416500805468,,,
NA11893,CEU,European Ancestry,CEPH,-0.7357666521833772,5.716850420402143,-1.8877348,24.381947,0.1810966765152482,1.4070451630795708,-1.177445649199068,0.11111952587560657,,,
NA11894,CEU,European Ancestry,CEPH,0.022459404659901483,4.865274808691646,2.5146182,19.26175,0.8265999216203039,2.2518390232193037,-1.0715429804850707,-0.12491220506524063,,,
NA11919,CEU,European Ancestry,CEPH,-1.581732058021557,4.425080511697849,2.3760517,16.520014,-0.9191778975797621,1.328926135132009,-0.6817963047092348,-1.0139521231514073,,,
NA11920,CEU,European Ancestry,CEPH,-0.01298832827829055,5.772530374013435,4.8982177,11.918531,-0.06882218764319437,2.1272047972229298,0.12902318592212142,1.67980217779816,,,
NA11930,CEU,European Ancestry,CEPH,0.7299576510089292,4.899795962747696,0.62040734,11.300826,0.05814367335799764,1.197179023038007,-2.6677962236613166,2.0913239325689688,,,
NA11931,CEU,European Ancestry,CEPH,-0.7771207631862787,5.2806254670561215,-7.370356,14.362481,-0.17243459140816741,1.1365100764696077,2.616725565022686,-1.471605076173889,,,
NA11932,CEU,European Ancestry,CEPH,0.1565401810601308,6.234416207189002,-3.8183696,14.952034,-0.7915228177384389,2.159743077679386,0.3872205829493818,-0.20007508435733576,,,
NA11933,CEU,European Ancestry,CEPH,-0.016852959172541038,6.129979867597748,-7.4922943,14.346525,-0.4993137228982116,2.2978844554741293,3.0606741510401663,0.6037118040155237,,,
NA11992,CEU,European Ancestry,CEPH,-1.305309700124988,2.851127805371323,-2.4856136,11.334384,-1.27541071852536,0.55806036275593,0.4910244849711192,0.03729327459509357,,,
NA11993,CEU,European Ancestry,CEPH,0.03541798584746947,5.558026020491481,4.117851,14.971286,-1.08891837639531,2.487179049033575,-2.076493121497676,-1.5781199804448598,,,
NA11994,CEU,European Ancestry,CEPH,-0.9048518898928861,4.321628021599623,-2.0702171,23.009573,-0.9863411417746581,2.5251880306799896,0.03148766373565253,-1.9808356694117046,,,
NA11995,CEU,European Ancestry,CEPH,-0.6504582268290096,4.963520059643955,3.413965,6.587331,-0.321601172466759,1.6100690349814484,2.987432920361343,0.7332834918532329,,,
NA12003,CEU,European Ancestry,CEPH,0.7779728783874251,5.850008191555078,5.586341,13.511052,-0.3981290879099024,2.6212349146588734,-2.408058724895142,-0.7958419126410525,,,
NA12004,CEU,European Ancestry,CEPH,-0.16532572831050896,5.1610713162036514,4.3452597,20.002522,-0.8211649802503618,1.118619159384797,-1.6375436550993479,0.3029417855746248,,,
NA12006,CEU,European Ancestry,CEPH,-1.3254252477894575,5.044944825538547,-1.1371943,12.165933,-0.8607662961084834,2.098364390058105,0.7181149614492902,-2.847742320316031,,,
NA12043,CEU,European Ancestry,CEPH,-1.1771539260107458,4.293262584967797,7.4658732,10.290369,-0.15478143530456412,1.6860569371112324,0.21999036195261368,-2.5898946819249264,,,
NA12044,CEU,European Ancestry,CEPH,-1.3178683477178157,4.709943153638396,2.2861,16.374943,-0.8656308272191133,1.6859120441723563,-0.40995908851966495,-3.1301956020111565,,,
NA12045,CEU,European Ancestry,CEPH,-0.13798254060450088,3.9789767523568536,1.6828343,14.210341,0.03892066191418864,0.7997432476120216,-0.24693873724139895,-0.3714697113161709,,,
NA12046,CEU,European Ancestry,CEPH,-1.2336795144226462,5.864435007748403,1.2602271,13.155796,-0.8425690211271651,2.5714216266608423,0.25524614504285875,1.9108212566969929,,,
NA12058,CEU,European Ancestry,CEPH,-0.20744040411088516,5.722440923649718,-5.8509016,13.203595,-0.08648448681685594,1.9025876014374163,2.908272620928052,2.1608954489279717,,,
NA12144,CEU,European Ancestry,CEPH,-0.946252855465972,5.340436828986863,-4.6936736,19.768194,-0.05254057923298172,0.3671618481075085,2.166216051223127,1.760955146791559,,,
NA12154,CEU,European Ancestry,CEPH,-0.35768026127062286,5.698555448739137,8.128693,14.506555,-0.31191281007234506,1.145889669122349,-2.125374919604216,0.6905359694540723,,,
NA12155,CEU,European Ancestry,CEPH,-1.237303207133785,4.847011555024342,7.4153123,18.252419,-1.2720597108486968,0.658653023803129,-3.899424137184227,3.6697100338552375,,,
NA12249,CEU,European Ancestry,CEPH,-0.4336861378043451,6.482203618400076,-7.7760706,18.009508,-0.34443625594534705,1.9848819325098046,2.740058919737252,3.4448371186008764,,,
NA12272,CEU,European Ancestry,CEPH,-0.7684611335418092,4.8530860461130425,0.38077816,10.586418,-1.7817741498840436,1.321564471760764,0.30825541582981486,1.1852565273196884,,,
NA12273,CEU,European Ancestry,CEPH,-1.1485428860795581,5.811188807889511,-0.2968952,12.666997,-1.9676907312816472,2.04283494838371,-1.5879107612216043,-0.29043962001741563,,,
NA12275,CEU,European Ancestry,CEPH,-1.0367531709746667,4.7350665961001255,-0.023352368,14.356933,-1.064234696876707,1.4396876890537758,-0.012333349934438038,-0.9283413504286202,,,
NA12282,CEU,European Ancestry,CEPH,-0.11723884126368322,5.946053222013359,3.4093869,16.629059,0.03740463054358656,1.7809280939394452,-2.2781799940421887,-1.709253109490166,,,
NA12283,CEU,European Ancestry,CEPH,-0.6292640812231524,4.388363765594197,-2.0595813,14.748209,0.3783784330250639,1.657789887856124,-0.21652174767451648,3.4174574580011523,,,
NA12286,CEU,European Ancestry,CEPH,-1.6333750784329224,4.187945422863326,2.647384,15.373733,-0.7689402426807425,1.113396510235951,-1.64183682000793,-2.189039000858457,,,
NA12287,CEU,European Ancestry,CEPH,-0.8084284621880131,4.249055709337112,-2.5039458,8.655843,-0.13757974684732677,0.9701401884905354,4.286346505995886,1.9889460813414854,,,
NA12340,CEU,European Ancestry,CEPH,-1.7058351211610867,3.526544064063066,-2.5574734,10.199116,-1.0096871140542139,1.1920022883176102,1.4367624413795184,0.9665828974590476,,,
NA12341,CEU,European Ancestry,CEPH,-1.723229999704583,4.967991515998396,2.8042424,17.725418,-0.921443829993886,1.9684981231717988,0.24954374475991697,-2.879072425631251,,,
NA12342,CEU,European Ancestry,CEPH,-0.19199263820236379,4.453604257093506,-1.2398432,11.795814,-0.3481061980063896,2.7124156776708763,1.5763822202963378,-2.9876379810825093,,,
NA12347,CEU,European Ancestry,CEPH,-0.45317617447990166,6.3201521079953835,3.3099866,17.665653,-0.15676049491305177,2.4497150578715257,-2.7353261085343195,0.7227429857473613,,,
NA12348,CEU,European Ancestry,CEPH,-1.1204140956328448,5.253681631108861,-1.2557231,16.417093,-0.2094744786776936,2.009847225633335,1.3638576015632276,-0.6412844871501137,,,
NA12383,CEU,European Ancestry,CEPH,0.001000242605886048,4.865538372308081,4.228109,11.242098,-0.012441147592746726,1.7579620782491268,-2.4639658272400355,2.0446142168508223,,,
NA12399,CEU,European Ancestry,CEPH,-1.5563689513616377,5.318843580178968,-5.121532,16.55071,-0.7128651978032795,1.7937375541666203,1.7101601332009893,0.7899578467191951,,,
NA12400,CEU,European Ancestry,CEPH,-0.08265883624385811,3.7436208920626495,6.0161104,11.801566,0.26066398450647577,1.4980736425110441,-2.5504939044542283,-2.013661365420038,,,
NA12413,CEU,European Ancestry,CEPH,-1.486074691993446,4.533985480958021,-0.87452716,14.72441,-1.129590361852634,2.161110969606604,2.122538778265681,-0.6527591027092943,,,
NA12489,CEU,European Ancestry,CEPH,-0.5966491954004417,5.99367048102821,-1.7582024,12.956375,-0.26020888773923073,1.3176879892257976,0.4011407458585334,-1.105381642179312,,,
NA12546,CEU,European Ancestry,CEPH,-0.3953476186701248,3.9899188569787847,-5.170402,14.858544,-0.38435533379775544,0.9325724807740212,3.6912632414172575,-0.35059012354814084,,,
NA12716,CEU,European Ancestry,CEPH,-1.1247454528178467,5.146129217904182,0.65080637,10.956937,-1.5050660158365723,2.187293575719596,-0.9096326840655675,1.5111858260438866,,,
NA12717,CEU,European Ancestry,CEPH,-0.3842487925779261,6.593516441668041,-2.6812148,15.407402,-1.3304715203756938,2.359230359796017,0.9630552732429529,2.063115241390267,,,
NA12718,CEU,European Ancestry,CEPH,-1.6295930024310512,6.134955336891806,-1.7425348,14.484722,-1.2516208939516273,1.9018308124192003,0.12298807097402153,2.951470426120283,,,
NA12748,CEU,European Ancestry,CEPH,-2.1174062809585,5.013200675352683,-0.0708535,23.466204,-0.38398355778534865,1.7247829563499586,0.01285993633049259,-3.7375537977929594,,,
NA12749,CEU,European Ancestry,CEPH,-1.2651017223963752,6.475909055256702,3.9706407,15.684929,-0.2768468511183624,2.0810680624595284,-1.1516554569027548,-1.985915623461424,,,
NA12750,CEU,European Ancestry,CEPH,-1.1948278405687858,4.859887321550189,6.1130033,18.221605,-0.8491459183304706,2.340936399207681,-1.0763454091867954,-2.203015061353351,,,
NA12751,CEU,European Ancestry,CEPH,-0.5768711090012759,6.329282359893662,-5.6313596,19.805334,-1.0091210737764453,1.7204682429116027,1.1795888499305252,3.0663466665383834,,,
NA12761,CEU,European Ancestry,CEPH,-0.8391568809020737,6.249398869612529,2.9492044,17.500473,-0.8810591846677002,1.849673348192308,-1.7400356961280676,-0.512490027737519,,,
NA12763,CEU,European Ancestry,CEPH,-0.709269685607532,5.508867278963596,-1.9411062,24.51414,0.23472051015639195,2.0683431419856833,-0.003191763461518192,-1.5617747500916683,,,
NA12775,CEU,European Ancestry,CEPH,-0.13832564570201095,5.305447864307871,3.5443046,12.05454,-0.04228257833961513,1.5002309889636107,-2.337955678750518,1.4831341084370193,,,
NA12777,CEU,European Ancestry,CEPH,-0.4600192823536081,5.481787619444581,0.828935,18.153425,-0.44541339353048187,2.4648396867773648,-0.21473502034226016,-1.2460467543662153,,,
NA12778,CEU,European Ancestry,CEPH,-1.5897881360771318,5.247794090771193,-8.089256,12.153608,0.042915575542003204,1.9430879181629332,3.1265125695060076,3.0860364208614817,,,
NA12812,CEU,European Ancestry,CEPH,-0.9801937167951974,5.311207541026815,-0.21508865,14.54928,-0.3948532259882977,1.8000444319072633,-0.07700351507122662,-0.8743996781254386,,,
NA12814,CEU,European Ancestry,CEPH,-0.2887453884503437,4.463933370897024,-3.5792708,14.175579,-0.011015132228975988,1.9610777780138449,2.903154796080957,0.07275219437625316,,,
NA12815,CEU,European Ancestry,CEPH,-0.35942231845733896,4.864336901119557,6.2165427,14.856136,-0.9179758292987725,2.4889620447529364,-1.243400796676719,0.6813288044824465,,,
NA12827,CEU,European Ancestry,CEPH,-1.0914186437192366,6.11268219347139,7.854489,9.779584,-0.992118517108894,1.408870326787105,0.9391857230322752,-1.4385204586625577,,,
NA12829,CEU,European Ancestry,CEPH,-0.10192422173646332,4.1222687605365085,9.376325,8.127348,-1.2119891455731324,1.711789505151818,-1.6927957303660124,0.10023380389387028,,,
NA12830,CEU,European Ancestry,CEPH,-0.9251459160120583,6.633448636722018,3.6371727,18.930128,-0.8301922184503692,2.1535337762635343,-1.7996651669450583,0.2656193959383695,,,
NA12842,CEU,European Ancestry,CEPH,-2.1206070182401486,5.096093015811176,3.2031324,16.22758,-1.069338352601188,2.630749944580896,-2.3100022127968143,-0.6133429750461944,,,
NA12843,CEU,European Ancestry,CEPH,0.16968333425624016,5.371933740655436,-6.1469307,18.36767,0.8372450758310328,1.5988083040052505,-0.5324147685888568,0.45956131825066804,,,
NA12872,CEU,European Ancestry,CEPH,-0.6861486440633013,6.318933559321968,3.1176662,14.071681,-0.9982580001906711,2.070654782239907,-0.2913936331446238,1.2857486221787167,,,
NA12873,CEU,European Ancestry,CEPH,-0.624564979440529,4.511407555005572,-4.860203,9.507818,-0.18196787009408927,1.8894111413432029,1.5887392254520916,0.6090631821394471,,,
NA12874,CEU,European Ancestry,CEPH,0.17017334197182954,3.3715327663513275,1.9602001,7.7756047,-0.45832587233764194,2.012283717762093,-0.2508301845332032,-2.307173777988369,,,
NA12889,CEU,European Ancestry,CEPH,0.5098402078357764,4.9526594013385425,-6.639563,12.681793,0.9682630678423305,1.994315671303031,2.692597983165592,4.303476908071766,,,
NA12890,CEU,European Ancestry,CEPH,-0.11691160164648273,3.193586443513576,6.10885,11.769221,-0.44359025747593983,1.3828406435182652,-1.8470061822710315,-1.3235564920331795,,,
NA18486,YRI,African Ancestry,Yoruba,10.178122174562068,-3.47147500058255,24.878704,0.60719615,4.814885116618886,-1.2908459500957479,,,0.9606931753280211,-1.4562898934567587,-0.35860354011168566
NA18487,YRI,African Ancestry,Yoruba,11.105714162697378,-4.712528515692443,23.817032,-0.18393074,4.716831292868305,-2.180374137618954,,,2.4686713057994547,-2.3815467223349978,0.9268953273322127
NA18489,YRI,African Ancestry,Yoruba,10.126581021360161,-4.590596197263747,21.062147,-1.3747509,4.802926987390667,-1.7388316834568975,,,1.7772804922529981,-1.1431610094957068,1.161960422709272
NA18498,YRI,African Ancestry,Yoruba,9.985154364190489,-4.082153433161362,22.47011,-1.7544229,4.510038497269955,-0.32745126660679036,,,1.0806095954702586,-2.7938938705717695,-0.18024833968391016
NA18499,YRI,African Ancestry,Yoruba,9.322632127019896,-4.5619646777253715,23.674994,0.656095,4.46814761703578,-0.7609594914537872,,,0.7535087267963738,-2.551133981687452,-1.2263275102576368
NA18501,YRI,African Ancestry,Yoruba,10.700503263817048,-3.633482420680923,26.38807,-0.07317781,4.466087261027526,-1.1798443426864864,,,1.4276206543030843,1.9631349822061221,-0.0779909746124166
NA18502,YRI,African Ancestry,Yoruba,11.280811817436817,-4.448838384792453,21.610527,-2.1043136,5.295422577229686,-1.1694122694766547,,,2.665798039601079,-1.5408882633285992,0.84417120951208
NA18504,YRI,African Ancestry,Yoruba,10.918201042451066,-4.681521415770468,22.279072,-5.1968737,5.926249074530492,-2.0549994628795836,,,2.1954352432802877,-0.8720320232209016,0.5658758924142556
NA18505,YRI,African Ancestry,Yoruba,10.584377845228456,-2.9469902980973286,26.189411,-1.9798793,4.203868568567532,0.424953121136892,,,0.9883876055617219,-3.0174174381479886,-0.5623808741186422
NA18507,YRI,African Ancestry,Yoruba,12.271992547932186,-3.909654580481802,25.86411,0.65114003,5.627464251941643,-0.7797173486306388,,,3.1751773700578023,-3.6220304028957084,-0.5092655625662794
NA18508,YRI,African Ancestry,Yoruba,10.78477341533159,-3.0388060180050287,22.47096,-1.8118807,4.37975561700461,-0.6823585974037409,,,1.6028398685230199,-3.047682298173233,-0.25616242947557094
NA18510,YRI,African Ancestry,Yoruba,10.267849542218574,-4.146111196285701,28.646828,-3.6828055,4.996586106478568,-1.8707792893763013,,,2.7419745011470233,-5.142613589346588,0.7586925483840836
NA18511,YRI,African Ancestry,Yoruba,9.99023915710515,-4.292479056065951,23.582783,-4.112862,5.12469303541583,-1.0680190923736923,,,1.4482206195713014,0.35534099473911535,0.06245042388506256
NA18516,YRI,African Ancestry,Yoruba,10.006029880085443,-4.514946028597582,21.741972,0.12348983,4.425728697327925,-1.005516426075538,,,1.2953267726234643,-3.374899048082814,0.4232531369075962
NA18517,YRI,African Ancestry,Yoruba,10.692924625359383,-3.8184224475564443,23.350756,-3.7753325,5.494031072499847,-0.950409592244057,,,0.7655364993410879,-1.6085390166852986,0.7715215710601943
NA18519,YRI,African Ancestry,Yoruba,10.72059941108155,-3.8603595567436466,28.057213,-0.041462258,5.396420129823461,-1.1535223369526997,,,1.8272233419508521,-1.8460585701620238,0.6599384466795023
NA18520,YRI,African Ancestry,Yoruba,11.14906233533267,-4.073496987416482,23.271887,-0.18041958,6.244498099494568,-2.1542976093590487,,,1.9856660219307858,-2.116038450304036,-2.289571595092899
NA18522,YRI,African Ancestry,Yoruba,10.367551082678354,-4.193984547015668,22.41156,-0.46393648,4.6950446915974595,-1.2606171575745937,,,1.6596267102204083,-1.9753038946521513,-2.479800129408426
NA18523,YRI,African Ancestry,Yoruba,10.430053297786102,-5.279205975103127,20.753014,-2.026027,4.610082026901459,-1.7493536957002833,,,1.9895129573059709,-1.2215393622124333,-3.2375861184918406
NA18525,CHB,East Asian Ancestry,Han Chinese,-7.060540465378846,-3.9066840093462174,-7.625772,-23.542599,-3.426672378521939,-2.265041440721665,,,,,
NA18526,CHB,East Asian Ancestry,Han Chinese,-6.7592144254761095,-6.23485403045938,-13.804891,-31.180105,-3.573716135150934,-2.489928984381776,,,,,
NA18527,CHB,East Asian Ancestry,Han Chinese,-5.352947599608553,-4.848478854616167,-9.374308,-23.264826,-2.977248817238203,-1.5771265188006058,,,,,
NA18528,CHB,East Asian Ancestry,Han Chinese,-5.3834168498935195,-3.411780356506452,-7.786208,-22.689636,-3.1867101063465313,-1.415056964698917,,,,,
NA18530,CHB,East Asian Ancestry,Han Chinese,-7.14743260650088,-6.356430069996613,-13.122598,-32.11265,-3.7219665993543787,-2.450790956091006,,,,,
NA18532,CHB,East Asian Ancestry,Han Chinese,-5.82840044351161,-4.826898748124367,-9.666792,-31.481544,-1.9920972580528669,-1.6821882296217323,,,,,
NA18534,CHB,East Asian Ancestry,Han Chinese,-5.075680396461523,-4.801110505044696,-10.54826,-29.00748,-2.177920262502825,-0.21705931808323053,,,,,
NA18535,CHB,East Asian Ancestry,Han Chinese,-7.732801645797185,-6.35405459754043,-9.64973,-31.537922,-2.8253747509143894,-2.8314643183595045,,,,,
NA18536,CHB,East Asian Ancestry,Han Chinese,-6.6277112162953795,-6.88125653647793,-12.249278,-29.899448,-2.9621192365895492,-2.4578887882691642,,,,,
NA18537,CHB,East Asian Ancestry,Han Chinese,-5.838880334728749,-4.516152056683388,-13.637332,-28.834326,-2.3680577702092016,-1.4276385459546503,,,,,
NA18538,CHB,East Asian Ancestry,Han Chinese,-5.679776584346008,-5.957704389335674,-11.197966,-32.18672,-1.794179496302691,-1.7642404160387204,,,,,
NA18539,CHB,East Asian Ancestry,Han Chinese,-5.710546148941161,-6.025320036337113,-12.0053005,-31.850183,-2.397587417242182,-1.8166779659825933,,,,,
NA18541,CHB,East Asian Ancestry,Han Chinese,-6.336401359572765,-3.837812479085975,-10.05823,-26.494877,-2.558554582849987,-0.9244858520909394,,,,,
NA18542,CHB,East Asian Ancestry,Han Chinese,-7.065496935500166,-5.581368176446214,-10.669208,-29.238667,-3.357766178365573,-1.718748141043946,,,,,
NA18543,CHB,East Asian Ancestry,Han Chinese,-6.502618925641846,-6.02588777187293,-12.909677,-28.527811,-2.698621419008533,-2.959694101356277,,,,,
NA18544,CHB,East Asian Ancestry,Han Chinese,-6.506514835452947,-3.762449987915061,-4.42392,-30.897684,-2.8447556154391496,-0.9359902611730164,,,,,
NA18545,CHB,East Asian Ancestry,Han Chinese,-6.75285103456909,-6.159662699099184,-10.824302,-28.299515,-2.5429924155090875,-1.1243445883323417,,,,,
NA18546,CHB,East Asian Ancestry,Han Chinese,-5.755107147787616,-5.701824493422365,-13.681647,-31.139124,-2.408580546699514,-2.9111440680161564,,,,,
NA18547,CHB,East Asian Ancestry,Han Chinese,-5.7923638355607,-6.575798413458517,-10.91312,-26.960506,-2.8421118449021368,-2.2442910903401363,,,,,
NA18548,CHB,East Asian Ancestry,Han Chinese,-7.143971603825275,-5.509399494925272,-9.5090275,-26.102686,-2.803748194097218,-0.8168707410456704,,,,,
NA18549,CHB,East Asian Ancestry,Han Chinese,-7.185825577315223,-5.146560494575371,-9.521795,-29.663319,-3.6185446366706726,-2.492608726641482,,,,,
NA18550,CHB,East Asian Ancestry,Han Chinese,-6.261268085720408,-5.679145559512764,-9.240561,-29.96209,-3.7883862191370508,-1.6990073832205126,,,,,
NA18552,CHB,East Asian Ancestry,Han Chinese,-6.985876015373762,-5.237018179786442,-5.317583,-26.489418,-2.409670702289327,-2.1721991261643163,,,,,
NA18553,CHB,East Asian Ancestry,Han Chinese,-6.216785765934567,-4.896828841407047,-7.0869117,-27.865376,-2.699529819785093,-0.7657005404471833,,,,,
NA18555,CHB,East Asian Ancestry,Han Chinese,-5.395703571404249,-5.446417509539663,-9.846626,-25.711082,-2.6953865713072362,-1.776028712403591,,,,,
NA18557,CHB,East Asian Ancestry,Han Chinese,-5.3805287970786395,-5.866459398517432,-3.1799517,-31.263563,-3.0032772093946276,-2.3828866876556187,,,,,
NA18558,CHB,East Asian Ancestry,Han Chinese,-6.349296657423565,-5.0586251687316315,-9.800735,-24.749887,-3.775416210174366,-2.4566919725134504,,,,,
NA18559,CHB,East Asian Ancestry,Han Chinese,-5.759084317777203,-6.846622296828973,-12.629429,-33.861942,-2.4894813374616245,-2.557067528677467,,,,,
NA18560,CHB,East Asian Ancestry,Han Chinese,-6.5401635981314,-5.30850286665068,-8.394391,-30.707418,-3.864451336438811,-2.1790911557069084,,,,,
NA18561,CHB,East Asian Ancestry,Han Chinese,-5.896844898071807,-4.814480774537464,-9.283918,-28.99235,-2.418712913394349,-0.8036523097510964,,,,,
NA18562,CHB,East Asian Ancestry,Han Chinese,-5.4843363423324245,-5.708947601062522,-14.340922,-23.445248,-2.0363899990011323,-1.633439565316026,,,,,
NA18563,CHB,East Asian Ancestry,Han Chinese,-6.897801323880749,-6.347383395035281,-16.022644,-28.042713,-2.956859494886806,-2.516935641030514,,,,,
NA18564,CHB,East Asian Ancestry,Han Chinese,-5.126656694751507,-4.2988285805273625,-4.3573813,-33.336994,-2.477895521889588,-2.7143218131218623,,,,,
NA18565,CHB,East Asian Ancestry,Han Chinese,-6.457020150453031,-5.9267426743363165,-12.574854,-28.599588,-2.916116800326871,-2.6790486974356362,,,,,
NA18566,CHB,East Asian Ancestry,Han Chinese,-7.0852636863048915,-6.2237236645594,-7.6589746,-27.211277,-3.0364726435959124,-2.45558030881108,,,,,
NA18567,CHB,East Asian Ancestry,Han Chinese,-5.95004673020131,-6.597467225773932,-6.2658362,-29.11088,-2.7968924184393993,-2.0806304209601514,,,,,
NA18570,CHB,East Asian Ancestry,Han Chinese,-6.562342205520556,-5.934129008477046,-11.882931,-26.575674,-2.832548211735805,-2.465677144373558,,,,,
NA18571,CHB,East Asian Ancestry,Han Chinese,-6.7238202716203155,-4.564000738850358,-9.534529,-26.810877,-2.9038587155147937,-0.9596472343996552,,,,,
NA18572,CHB,East Asian Ancestry,Han Chinese,-6.552864282012754,-7.278739715122172,-8.455419,-30.6989,-3.284060869061692,-2.140507476296953,,,,,
NA18573,CHB,East Asian Ancestry,Han Chinese,-7.000286205527397,-5.865242357939024,-11.289843,-31.349792,-3.4032531486477478,-2.0037838759920734,,,,,
NA18574,CHB,East Asian Ancestry,Han Chinese,-6.665890869027988,-5.389527694578276,-6.846729,-29.947632,-3.8901390001763003,-1.7259147885439847,,,,,
NA18576,CHB,East Asian Ancestry,Han Chinese,-6.399830964659479,-3.88801756604573,-7.123695,-32.268036,-2.933416119007833,-0.9378661723920572,,,,,
NA18577,CHB,East Asian Ancestry,Han Chinese,-4.6542437106554395,-4.902428234723739,-17.766361,-24.575174,-2.6635523032583555,-0.7974443583454711,,,,,
NA18579,CHB,East Asian Ancestry,Han Chinese,-7.18797177345763,-5.452223689892137,-5.634835,-28.03791,-3.061752251601109,-2.130180879511542,,,,,
NA18582,CHB,East Asian Ancestry,Han Chinese,-7.093757118549835,-5.834719175278239,-9.675985,-33.062675,-3.1783662449057726,-2.5237503511494817,,,,,
NA18592,CHB,East Asian Ancestry,Han Chinese,-6.845697166210055,-5.251177116178341,-13.765462,-30.296314,-2.695043867660546,-1.141713372631998,,,,,
NA18593,CHB,East Asian Ancestry,Han Chinese,-6.591232113251172,-5.0024127956453315,-4.9226203,-27.778801,-2.429353289255675,-1.1914492377188668,,,,,
NA18595,CHB,East Asian Ancestry,Han Chinese,-5.390833007062268,-7.077622317475536,-7.104537,-33.833393,-3.210970527994763,-2.9777897369366553,,,,,
NA18596,CHB,East Asian Ancestry,Han Chinese,-6.653061431247336,-6.218663386676737,-10.872786,-30.86543,-3.404842922837781,-2.622215918694283,,,,,
NA18597,CHB,East Asian Ancestry,Han Chinese,-5.3308311396203205,-5.304678738486566,-14.089145,-34.341713,-2.611650927129073,-0.9013815858289167,,,,,
NA18599,CHB,East Asian Ancestry,Han Chinese,-6.207512691425714,-5.412389192544183,-7.8227634,-31.272419,-2.313132059424791,-2.269359446540462,,,,,
NA18602,CHB,East Asian Ancestry,Han Chinese,-6.5138400706809545,-6.721587629764689,-9.439597,-27.668621,-3.0711733230161515,-2.4384415738270775,,,,,
NA18603,CHB,East Asian Ancestry,Han Chinese,-5.762121695478941,-6.348959946499485,-9.731568,-24.847044,-3.5515355492219944,-1.6759562237206826,,,,,
NA18605,CHB,East Asian Ancestry,Han Chinese,-7.275106754641497,-5.367578260398937,-7.914927,-31.722866,-3.3990312572259356,-2.0404820125372427,,,,,
NA18606,CHB,East Asian Ancestry,Han Chinese,-6.507788272037951,-5.099761732846791,-16.22994,-26.388557,-2.7517686844131735,-1.9182281644371901,,,,,
NA18608,CHB,East Asian Ancestry,Han Chinese,-6.373671343130084,-3.805214491633383,-15.202988,-30.642138,-3.4657301402588008,-1.321097956579445,,,,,
NA18609,CHB,East Asian Ancestry,Han Chinese,-7.019723134684563,-6.131967559603036,-15.549875,-30.444386,-3.3852959923709243,-2.7018148350245728,,,,,
NA18610,CHB,East Asian Ancestry,Han Chinese,-6.23138641772522,-6.713333022927475,-10.295606,-28.594915,-3.3012516144795265,-2.386057304871774,,,,,
NA18611,CHB,East Asian Ancestry,Han Chinese,-6.545509614441498,-4.661771581815702,-13.738491,-34.058853,-3.722820830667195,-0.9693353097474344,,,,,
NA18612,CHB,East Asian Ancestry,Han Chinese,-6.298965230401521,-6.423376700575694,-11.5119705,-28.419403,-2.357254198443138,-1.6409554692382229,,,,,
NA18613,CHB,East Asian Ancestry,Han Chinese,-6.940234953331382,-4.999341550619605,-6.9009013,-24.92495,-2.0963137984172366,-1.5765899439336812,,,,,
NA18614,CHB,East Asian Ancestry,Han Chinese,-5.8989853550492874,-4.890337230101731,-15.099216,-30.977552,-2.4949695179818416,-1.7383653671543997,,,,,
NA18615,CHB,East Asian Ancestry,Han Chinese,-6.004543697597512,-6.155836090587608,-11.393517,-30.750519,-2.6524555489911243,-1.4665241819701333,,,,,
NA18616,CHB,East Asian Ancestry,Han Chinese,-5.662840081535121,-5.7311603778635805,-17.265705,-30.309973,-2.3692119043362894,-1.4985947467411496,,,,,
NA18617,CHB,East Asian Ancestry,Han Chinese,-6.727949882402317,-6.1135699024049766,-7.921818,-24.428875,-2.5520051793401675,-2.2442806641768596,,,,,
NA18618,CHB,East Asian Ancestry,Han Chinese,-6.128826248993487,-5.2257316766486825,-6.7766113,-23.2975,-2.792281609395352,-1.0666445985189865,,,,,
NA18619,CHB,East Asian Ancestry,Han Chinese,-5.256383936444664,-4.4671232326928605,-8.297687,-29.808496,-2.1874268983838854,-0.9536025515375304,,,,,
NA18620,CHB,East Asian Ancestry,Han Chinese,-7.042122468899322,-5.6629970233768665,-9.8018465,-24.58028,-2.7105041662643243,-2.2739726084316216,,,,,
NA18621,CHB,East Asian Ancestry,Han Chinese,-6.338840237838577,-4.081640944450029,-8.006267,-34.267845,-2.815243444349232,-1.0752224525063263,,,,,
NA18622,CHB,East Asian Ancestry,Han Chinese,-6.209511970913415,-4.334561013619537,-6.387107,-22.620216,-2.456464772880385,-0.1750904816792742,,,,,
NA18623,CHB,East Asian Ancestry,Han Chinese,-6.692958928607753,-5.232053125576697,-7.3963237,-27.746439,-2.5824423237692327,-1.3543745037598391,,,,,
NA18624,CHB,East Asian Ancestry,Han Chinese,-6.375804202144774,-5.092336593650146,-7.27955,-28.650656,-2.674103167075872,-0.8889791534091374,,,,,
NA18626,CHB,East Asian Ancestry,Han Chinese,-6.682190590758088,-4.52852433299718,-5.7161083,-26.921608,-3.301459011731702,-1.6359114521313307,,,,,
NA18627,CHB,East Asian Ancestry,Han Chinese,-6.339200386812628,-6.566497501629912,-10.410723,-30.107002,-3.0246005724499527,-1.6033511868648835,,,,,
NA18628,CHB,East Asian Ancestry,Han Chinese,-5.857817702524214,-5.748619590355866,-9.505092,-32.25094,-2.3850790669901554,-2.5303269015029617,,,,,
NA18630,CHB,East Asian Ancestry,Han Chinese,-6.064485568790365,-5.257516293871036,-7.151238,-28.735098,-2.374253710678431,-2.2289561031389558,,,,,
NA18631,CHB,East Asian Ancestry,Han Chinese,-5.182989578066412,-5.772013404098046,-14.356408,-29.89982,-2.5617290565603734,-1.9797462536599073,,,,,
NA18632,CHB,East Asian Ancestry,Han Chinese,-7.093080624719828,-5.236387669958774,-5.832838,-30.018211,-3.454528843889787,-1.9643168174998404,,,,,
NA18633,CHB,East Asian Ancestry,Han Chinese,-6.599066864586641,-7.049344378018781,-13.63608,-31.21232,-2.6008800251726036,-2.6990301707079487,,,,,
NA18634,CHB,East Asian Ancestry,Han Chinese,-6.190868137027326,-5.5695273662914575,-17.126333,-30.334887,-2.284082815717058,-2.50935227970014,,,,,
NA18635,CHB,East Asian Ancestry,Han Chinese,-6.481482853571604,-5.12041691202515,-12.627244,-33.259106,-2.9528275226661647,-2.8643258592110907,,,,,
NA18636,CHB,East Asian Ancestry,Han Chinese,-6.287238894501627,-4.060681659956884,-11.4876375,-29.191685,-2.7266600690144944,-0.23465861764766394,,,,,
NA18637,CHB,East Asian Ancestry,Han Chinese,-6.131538764066898,-5.813592255022582,-14.543786,-32.326687,-2.8521806710441675,-2.628889056149248,,,,,
NA18638,CHB,East Asian Ancestry,Han Chinese,-5.138762946971866,-5.054614763054604,-8.732306,-28.444803,-3.149751325969164,-0.7911020317281232,,,,,
NA18639,CHB,East Asian Ancestry,Han Chinese,-6.666072134935959,-6.350908606693005,-10.683537,-29.894709,-3.177018290981457,-2.00287492054233,,,,,
NA18640,CHB,East Asian Ancestry,Han Chinese,-6.144419026569301,-5.889658051168024,-11.244282,-24.660908,-2.444868721467518,-1.5244035504596507,,,,,
NA18641,CHB,East Asian Ancestry,Han Chinese,-6.37495700659745,-6.051121995823656,-11.957585,-31.014973,-2.910528973550278,-3.577089276306947,,,,,
NA18642,CHB,East Asian Ancestry,Han Chinese,-5.946457310993338,-4.682394071613575,-6.3967714,-31.347538,-2.287530481905793,-0.835795487064876,,,,,
NA18643,CHB,East Asian Ancestry,Han Chinese,-6.479454658879302,-5.144347413069267,-10.095374,-24.174065,-2.6687503391616807,-0.9125896813790826,,,,,
NA18645,CHB,East Asian Ancestry,Han Chinese,-6.339203352108205,-5.712012080545603,-5.5150824,-26.179102,-2.0099424257986875,-1.6903325837142886,,,,,
NA18647,CHB,East Asian Ancestry,Han Chinese,-7.466227884861267,-4.766764140732181,-10.620598,-28.019112,-3.0246265912374053,-2.9134942877934957,,,,,
NA18740,CHB,East Asian Ancestry,Han Chinese,-5.2949667548390735,-5.407668653678459,-9.677136,-35.777954,-2.564497310019563,-1.7922216969638796,,,,,
NA18745,CHB,East Asian Ancestry,Han Chinese,-5.615550376418296,-5.535200510861363,-8.79038,-27.297525,-3.5500620228319066,-2.5565854299918493,,,,,
NA18747,CHB,East Asian Ancestry,Han Chinese,-6.210524932800519,-3.627219013345349,-6.044024,-26.019331,-2.8297665872680327,-0.7652592397652822,,,,,
NA18748,CHB,East Asian Ancestry,Han Chinese,-6.48393711758496,-5.505728203884314,-8.439981,-23.970581,-3.2042000503184562,-2.288711576995423,,,,,
NA18749,CHB,East Asian Ancestry,Han Chinese,-7.045493508682577,-4.787368430819558,-5.2825894,-30.379925,-3.5585202481392466,-2.7952406304229935,,,,,
NA18757,CHB,East Asian Ancestry,Han Chinese,-7.065347623736647,-6.134650265441183,-4.7913914,-25.323677,-3.408644641215484,-1.8455505650058246,,,,,
NA18853,YRI,African Ancestry,Yoruba,9.953491305592737,-5.174196084682902,20.985569,-0.6985356,5.961850167622769,-2.448556315289218,,,1.671703150527854,-1.5886956172733562,1.0513056039661948
NA18856,YRI,African Ancestry,Yoruba,10.839823428656075,-2.957403916282373,18.068268,-2.5617619,5.747482038944375,-0.9364749723209655,,,0.7638115395338372,1.1071610683250996,-2.8469495648165513
NA18858,YRI,African Ancestry,Yoruba,10.38866360840021,-2.8841475337632945,25.983963,0.61334723,5.646760245795503,-0.970320698925978,,,0.9723783676720127,-2.437065699445346,-2.5084399153581423
NA18861,YRI,African Ancestry,Yoruba,9.492204044405133,-4.0340071116841925,27.794441,-2.4247062,3.7426813829667234,-1.6147596880021755,,,0.7227917881986403,-0.8140193175983872,-0.6441088930979247
NA18867,YRI,African Ancestry,Yoruba,9.205478119614474,-2.7611249653733863,25.870531,-0.8833766,4.125912184769838,-0.3538490999774315,,,-0.28064678465215276,-3.13461277287899,-0.008922230671690524
NA18868,YRI,African Ancestry,Yoruba,11.731180087665697,-3.6975346901482,25.39625,-0.24129461,5.5694049049127985,-1.0072512757091512,,,1.941274829578918,-1.9630943106020307,-0.6753016485000735
NA18870,YRI,African Ancestry,Yoruba,9.50574843947379,-4.090670763795745,22.432316,-0.0017963767,4.8477930392205115,-1.6013953962718204,,,0.12540984517018908,-1.9110883767780293,-1.9870969104392922
NA18871,YRI,African Ancestry,Yoruba,10.591039655554397,-4.186874241641326,25.45753,-5.22002,4.148010285741436,-1.0355572266738164,,,2.9415122638669486,-3.3792691034217626,-0.34973416782353905
NA18873,YRI,African Ancestry,Yoruba,10.746570198054158,-4.805308441940443,21.051271,0.40171748,5.348834863782503,-2.048690871398958,,,2.1634880202674207,-1.6036121032275406,0.29829208952341757
NA18874,YRI,African Ancestry,Yoruba,9.792470047289484,-4.713522537970875,24.8951,-1.2354915,5.5456343164074955,-1.3437077191355198,,,1.849455333968596,-1.2446412717977362,-1.6697883943637666
NA18907,YRI,African Ancestry,Yoruba,9.987952466731885,-3.977716466059012,25.204739,-1.9295299,5.13617233503814,-0.9207463377459617,,,0.9315194606719969,-2.7975896737646258,0.8925677975452041
NA18908,YRI,African Ancestry,Yoruba,10.372616078975684,-4.543893580621213,21.880232,1.865479,5.994611659575564,-0.26615026365223127,,,2.0141403109420795,-2.7134447050221184,-0.09509152726022635
NA18909,YRI,African Ancestry,Yoruba,10.567989543208574,-4.977340542832855,23.501337,1.1317934,5.028889675383366,-1.7223629291393605,,,1.9577661008024252,-4.2568942810030075,1.0547759514771926
NA18910,YRI,African Ancestry,Yoruba,9.809216180222307,-2.761608645914941,25.43336,-0.6668831,4.414546720238492,-0.7182318632361833,,,-0.11366084344360612,-0.829538767175947,-1.7706291692493652
NA18912,YRI,African Ancestry,Yoruba,11.272367684822315,-5.343642731551877,23.089228,-1.3007128,5.1316202256347205,-1.605181222092268,,,3.824785740054391,-3.005979440414523,-1.0494393222861957
NA18916,YRI,African Ancestry,Yoruba,10.32484969223372,-3.1396914165837115,27.084541,-2.382318,5.096328735293988,-0.40057252128201304,,,0.7986075599761986,-2.2956389981298067,-1.512047087930874
NA18917,YRI,African Ancestry,Yoruba,10.458660349103827,-4.152576825140822,18.179934,-0.30028123,5.644764146235115,-0.7908354245235709,,,0.9019360159527259,0.8134869132612451,-2.076530139151965
NA18923,YRI,African Ancestry,Yoruba,11.31695083870103,-3.8018374482889277,24.863382,-2.3906324,6.090918465913407,-1.4873041817840424,,,1.7247320726117625,-1.3271662692853476,2.6050883010041046
NA18924,YRI,African Ancestry,Yoruba,11.779772936532567,-3.288693324810649,26.964352,-1.611168,5.290759998989436,-1.3812128608025382,,,2.2248965936617746,-2.941220312729153,-0.4619633651153826
NA18933,YRI,African Ancestry,Yoruba,10.022410411216098,-4.369053824782019,23.389475,-3.6087315,5.153516129225531,-1.8010270652939129,,,1.1504015936003535,0.3093890864901384,1.1824506714412242
NA18934,YRI,African Ancestry,Yoruba,11.607984063562453,-4.142263596321336,21.470629,-1.2197006,5.3280447982143695,-0.3166912271446338,,,1.729909230416368,-2.3807779868959913,1.2619619202641859
NA18939,JPT,East Asian Ancestry,Japanese,-5.5440867324987195,-4.762768288777171,-6.755716,-26.856337,-1.2109655527220458,-1.642253429219756,,,,,
NA18940,JPT,East Asian Ancestry,Japanese,-5.691171314790523,-5.351673428599011,-13.643357,-23.589655,-2.73576607090056,-1.6954526488996025,,,,,
NA18941,JPT,East Asian Ancestry,Japanese,-6.321257629402766,-5.631948387334641,-11.943373,-25.707966,-3.406898084410008,-1.717260340683075,,,,,
NA18942,JPT,East Asian Ancestry,Japanese,-5.547033401999096,-4.903879667608682,-13.490186,-24.641872,-2.1855291788649263,-1.2971787053802495,,,,,
NA18943,JPT,East Asian Ancestry,Japanese,-6.465405596325052,-4.663233459827443,-15.987319,-23.276848,-2.9349235029170533,-2.687926314819694,,,,,
NA18944,JPT,East Asian Ancestry,Japanese,-6.87707928768118,-4.039629649202552,-14.604038,-21.15472,-3.007987487218868,-1.8076374167527116,,,,,
NA18945,JPT,East Asian Ancestry,Japanese,-5.418490345998698,-5.131371510289903,-11.474183,-24.122679,-2.255695371709483,-0.9467154799850728,,,,,
NA18946,JPT,East Asian Ancestry,Japanese,-6.242963689260991,-5.531646729997024,-11.631595,-24.210472,-2.58849203583606,-0.4977785593801576,,,,,
NA18947,JPT,East Asian Ancestry,Japanese,-5.60729347287627,-4.842967201575338,-14.86094,-26.629463,-1.0912249235899485,-1.4784349416248905,,,,,
NA18948,JPT,East Asian Ancestry,Japanese,-6.710963815044195,-6.571705121180071,-6.306169,-32.367477,-3.756061193875979,-2.7173402274710456,,,,,
NA18949,JPT,East Asian Ancestry,Japanese,-6.492192262390208,-6.522960952241971,-13.859992,-32.77832,-3.014559797439789,-1.6185026899300734,,,,,
NA18950,JPT,East Asian Ancestry,Japanese,-5.380395934378697,-4.804006548969869,-16.49011,-23.50738,-2.2218666128039155,-2.1497580260773157,,,,,
NA18951,JPT,East Asian Ancestry,Japanese,-6.85526290920542,-5.983387379523582,-7.654446,-26.539455,-3.4644814577820933,-2.5780104725934807,,,,,
NA18952,JPT,East Asian Ancestry,Japanese,-5.890340843016418,-5.023008186762159,-4.685191,-27.774183,-2.8489270968987412,-1.8642687498559285,,,,,
NA18953,JPT,East Asian Ancestry,Japanese,-7.392425558782065,-6.291216583735721,-10.991773,-25.378714,-3.440342295909799,-1.6954947324956704,,,,,
NA18954,JPT,East Asian Ancestry,Japanese,-5.570026741197475,-5.897315211243465,-5.791467,-34.274654,-2.111245917897418,-1.0465186540886449,,,,,
NA18956,JPT,East Asian Ancestry,Japanese,-6.999928168194149,-5.141959324629906,-13.758296,-27.254179,-2.9604805082916723,-1.1807788512143609,,,,,
NA18957,JPT,East Asian Ancestry,Japanese,-5.25228473530883,-4.636112887439411,-8.011409,-25.420307,-2.5949132047150796,-1.8723043347852948,,,,,
NA18959,JPT,East Asian Ancestry,Japanese,-6.628964101046838,-6.91798336558267,-12.181443,-31.320923,-2.2199499465085673,-2.61914053460655,,,,,
NA18960,JPT,East Asian Ancestry,Japanese,-6.982737015555804,-6.259397609740174,-12.434824,-25.76389,-3.1964903716638204,-2.798942327111516,,,,,
NA18961,JPT,East Asian Ancestry,Japanese,-5.407385716677064,-4.012946596855758,-10.422916,-23.390724,-3.227758326845046,-0.9344213325871773,,,,,
NA18962,JPT,East Asian Ancestry,Japanese,-5.984549135619163,-4.364622065359797,-4.5659785,-24.847586,-2.262865174811508,-1.211427047874325,,,,,
NA18963,JPT,East Asian Ancestry,Japanese,-6.244957617295226,-6.105838134658513,-12.744116,-25.120754,-2.110440929102652,-2.3040492852724155,,,,,
NA18964,JPT,East Asian Ancestry,Japanese,-6.154163622448223,-6.389491253135378,-14.124851,-25.798843,-3.0213993921204327,-2.150098800519009,,,,,
NA18965,JPT,East Asian Ancestry,Japanese,-5.6462343058039135,-4.684135206661193,-8.835131,-25.285803,-2.6385209116499575,-1.2029545471004837,,,,,
NA18966,JPT,East Asian Ancestry,Japanese,-5.895592763767681,-5.268229002288071,-9.20627,-23.039902,-2.378132795086697,-2.7156902749718697,,,,,
NA18968,JPT,East Asian Ancestry,Japanese,-5.704571596756413,-5.5299711046256474,-10.443747,-26.4987,-3.46113594183881,-2.118270116944939,,,,,
NA18971,JPT,East Asian Ancestry,Japanese,-6.985045239546988,-6.190386127547405,-13.412376,-25.460428,-3.3091850763584896,-2.2184858889124826,,,,,
NA18973,JPT,East Asian Ancestry,Japanese,-7.540664065066476,-5.517320097378451,-12.017054,-22.291784,-2.9270566733275656,-2.8617962866540188,,,,,
NA18974,JPT,East Asian Ancestry,Japanese,-5.8311260987304685,-5.667170505540768,-3.520281,-29.29526,-1.899329955087132,-2.0499946841156556,,,,,
NA18975,JPT,East Asian Ancestry,Japanese,-6.2990681636055825,-6.45372824955714,-9.682424,-22.021654,-3.130730317318303,-1.5374031809363187,,,,,
NA18976,JPT,East Asian Ancestry,Japanese,-6.442616639652082,-5.730914996285892,-6.8601675,-31.245934,-2.5766220026983726,-2.9817391510440867,,,,,
NA18977,JPT,East Asian Ancestry,Japanese,-6.33194847507723,-5.225857559528488,-9.813723,-22.894562,-3.8260269269288196,-1.8293356128316898,,,,,
NA18978,JPT,East Asian Ancestry,Japanese,-6.154720228413192,-4.9687453283338145,-8.577131,-22.649626,-2.9927658038353293,-1.7495045156748792,,,,,
NA18980,JPT,East Asian Ancestry,Japanese,-6.431777560448017,-4.84002028752269,-3.6728733,-29.14899,-3.2733974980236766,-2.408187485565943,,,,,
NA18981,JPT,East Asian Ancestry,Japanese,-5.90404075669475,-4.139317441372108,-11.41715,-23.606302,-2.10590619218068,-1.3322099493367099,,,,,
NA18982,JPT,East Asian Ancestry,Japanese,-6.137399540676746,-4.502886642604838,-9.842176,-21.804266,-2.0999861387878846,-1.3567955323044218,,,,,
NA18983,JPT,East Asian Ancestry,Japanese,-7.562209266190445,-5.61597650944081,-13.586089,-27.685684,-3.602902004297964,-1.870584710861185,,,,,
NA18984,JPT,East Asian Ancestry,Japanese,-6.743948031371085,-5.972862850374528,-9.846497,-19.95838,-2.801158331070752,-1.4053046819759398,,,,,
NA18985,JPT,East Asian Ancestry,Japanese,-6.338825454472122,-4.885199087692576,-15.911292,-22.71109,-3.6631662197112504,-1.5177628500408518,,,,,
NA18986,JPT,East Asian Ancestry,Japanese,-6.593483552408101,-5.313002953657885,-8.684985,-32.463017,-3.368452681614646,-1.812102965349379,,,,,
NA18987,JPT,East Asian Ancestry,Japanese,-5.697246492845961,-5.502789992323158,-13.272744,-26.47819,-2.3969169721300663,-1.7231753785913,,,,,
NA18988,JPT,East Asian Ancestry,Japanese,-6.8511473804307705,-5.97459159338421,-13.096461,-23.23356,-3.263446343121358,-2.4632310586309636,,,,,
NA18989,JPT,East Asian Ancestry,Japanese,-5.911613441080242,-3.827966078829882,-11.491587,-21.496395,-2.666286800030882,-2.8326057778701497,,,,,
NA18990,JPT,East Asian Ancestry,Japanese,-6.553273078463109,-5.876459948442226,-10.121407,-28.13426,-3.0680032464255733,-2.568839357404463,,,,,
NA18992,JPT,East Asian Ancestry,Japanese,-6.065494392403947,-5.096581161626966,-3.1906343,-26.157759,-2.1233973259658425,-1.7613044915749203,,,,,
NA18994,JPT,East Asian Ancestry,Japanese,-6.155224070025859,-4.662173505968478,-4.3468266,-24.285328,-2.1089025809992847,-1.1830431741818779,,,,,
NA18995,JPT,East Asian Ancestry,Japanese,-7.000117347469073,-4.707500364527621,-8.218804,-25.759272,-3.728929748145875,-1.5761074237128874,,,,,
NA18998,JPT,East Asian Ancestry,Japanese,-6.532317275686571,-3.262608213248561,-13.120016,-22.555092,-3.6467951425704905,-1.65331530151634,,,,,
NA18999,JPT,East Asian Ancestry,Japanese,-7.622554155364915,-4.582799418224536,-10.225278,-25.788317,-2.986374013900149,-1.6757667345866252,,,,,
NA19000,JPT,East Asian Ancestry,Japanese,-5.800431813640259,-4.76352610728654,-7.0676565,-21.656916,-2.364391082758437,-1.2081751949273518,,,,,
NA19002,JPT,East Asian Ancestry,Japanese,-7.357268936756075,-5.2863631057848215,-4.439174,-25.789568,-3.2046017488965584,-2.0271251295922044,,,,,
NA19003,JPT,East Asian Ancestry,Japanese,-6.358717732030154,-3.945754626912973,-12.173049,-23.691595,-2.936939403172082,-1.2721919644815292,,,,,
NA19004,JPT,East Asian Ancestry,Japanese,-5.562255198513517,-4.660591885873674,-11.865267,-25.863699,-2.27242369922462,-1.4190085839310038,,,,,
NA19005,JPT,East Asian Ancestry,Japanese,-6.89681385712213,-5.625695985625348,-11.150252,-22.51133,-3.5374676751047307,-2.546371916758404,,,,,
NA19007,JPT,East Asian Ancestry,Japanese,-6.811250501230452,-5.690597417614856,-14.870221,-24.794563,-3.5403819436622506,-3.2824025281078786,,,,,
NA19009,JPT,East Asian Ancestry,Japanese,-6.236290878272456,-5.5711552941913345,-4.0009313,-27.6622,-2.641062624382709,-2.143542559842531,,,,,
NA19010,JPT,East Asian Ancestry,Japanese,-6.816488314875606,-6.000092226348124,-7.8785634,-28.140923,-2.9331353060755854,-1.3044534908975858,,,,,
NA19012,JPT,East Asian Ancestry,Japanese,-5.874800392295535,-6.003403709243954,-13.685461,-27.199944,-2.005746470236274,-2.9874812770672854,,,,,
NA19020,LWK,African Ancestry,Luhya,8.718341380785287,-2.8795699932368377,19.453773,-6.52306,5.393085331926375,-0.8705933852982284,,,-1.405020390276518,0.9939341537192041,-1.788051082254119
NA19028,LWK,African Ancestry,Luhya,8.68770653578506,-2.427882169936381,17.347782,2.9809225,3.711259103725687,-0.7175456763721475,,,-1.278860438478093,1.0294228262751468,-0.16712761656674285
NA19035,LWK,African Ancestry,Luhya,9.193486456450469,-3.6068568120539295,19.425259,-2.4720721,5.09329415821323,-1.3719299634577342,,,0.17119617569285236,1.7650343988221109,0.07441868311321786
NA19036,LWK,African Ancestry,Luhya,9.768298186997677,-3.096751372704298,21.979166,-4.534018,4.198777380089413,0.009113520159011568,,,-0.3315379366817231,2.7864800886570933,2.5163050306640398
NA19038,LWK,African Ancestry,Luhya,8.965474692566849,-3.682490724710612,20.101168,3.3962634,3.898720520582942,-1.418390499124739,,,0.4645738392988422,-0.9695654585059897,1.188362774140389
NA19041,LWK,African Ancestry,Luhya,9.780837417085893,-2.366610075275914,19.82383,-2.0402672,5.214194221743752,-1.528140300783996,,,0.0010112280849476063,2.555930339384761,-1.3935990935534672
NA19044,LWK,African Ancestry,Luhya,9.132912210269595,-2.6287435259700613,16.655012,-2.0682168,3.9651705560723345,0.06160841871166678,,,-0.2139477578394755,0.7660662551746777,0.20987490022951705
NA19046,LWK,African Ancestry,Luhya,9.959926276923266,-3.070662370109754,22.391209,-6.58303,4.02516054371779,-0.8074989202167111,,,-0.08247268550044057,3.0967708388405906,-1.844607483105982
NA19054,JPT,East Asian Ancestry,Japanese,-7.1052435233076725,-5.285241128004151,-11.948529,-25.011757,-2.686235459313073,-1.1626158348367985,,,,,
NA19055,JPT,East Asian Ancestry,Japanese,-6.217330914154347,-6.314425271106871,-5.2793345,-32.11858,-2.2303562428645156,-2.993981658803439,,,,,
NA19056,JPT,East Asian Ancestry,Japanese,-6.9984001276990675,-6.141802268416284,-7.404318,-26.214298,-3.2160951110311453,-3.3612472680031216,,,,,
NA19057,JPT,East Asian Ancestry,Japanese,-6.220963989984808,-5.4687192827073625,-13.177228,-22.980375,-2.022517202581935,-1.5051686184395812,,,,,
NA19058,JPT,East Asian Ancestry,Japanese,-6.3073581129252965,-5.726547694063227,-11.646013,-26.539589,-2.6682104000993374,-1.776077573876183,,,,,
NA19059,JPT,East Asian Ancestry,Japanese,-6.954401394826,-5.0696741930045865,-14.497223,-24.795515,-3.1423076201555054,-2.0920964321278523,,,,,
NA19060,JPT,East Asian Ancestry,Japanese,-6.358896938694498,-4.47349341713793,-16.244083,-22.177427,-3.1394895776133342,-1.2214418959299413,,,,,
NA19062,JPT,East Asian Ancestry,Japanese,-6.475419027687504,-6.207915139946324,-12.642768,-26.585468,-2.8248013897872033,-1.2631440436473222,,,,,
NA19063,JPT,East Asian Ancestry,Japanese,-6.619702809263098,-6.497641090825291,-9.095902,-29.715912,-3.298036358549157,-3.1236582697356043,,,,,
NA19064,JPT,East Asian Ancestry,Japanese,-6.054451351080855,-4.380817211005659,-13.702799,-25.230673,-2.8371470466284183,-0.7424923114637099,,,,,
NA19065,JPT,East Asian Ancestry,Japanese,-5.170532062765918,-5.7663762961370795,-12.9036665,-24.723349,-2.2150562137976766,-2.8763046952650306,,,,,
NA19066,JPT,East Asian Ancestry,Japanese,-5.577606191322328,-5.68314211413415,-4.618518,-28.945496,-2.8890505319646884,-2.497020782398349,,,,,
NA19067,JPT,East Asian Ancestry,Japanese,-6.083834474434562,-6.443110786919974,-12.077392,-32.82292,-3.481731121900429,-2.768271052121298,,,,,
NA19068,JPT,East Asian Ancestry,Japanese,-7.474581346901358,-6.011761461434365,-12.6936035,-27.41236,-3.3738483376695365,-2.66970396787693,,,,,
NA19070,JPT,East Asian Ancestry,Japanese,-6.42484060050781,-5.761839810732579,-11.48913,-25.753477,-3.0553201332318425,-2.422504644076266,,,,,
NA19072,JPT,East Asian Ancestry,Japanese,-5.538612365472476,-3.387453195066789,-11.3764925,-22.72492,-2.7460475252994367,-1.276542655134913,,,,,
NA19074,JPT,East Asian Ancestry,Japanese,-6.911890858450237,-4.2491819296995255,-10.5728655,-22.295738,-3.196611468643887,-2.566296056570338,,,,,
NA19075,JPT,East Asian Ancestry,Japanese,-6.589203483613481,-4.604340311382637,-5.8120666,-24.530916,-2.7095034129710998,-1.855316453896123,,,,,
NA19076,JPT,East Asian Ancestry,Japanese,-6.58215383687828,-6.517846367770853,-5.570746,-30.016687,-3.5470947781137037,-1.8909401303494864,,,,,
NA19077,JPT,East Asian Ancestry,Japanese,-6.290262370064356,-6.492865554704113,-15.008044,-24.980232,-3.729844893742265,-2.0506280532776118,,,,,
NA19078,JPT,East Asian Ancestry,Japanese,-6.517706034811059,-7.381422713374879,-8.773584,-26.433275,-3.7255754327027697,-2.3313986166613194,,,,,
NA19079,JPT,East Asian Ancestry,Japanese,-5.5976229182095025,-6.39602081525537,-15.644274,-29.044405,-2.339718901561957,-2.5302037700680033,,,,,
NA19080,JPT,East Asian Ancestry,Japanese,-5.791287546284147,-4.407256511259404,-14.67945,-21.09274,-2.6424399340485705,-1.8605038366317896,,,,,
NA19081,JPT,East Asian Ancestry,Japanese,-6.749503603378178,-6.343177314087121,-8.445123,-23.897007,-2.737424251793348,-2.8484727082169616,,,,,
NA19082,JPT,East Asian Ancestry,Japanese,-6.591410222037036,-6.290212848598141,-11.224668,-27.135263,-3.333332519106354,-1.5928567053406204,,,,,
NA19083,JPT,East Asian Ancestry,Japanese,-6.336703393044498,-5.415265082132531,-7.041077,-26.531382,-2.5113066488959648,-1.6612224804603026,,,,,
NA19084,JPT,East Asian Ancestry,Japanese,-6.102915319842918,-5.35386630318414,-15.932655,-23.402355,-2.9010458518389672,-1.2974493974585983,,,,,
NA19085,JPT,East Asian Ancestry,Japanese,-6.570228941550978,-5.050915464148219,-12.565936,-23.729578,-2.7998261522930425,-1.1846473967610458,,,,,
NA19087,JPT,East Asian Ancestry,Japanese,-6.988923864307997,-5.355590337849507,-8.866174,-21.352076,-3.241505874801308,-1.848610853039827,,,,,
NA19088,JPT,East Asian Ancestry,Japanese,-6.13529701488735,-5.386319230026738,-9.315185,-24.88548,-2.2412477090862963,-2.2157307887687856,,,,,
NA19093,YRI,African Ancestry,Yoruba,10.48605165543558,-4.433062870295607,25.945995,-5.500312,5.699205113120141,-0.9651022264831681,,,1.9086448910003222,-1.0980623547291262,2.957800157477274
NA19095,YRI,African Ancestry,Yoruba,10.556319897996772,-2.0614974110234607,19.26183,3.2037663,4.864314059981304,-1.8863874602902602,,,-0.6106030514937479,-0.6620622666239998,-1.2655868474432757
NA19096,YRI,African Ancestry,Yoruba,9.840198238196487,-4.536465257094448,25.2446,2.1325116,4.960355597869278,-2.5303880563013603,,,1.8033629865273266,0.42517087066821124,-3.0083895678252555
NA19098,YRI,African Ancestry,Yoruba,11.120397578458077,-4.362166077266688,22.28226,-0.89937633,5.805727353469388,-1.48778372356103,,,2.305579957705022,-1.8286155013735428,0.9773365594655921
NA19099,YRI,African Ancestry,Yoruba,11.104219024416995,-3.6564577757362597,24.533741,1.9182001,4.974182195659666,-1.281472074447907,,,1.7306733645171963,-2.186263747374212,-2.0329811259023005
NA19102,YRI,African Ancestry,Yoruba,10.882863691420699,-3.113907833853543,22.323006,-0.35745108,4.932574541386048,-0.3928740978262053,,,1.0918732569383036,-1.0192420614804325,-3.0972572155349516
NA19107,YRI,African Ancestry,Yoruba,11.176511563819991,-5.828313996044307,23.473234,0.20200047,5.740199541945848,-1.3318396919627595,,,3.160275721707284,-1.3179664602201178,-1.4407063990617786
NA19108,YRI,African Ancestry,Yoruba,10.436634100459228,-4.258756484784134,25.39571,-2.968365,5.087004627449909,-0.8885782516378651,,,1.6350405884927495,-3.9935688819426844,0.6779296756921616
NA19113,YRI,African Ancestry,Yoruba,11.049995008404098,-2.9430997580622345,23.100681,-1.6034082,5.2503818435548055,-0.9250983035857319,,,1.5211955672251043,-2.653145400085854,0.12313691220422907
NA19114,YRI,African Ancestry,Yoruba,9.711791736842052,-4.352353690670905,21.518995,0.7015712,5.160613540996952,-1.4366134939809738,,,0.5301014500322885,-3.056868844415573,1.3275598101192978
NA19116,YRI,African Ancestry,Yoruba,10.68424985758282,-3.643312682018027,24.373753,-1.4711046,4.9699691852949845,-1.5029141191071522,,,1.6400378465811518,-0.4205905491702257,-3.207839289843508
NA19117,YRI,African Ancestry,Yoruba,11.217060695332146,-3.2506555819053053,24.76921,-0.4131861,5.005505695059681,-0.46853858042260255,,,2.1657258432492723,-2.584086031407847,-0.050403828364683136
NA19118,YRI,African Ancestry,Yoruba,8.647899184305261,-2.990569629828946,18.745165,2.7531226,5.362761639469696,-0.5016826284298253,,,-0.8438741129394723,-2.3095182040173734,-0.42578047418817394
NA19119,YRI,African Ancestry,Yoruba,10.7990645774105,-3.683674511181173,20.777918,0.026866717,5.4187280505448285,-0.8754260263105524,,,1.3255560632467212,-1.475981925028265,-0.4565426723412716
NA19121,YRI,African Ancestry,Yoruba,10.433120552668594,-3.7291796295019397,21.856968,0.647854,5.362927508628015,-1.2031543843685655,,,0.33902861583220156,-2.0901344468086083,-1.716049760841758
NA19129,YRI,African Ancestry,Yoruba,11.661770948482571,-3.983980705245041,26.610048,0.39268342,5.026263880116288,-0.9817027042689035,,,2.5374998580562655,-2.729105588396783,-1.4956112688807535
NA19130,YRI,African Ancestry,Yoruba,10.61362869524086,-3.9262400395885164,23.328753,-2.5819695,5.084720563854409,-0.8610044586698384,,,1.436912053707717,-2.4949378097227823,0.9651856062578699
NA19131,YRI,African Ancestry,Yoruba,10.806826026702488,-5.001402553853864,25.707264,2.1844246,5.025008916057802,-0.9097147396187486,,,3.3115689132010924,-2.2302575106916533,-1.762209738878672
NA19137,YRI,African Ancestry,Yoruba,9.669163191725076,-3.623568656131149,21.708014,1.5711019,4.257652791606851,-1.1368975346802332,,,0.9362725423338761,-3.3108965772378514,0.30826105960023215
NA19138,YRI,African Ancestry,Yoruba,10.621867636893837,-3.3654610220024574,24.995329,-6.187299,5.970858074389198,-0.6288273256308825,,,1.3988559265305291,-2.4029245189647885,-0.2050718342547916
NA19146,YRI,African Ancestry,Yoruba,11.033169143914568,-2.866811003872084,20.050049,3.5138452,5.468978331220464,-1.6613850192492676,,,2.0869405568860757,-1.9469953512965161,1.7804942888051694
NA19147,YRI,African Ancestry,Yoruba,10.886963766685813,-3.7526223420901603,24.24714,-1.1690269,4.885233693275145,-0.755501941323772,,,2.4681576511652374,-1.911628457609761,-1.7023329962812301
NA19149,YRI,African Ancestry,Yoruba,9.416792604513509,-2.3543595368655046,14.8654585,-2.726638,4.7147285555437,-0.331111254977432,,,-0.4325812169771901,0.0632376251729665,-1.0895277714400586
NA19150,YRI,African Ancestry,Yoruba,10.985038413698001,-3.684090408794428,25.101683,3.1801987,5.259561245851137,-1.9664177349157557,,,0.9173519632032745,-0.4591822651313454,-0.3465785165769818
NA19152,YRI,African Ancestry,Yoruba,10.317945372116911,-3.7244641666628597,23.320385,-2.3507879,5.520271206087234,-0.4830388047909646,,,0.9371677251001155,-4.171507861921772,0.2417106905279236
NA19160,YRI,African Ancestry,Yoruba,10.206543193973678,-4.690296273129602,23.719452,-0.71606344,5.305793217722807,-1.1893699685010168,,,1.8908242206863999,-2.068008557855595,0.48870362842094955
NA19171,YRI,African Ancestry,Yoruba,9.37114553515834,-3.671968055096401,26.752438,-3.4266536,4.075277295687915,-0.912155763878701,,,0.6188875876038102,-4.239538140090942,2.442146952985715
NA19172,YRI,African Ancestry,Yoruba,11.431206630218623,-3.1239060799791742,21.229797,0.9560077,5.516648586406793,-1.3057427103922836,,,1.9915554562228444,-0.5616764752917299,-0.20356016463620935
NA19175,YRI,African Ancestry,Yoruba,9.010807176614172,-3.5531007349365664,17.409853,0.56420964,4.327639392688061,-1.6657156410882843,,,-0.7273377375575227,0.21036101197062004,-2.105354112816218
NA19185,YRI,African Ancestry,Yoruba,9.382084872828509,-3.457068371200134,20.912611,2.3327096,4.604651324196694,-0.20785924924408716,,,-0.20126722154024,-1.4206340970985794,0.7648887048511988
NA19189,YRI,African Ancestry,Yoruba,10.469925750403386,-4.028676741928181,24.660427,-2.0806124,5.010253327447235,-1.6221224825217213,,,2.033741616509304,-1.169722027695324,0.4731853184962796
NA19190,YRI,African Ancestry,Yoruba,10.017749051365858,-3.7928704673753026,19.341682,-0.5048862,4.340321664509617,-1.0015942196434557,,,0.5877027574618076,-0.7104819491080631,-4.022011955274291
NA19197,YRI,African Ancestry,Yoruba,10.82463555620858,-3.382921405886939,23.989756,-2.3214011,4.568980561042024,-0.719316423772697,,,1.3276107284215275,-3.839534564793864,1.509674295849759
NA19198,YRI,African Ancestry,Yoruba,11.231507356871793,-3.2982621201018416,27.328756,1.6897572,5.702901716108784,-1.0612773258108392,,,1.7982876163969548,-1.9757104583393403,-0.3151661242065568
NA19200,YRI,African Ancestry,Yoruba,10.292470358758166,-3.4709969476182314,23.126673,-2.1038282,5.774764495222505,-1.548481108969885,,,0.8828123153932559,-2.030338741349592,0.26771226296909195
NA19204,YRI,African Ancestry,Yoruba,10.411997183917872,-2.7483972735983224,22.812445,0.36162487,4.87414451070638,-0.4799257341515957,,,0.5135940061031323,-2.6936241102080816,-2.920480061083023
NA19207,YRI,African Ancestry,Yoruba,11.165315154163872,-3.0599969000397946,22.321825,2.4632268,4.932312713701721,-1.0664315273386928,,,1.8734397709323387,-5.786862639064837,-2.9312860055178716
NA19209,YRI,African Ancestry,Yoruba,10.478802692661462,-3.1570342569605137,19.047289,-0.7623692,5.341438089131388,-0.3554521980094836,,,0.489900085984949,2.441587197394783,-1.028523251132492
NA19213,YRI,African Ancestry,Yoruba,9.806061860037135,-3.4465362001403532,24.950281,-3.242936,5.175381263235476,-0.7361869751273593,,,0.18873340282378023,-1.0688008846829538,2.5307733488751705
NA19222,YRI,African Ancestry,Yoruba,12.102791571202237,-3.3244106055421794,23.726171,2.6552088,5.159122064900981,-0.9359534809663734,,,1.8802084617181842,-0.08505864325023216,-1.7883469938114203
NA19223,YRI,African Ancestry,Yoruba,11.536487962759828,-3.9556780853465794,24.00027,-2.5197132,5.486488213394905,-0.7972888662853772,,,1.606026573569764,0.5141665610364555,-1.7330972438980348
NA19225,YRI,African Ancestry,Yoruba,11.432499632912108,-4.138484947626858,24.770067,0.68164146,6.118824526582838,-1.3579482284719142,,,2.9954762550738923,-4.492862703654112,-0.16043776078607916
NA19235,YRI,African Ancestry,Yoruba,10.990609265120217,-3.795607625329164,24.369444,0.1118371,5.173077018926136,-1.0819647139440165,,,2.3091240139362434,-3.4731576128334893,-0.0321134668222759
NA19236,YRI,African Ancestry,Yoruba,10.326647342729773,-3.2355507225675604,20.327295,-0.12699452,5.054234159397315,-0.17197812770142473,,,0.6161164246772112,-0.9575799794859707,0.12144162093263011
NA19247,YRI,African Ancestry,Yoruba,10.126258921888615,-5.019007327414262,27.074572,-1.1202984,4.683043406728283,-1.8101060109103022,,,1.166827278259188,1.2690367245545335,-2.3681291868192287
NA19248,YRI,African Ancestry,Yoruba,9.583875403451188,-4.540307673113424,25.136623,-3.545269,4.273317983757337,-1.3827702904965178,,,1.3989386430813062,-2.7369968443085133,2.1675443200958697
NA19256,YRI,African Ancestry,Yoruba,10.066305678312306,-3.5081454148511346,21.026396,-0.7609678,4.794857473353243,-0.5549589073041759,,,0.1857420207218795,-1.2381150639079876,-1.0148101554075213
NA19257,YRI,African Ancestry,Yoruba,11.378769432879917,-3.9847493772352385,22.531996,-0.5013188,6.114435707855925,-1.9019484369893132,,,1.8312581116449973,-2.0171529152255343,-0.4333008123756296
NA19307,LWK,African Ancestry,Luhya,8.629713615164702,-2.122260492920492,24.162659,-8.478547,4.48516269135941,-0.37530694382216634,,,-1.7239964776996917,5.280674808817379,4.084075769733873
NA19308,LWK,African Ancestry,Luhya,10.097866651964138,-3.2526251663510672,19.222795,-3.3815236,5.102907136751773,-1.3720837564944866,,,1.413785016905759,0.7670035045817537,-0.44136612146610205
NA19309,LWK,African Ancestry,Luhya,9.454102945407255,-4.485175493708538,19.998722,-2.0580657,5.467197848268377,-1.2477026542927314,,,1.0318597413783412,1.438560674811764,0.9222691550765838
NA19310,LWK,African Ancestry,Luhya,10.335156399328348,-3.246576452460709,24.591766,2.3612204,5.718809045009213,-1.0452836818022582,,,1.0293813308944164,1.3950281221584975,-2.199791330313778
NA19311,LWK,African Ancestry,Luhya,10.17428865920251,-2.5967079815701526,21.455065,-3.3438418,5.302455374118769,-0.6865451951164991,,,0.929276439650724,0.7418757143011675,0.3822974839034416
NA19312,LWK,African Ancestry,Luhya,9.678257881343592,-3.5928179545404832,24.136198,-8.371647,5.194182886270211,-0.893038770326493,,,0.4988929716027738,4.027583930695528,3.817171481761332
NA19313,LWK,African Ancestry,Luhya,10.17419949450572,-3.87290967752386,18.007715,-9.579795,5.426863816229451,-0.5078697722832191,,,1.5068949023243738,5.440449455351305,-10.421858296119057
NA19315,LWK,African Ancestry,Luhya,9.777278540643051,-2.634232673204129,16.20123,1.2378206,4.7025501650385575,-1.5891387499539227,,,0.008440369796490375,2.211473463906155,-1.039055248164535
NA19316,LWK,African Ancestry,Luhya,9.90612781506413,-4.402868237917757,19.539965,-3.8063488,5.567112315488531,-1.526877147983091,,,1.5517973621199073,1.7518657477571713,1.4801971426215372
NA19317,LWK,African Ancestry,Luhya,10.751575766038252,-4.383414475821431,27.517628,-4.5683537,3.9541750900389063,-1.536743868118736,,,2.1930810082941745,-0.1584775412482054,0.6983699260181347
NA19318,LWK,African Ancestry,Luhya,9.96843187438727,-4.486077272773417,21.986782,-3.46609,5.172407791089198,-2.0818849766509193,,,1.698240249616532,1.8162364269609528,-0.13496239078158964
NA19319,LWK,African Ancestry,Luhya,9.606407922793633,-3.1529544852259415,16.819418,-3.6960976,5.1219741956927365,-1.1128777144955322,,,-0.8381709337138968,1.9583448864457376,-1.340857305073868
NA19321,LWK,African Ancestry,Luhya,10.19725960017357,-4.419586047358474,22.387455,-6.458474,4.97859817638069,-1.4404226095436092,,,1.1981925580640085,3.437857996990834,0.8969322097415597
NA19324,LWK,African Ancestry,Luhya,10.256316678917047,-3.132752551547692,20.71534,-2.690031,5.310543661738119,-1.2543905507923072,,,0.46755569691240195,0.4683973748386864,1.8908569532451391
NA19327,LWK,African Ancestry,Luhya,9.459445885154377,-4.657930446697315,21.914503,-4.680414,6.068922466790946,-1.6103396218897772,,,0.4643845826594614,3.0298685325391603,2.3239486236880644
NA19328,LWK,African Ancestry,Luhya,10.295674897411644,-3.7812063397626163,16.686089,-3.6047251,5.233637411383759,-1.6008783911928726,,,0.9405301969963304,3.724709885127465,-0.6102490929042812
NA19331,LWK,African Ancestry,Luhya,9.88648807357841,-4.211621893420285,17.997856,-9.608248,5.57364588902327,-1.685643604230131,,,1.5298103083929013,6.112060929184743,-12.32139240592906
NA19332,LWK,African Ancestry,Luhya,10.222113288154011,-3.6934255821330018,22.578506,1.1866579,5.261619371207171,-1.4967153387450356,,,0.6598544225313429,-0.5328402738445204,-1.4387974716445395
NA19334,LWK,African Ancestry,Luhya,9.585636747271534,-3.9729408255147804,17.998308,-9.611134,5.224300273859937,-1.474443780634883,,,1.4881368978072496,6.2148793105396924,-12.128197657666178
NA19338,LWK,African Ancestry,Luhya,11.18658524572332,-4.548765145148631,24.64389,-6.686138,6.537778792887633,-1.4249777010778275,,,2.2753557652417262,3.7741933624097754,2.6933173549697704
NA19346,LWK,African Ancestry,Luhya,9.344059116465369,-4.112705767731275,20.465427,-7.2892113,4.494093170536756,-1.3555518730744138,,,0.9911975714779298,2.064930647682945,2.3895729867103364
NA19347,LWK,African Ancestry,Luhya,10.296432533112188,-3.1526026945272774,22.779205,3.9044979,5.566247036065305,-1.5738212574038828,,,0.7893935244854375,2.013973918725746,2.347911402055067
NA19350,LWK,African Ancestry,Luhya,9.267811735928003,-4.879066454733784,20.658655,-4.287157,3.754482791664918,-1.7795156820384905,,,0.5054742369179334,1.8438573001942349,3.0370822347047133
NA19351,LWK,African Ancestry,Luhya,10.257926186878931,-3.7953981009571462,22.886023,-4.1826687,4.615123895172828,-1.1443172686407577,,,1.207660850588172,1.0172308011744715,1.3984868055379087
NA19352,LWK,African Ancestry,Luhya,9.904865449005351,-2.0520889259243367,22.772226,3.9637973,4.944413834573475,-1.146239332569642,,,-0.6945343591966447,3.396299523572645,1.204059101458226
NA19355,LWK,African Ancestry,Luhya,8.364083441443201,-3.4003328037083795,19.586504,-3.892343,4.357550456945886,-0.4861776423571631,,,-1.2354105532788477,2.6592959180502023,1.4612462666259054
NA19359,LWK,African Ancestry,Luhya,9.673404959920903,-3.464467760881827,21.812489,-4.6922946,5.457412775712005,-1.1013365403202844,,,0.3074480253194054,1.8258257187256042,1.9403211949294288
NA19360,LWK,African Ancestry,Luhya,9.923739531853553,-3.999657470170125,24.202871,-8.396703,5.997525611190523,-0.8530803919679388,,,0.8903578518693531,3.8711216316892556,3.335486691074603
NA19371,LWK,African Ancestry,Luhya,8.432332569455557,-3.381290918537684,22.607098,4.457484,4.054268529005216,-1.0284885441908758,,,-0.6658235680263442,0.7416994511766912,1.9451074600897946
NA19372,LWK,African Ancestry,Luhya,10.319337012240968,-5.090159556266943,20.952509,-7.479882,5.473944991602555,-1.0367790006369724,,,3.2345048363352866,3.1086915010503713,-0.14400103919899138
NA19373,LWK,African Ancestry,Luhya,7.866905798301978,-4.472548801046332,15.037212,-7.765574,4.302456869081035,-0.9914837848558622,,,-1.4136578773917563,4.521429890871245,4.41744211582828
NA19374,LWK,African Ancestry,Luhya,8.514692429299574,-3.557230059260939,15.034797,-7.761352,3.686276329506428,-0.483533439003343,,,-1.2986218794975086,3.767316684067766,2.9301785143564696
NA19375,LWK,African Ancestry,Luhya,9.432737750104376,-3.1509298150631446,24.579168,-3.8496203,4.569136036242238,-1.199908841621077,,,-0.3579243807259501,3.0108258314632916,1.8307057915768434
NA19376,LWK,African Ancestry,Luhya,9.371712835393694,-2.761914756578588,21.05637,-3.7546024,5.017649387133578,-1.6468107583969478,,,-0.009124342701731078,2.891930248769055,3.2525193536027612
NA19377,LWK,African Ancestry,Luhya,10.260357799576148,-3.9344373768761,18.759031,-1.9661957,5.073370274402315,-1.023805094224044,,,1.041355384758205,1.4118923497995857,-0.000829551450517311
NA19379,LWK,African Ancestry,Luhya,10.614340433117608,-3.8389525673336697,19.200022,-6.0292454,5.385624054830484,-0.8878059174894952,,,1.6960553434898988,1.940441379300007,-2.8216317151061583
NA19380,LWK,African Ancestry,Luhya,10.975055919704491,-4.197795650837109,24.589561,-7.371653,4.987310956883606,-1.2368941667760756,,,3.769294698341923,3.812572739775067,4.9306089651611735
NA19381,LWK,African Ancestry,Luhya,9.929082597836983,-4.292134374711016,24.382736,-7.967453,5.460686597866556,-1.4301670515558635,,,1.1983684851174365,6.356678282305205,6.541568202409023
NA19382,LWK,African Ancestry,Luhya,10.441952725248278,-4.460249810150745,24.49111,-7.6815515,4.682749771402485,-1.5507599993761976,,,2.668419523102286,4.661605416573186,4.3256768992650425
NA19383,LWK,African Ancestry,Luhya,9.914362017154332,-4.121197011463038,20.281786,-8.842979,5.403801831516551,-1.7663414596689564,,,1.5280341804102522,2.289826183842217,-1.889470108158756
NA19384,LWK,African Ancestry,Luhya,10.192734422450389,-3.4028386802044066,17.975626,-2.646492,5.492006606349575,-0.9351978556816878,,,1.2011473440902243,1.4199769696984195,-3.5916355102521464
NA19385,LWK,African Ancestry,Luhya,10.791737421337517,-3.5597121104962044,19.756214,-7.0205345,5.2928152277691245,0.14072935482072557,,,1.101868290591903,0.9723971178618357,-0.9587325392205701
NA19390,LWK,African Ancestry,Luhya,9.64782355970263,-2.811444477946659,22.793001,1.605986,4.029967955303777,-0.4533980441728951,,,0.23426734970245305,-0.08586965025723711,0.3918889874456803
NA19391,LWK,African Ancestry,Luhya,10.144992405733193,-3.414356657690674,22.82065,-2.881052,4.939462774802108,-0.7854033810932339,,,1.5843737071776358,0.5364983388419998,0.48846631006138647
NA19393,LWK,African Ancestry,Luhya,10.121158724768408,-4.47976989405215,26.896338,-4.7062054,5.146135935784428,-1.6191867206539259,,,2.48194345800481,-0.6539201475065737,4.697723285242842
NA19394,LWK,African Ancestry,Luhya,10.098289831703083,-4.458885292415197,23.989973,-5.2317605,4.965353153225097,-1.6437986474501005,,,1.6194294405631935,1.3385596435411744,0.6681082744514103
NA19395,LWK,African Ancestry,Luhya,9.436904693812732,-4.322609964596814,23.70788,-5.3234096,3.819339210256838,-2.0076333970441365,,,1.1877633294870171,0.5930794357488395,1.8973315772574455
NA19396,LWK,African Ancestry,Luhya,9.604675500527375,-4.547906702917563,20.830185,-3.8584633,4.988594916454298,-0.8747356385524148,,,0.8954152226838389,4.4500057522298935,-0.04905166206386165
NA19397,LWK,African Ancestry,Luhya,8.037047581263796,-4.043982720090583,20.783272,-3.7691898,4.50749216881084,-1.1964793559140618,,,-0.8888433222157314,3.1230184736995295,0.5277220087214426
NA19398,LWK,African Ancestry,Luhya,11.271955100878806,-2.1680738430014186,25.623182,-7.2572246,5.253517664753098,-0.4727312795613807,,,2.177072071270031,0.49264128562517967,2.3157593065192423
NA19399,LWK,African Ancestry,Luhya,10.438195303196323,-3.9510636108360613,24.376688,-3.290125,5.497144447599167,-1.3111980898485434,,,1.3939205432520057,0.6468734700771396,-1.4812427378502058
NA19401,LWK,African Ancestry,Luhya,9.706888937870842,-3.3601520177934487,17.26153,-1.3717108,3.9221253246589782,-0.8223002274920614,,,0.1911940743127245,-0.35996272497978105,-1.4030413666407773
NA19403,LWK,African Ancestry,Luhya,10.266201597871113,-3.520923136998662,15.858436,-1.3759052,5.2048405321359335,-0.83274093048307,,,1.328579432843006,1.2403542214167598,-1.6458256361573311
NA19404,LWK,African Ancestry,Luhya,9.302731948263505,-2.8610916634058414,17.288147,-1.4300472,5.66472665585183,-1.6157462070699684,,,-0.08953117702880262,1.042634201476006,1.3944119752172557
NA19428,LWK,African Ancestry,Luhya,9.79609753338042,-3.0576904123662905,17.593496,-7.3619466,5.095148241178622,-0.40459121670478515,,,1.432962225052732,2.0709951211609767,2.6852778647444184
NA19429,LWK,African Ancestry,Luhya,10.794673633645512,-4.352927225615637,26.82314,-4.111089,4.352761525224877,-0.7953397114364393,,,1.9113735115067627,0.47012564793300476,3.2327469054741313
NA19430,LWK,African Ancestry,Luhya,9.76407415601644,-3.4543648794071737,20.254353,-8.888824,4.932911546663197,-1.0709351631743251,,,0.2584394850310739,3.0098184526095597,-2.3784099324065786
NA19431,LWK,African Ancestry,Luhya,10.690370345053047,-5.125848987762271,22.40776,-4.152583,5.478637360325003,-0.8918128002087728,,,2.025676623651386,1.4505891657678278,2.2547893529714944
NA19434,LWK,African Ancestry,Luhya,8.958479262576121,-4.042479504362714,18.336168,-4.9050007,4.76663047405281,-1.7336187421616946,,,-0.5004755725100484,4.610526271040292,-2.136397242743163
NA19435,LWK,African Ancestry,Luhya,10.152230147001093,-4.25172747304572,21.64607,-5.221215,5.412877534720386,-1.3613243813891471,,,1.3348311583222792,6.155450649464164,1.2145057793667962
NA19436,LWK,African Ancestry,Luhya,8.749154924417669,-4.312993650263457,16.964516,-4.003984,4.897907552715198,-1.9961766979753062,,,0.3115266659426157,1.893018931368485,0.12089847621153663
NA19437,LWK,African Ancestry,Luhya,9.79427603748947,-3.1720050796903587,20.877554,-6.030643,4.9335277131060895,-0.38064800264463683,,,0.57358408420787,2.7477663550458407,-3.028247543568075
NA19438,LWK,African Ancestry,Luhya,10.195455264468242,-3.8231228866698244,20.477476,-2.8824866,5.082054115044201,-0.7416623872991566,,,1.2864566075979105,1.8582973472186444,5.328457588315413
NA19439,LWK,African Ancestry,Luhya,10.677877693933665,-4.136493950923129,19.611038,-6.557853,6.618555535965435,-1.4475188838215431,,,1.3787601613806173,3.8662194284499356,0.48835073706807547
NA19440,LWK,African Ancestry,Luhya,8.74400880988667,-3.5799023638720096,20.22142,-5.0259748,4.320712150180611,-0.4094481214581025,,,-0.4033795905686873,-0.770233530633856,4.132230165695766
NA19443,LWK,African Ancestry,Luhya,11.034457805620931,-3.4405780292898376,22.419897,-8.419584,4.797892782731201,-0.25298478731577756,,,2.101958155535611,2.556904796289618,3.014205326593374
NA19444,LWK,African Ancestry,Luhya,9.230222452357886,-3.079529545511785,18.419807,-4.7567983,4.449578277975835,-1.328490739543867,,,-0.7489964998527548,3.9839536691013353,-1.3590504291834553
NA19445,LWK,African Ancestry,Luhya,9.442260815667977,-3.5175935974762984,17.590078,-5.6842566,4.264144597651107,-1.3136728612425128,,,0.32682758221718655,3.375655531000399,1.2402401227967697
NA19446,LWK,African Ancestry,Luhya,10.586573457771058,-3.165505112146106,18.812017,-4.8461266,5.8746044552881695,-0.45135576130027166,,,1.3755737950192255,3.6891117127471227,-0.41137071215371823
NA19448,LWK,African Ancestry,Luhya,9.789078475181254,-3.854922514435965,15.533396,-5.189104,4.962403028740633,-1.0734723355072457,,,0.3208790949480536,1.2448274080094777,0.1227866742292011
NA19449,LWK,African Ancestry,Luhya,10.877650131852029,-3.448794393420312,22.521189,-3.2280557,5.655778961496458,-0.7759218333587317,,,2.300074031058658,2.3239009222019016,0.8210737001312169
NA19451,LWK,African Ancestry,Luhya,10.557232400221535,-3.3443413132512765,15.450899,-5.142613,5.103239338459433,-2.6740697677809315,,,1.5322870174805274,1.044467821842406,0.4088458432043578
NA19452,LWK,African Ancestry,Luhya,8.973286710691118,-3.5879447954381876,15.481484,-5.1405587,3.8103209055755167,-1.4324512209517755,,,-0.03019694796192712,0.01090536562468864,1.0707890371022157
NA19453,LWK,African Ancestry,Luhya,9.770238580499013,-3.510845606148968,17.664898,-5.621484,5.224016306798912,-1.0417709470073881,,,0.572192967099558,3.889661507893638,0.7648539693347565
NA19455,LWK,African Ancestry,Luhya,9.80246838003295,-3.0862023234329223,20.366678,-4.6829944,5.439618701316047,-1.0453989339055259,,,0.6385234897182122,2.7896978645596846,2.1651267598035178
NA19456,LWK,African Ancestry,Luhya,10.282012430186695,-4.8547926598371705,21.028152,-6.241499,5.488785859307945,-1.6421312774631156,,,1.8767672217306741,4.217092717512236,-0.9170016784965641
NA19457,LWK,African Ancestry,Luhya,9.234525328873538,-3.111469000952309,20.12991,1.6725899,3.753552746045461,-0.4490862415866199,,,-0.13758051717858732,0.37547701684637924,-0.04627307516448439
NA19461,LWK,African Ancestry,Luhya,8.119581671662605,-2.84817764974878,20.090656,-2.9612994,4.110295987093057,-1.548761816259336,,,-1.235473167954021,1.9104934904668385,0.3380567333824685
NA19462,LWK,African Ancestry,Luhya,9.993493816315631,-5.368681247160716,21.09851,-5.9555044,5.5283433712253025,-0.9894452106387441,,,1.8838593961309753,2.4415189128445296,0.39827270867851894
NA19463,LWK,African Ancestry,Luhya,9.548171500930936,-3.310782729942809,24.976402,-4.4899044,4.190918285533691,-0.7655167935423464,,,0.7835557809694806,0.9862507176985625,1.5457545329787077
NA19466,LWK,African Ancestry,Luhya,9.49619085424335,-3.098015754267883,23.389706,-5.501814,4.872276888369902,-0.9481147010666766,,,-0.16279302130206602,3.8683715780856205,1.3344455137567952
NA19467,LWK,African Ancestry,Luhya,9.66436273960511,-3.913019388676708,18.335287,1.9158032,4.418336711170554,-0.8670474627083751,,,0.09869903300047295,0.3976490700447539,-0.5102518816566679
NA19468,LWK,African Ancestry,Luhya,10.04792238871979,-4.094717767214624,23.277311,-5.86858,5.018794163225049,-1.2930364232310407,,,0.627390651180777,0.9979965677285447,1.8311362734811427
NA19469,LWK,African Ancestry,Luhya,10.571233772597518,-3.4633952291785546,22.342304,-8.374795,5.074213029443482,-0.4015775724542654,,,0.8941069934488849,5.010839186652636,1.1680586624544447
NA19470,LWK,African Ancestry,Luhya,11.155721049835885,-4.31792666485759,22.374855,-8.427772,5.148390833299847,-0.4073943968417546,,,2.3527820238481194,4.134399548026228,2.461791379932473
NA19471,LWK,African Ancestry,Luhya,8.455469131677141,-3.5267117793007197,17.661156,-7.3416753,4.54721615601513,-0.7648562132321803,,,-0.45726572912757774,2.923864221361293,-0.6089489551716802
NA19472,LWK,African Ancestry,Luhya,9.94052599649771,-3.8834773888388723,18.072657,-3.4232655,6.599354812747423,-1.2274019978289399,,,-0.0754474332227425,3.9327571541826702,-3.153742489955344
NA19473,LWK,African Ancestry,Luhya,10.202738651958573,-3.8461043560243544,17.072754,-2.1962235,5.077599739521859,-0.36910852570670816,,,0.6525752199485055,0.10386564891335155,-0.8187781364519479
NA19474,LWK,African Ancestry,Luhya,7.6021467861578085,-3.10949547691217,19.964642,-0.8821287,3.3901983417748935,-0.23428470865886997,,,-1.2366703099885945,-0.9678786075963686,-1.2671239677674595
NA19625,ASW,African Ancestry,African Ancestry SW,4.557078583705501,1.5292861602053147,-2.219144,-4.1729097,2.6736670221472094,0.31322063115776366,,,-7.619245441918505,-0.40546092452530136,2.4173805176930823
NA19648,MXL,American Ancestry,Mexican Ancestry,-2.014983285060201,5.40070158088609,-6.92036,16.347301,-0.23749798681005846,0.9277159954724268,,,,,
NA19651,MXL,American Ancestry,Mexican Ancestry,-2.5083783438485407,4.05554085924495,-5.9807315,0.28692922,-1.5475499339359704,1.15011836891198,,,,,
NA19652,MXL,American Ancestry,Mexican Ancestry,-1.7974312652902638,3.6851965896786703,-3.2345703,1.9445475,-1.2238405132987502,1.158401131700069,,,,,
NA19654,MXL,American Ancestry,Mexican Ancestry,-1.8473830372185462,1.5047198323948061,-4.12953,2.3958688,-1.8019402477819957,0.49204788013881506,,,,,
NA19655,MXL,American Ancestry,Mexican Ancestry,-2.857966885361917,1.1557765412002077,-5.38064,0.59993905,-0.6859211335391712,-1.2432438620162922,,,,,
NA19657,MXL,American Ancestry,Mexican Ancestry,-3.1892034916467966,1.1379320760049483,-3.8435216,-0.9328433,-0.9474983189595325,-0.6492729568257944,,,,,
NA19660,MXL,American Ancestry,Mexican Ancestry,-2.4077264302954915,0.9228030484166183,-1.4286089,-2.4630697,-1.514232295814102,-0.5329657235309924,,,,,
NA19661,MXL,American Ancestry,Mexican Ancestry,-2.5864232099375526,1.9231913881966087,-2.3789718,-2.3880782,-0.9338665289897661,1.1779299992136043,,,,,
NA19663,MXL,American Ancestry,Mexican Ancestry,-2.4734204463924794,0.8589345543407383,-5.6574335,-0.24218087,-0.8372182300297326,-1.240487627724086,,,,,
NA19664,MXL,American Ancestry,Mexican Ancestry,-2.0032758898663814,2.0460375038832948,-0.7173256,-0.03540281,-0.9978903579491926,0.9931503249128195,,,,,
NA19672,MXL,American Ancestry,Mexican Ancestry,-2.7278044059317406,1.8889219584470505,-1.3558589,-2.3688533,-1.1860574275902418,0.44943586991673157,,,,,
NA19675,MXL,American Ancestry,Mexican Ancestry,-0.7357616785258999,2.2172985891292525,-10.601886,8.474352,-0.9216948680000122,-0.2530317619537614,,,,,
NA19676,MXL,American Ancestry,Mexican Ancestry,-1.4574578500340898,2.758510110881672,1.0404551,2.7269518,-1.014498432420015,1.207521159820783,,,,,
NA19678,MXL,American Ancestry,Mexican Ancestry,-1.6673947830687395,2.4763563752224984,-10.560089,8.549859,-1.0600514578888587,0.47283089905731757,,,,,
NA19679,MXL,American Ancestry,Mexican Ancestry,-0.5422297973701262,3.0386229159595843,-10.64426,8.438574,-1.046862085728204,0.3620363863211318,,,,,
NA19681,MXL,American Ancestry,Mexican Ancestry,-4.076463709575538,-0.3408581847415446,-1.472119,-0.5381273,-2.583842744014447,-0.5316489327253087,,,,,
NA19682,MXL,American Ancestry,Mexican Ancestry,-1.9303050396487453,1.1262209833874914,-4.9003415,0.34413284,0.04673047268453623,0.1699581549282736,,,,,
NA19684,MXL,American Ancestry,Mexican Ancestry,-0.913760376614458,2.9833869627419496,-5.164569,0.8827121,-0.7808278997257703,0.12273043110518222,,,,,
NA19685,MXL,American Ancestry,Mexican Ancestry,-3.1226698882247836,0.46098417331364594,-1.9926149,-2.363122,-1.4627359396257673,0.00471322512589345,,,,,
NA19700,ASW,African Ancestry,African Ancestry SW,6.823937499635106,-0.9505545825983779,14.694253,0.5107005,3.88509959904275,-0.7667191831132252,,,-4.410527744410507,-0.3493995120320906,-0.9514932599007188
NA19701,ASW,African Ancestry,African Ancestry SW,8.782604377688795,-3.6573746226528216,18.036448,0.75633276,4.326806291439585,-1.105837510409084,,,-0.5041274467862333,-2.6094691515490416,0.6948832286366242
NA19703,ASW,African Ancestry,African Ancestry SW,9.112394255574495,-3.679940740430566,26.585604,-3.4312453,4.535008634529457,-1.7761487760140127,,,0.09090970529093738,-1.5807261897516762,3.3941152288089613
NA19704,ASW,African Ancestry,African Ancestry SW,11.424589425189525,-3.4134801060290583,27.2057,-2.0442383,5.378312170282854,-0.9024468694256815,,,2.328489508656836,-2.3849892598554896,-0.3079299366588921
NA19707,ASW,African Ancestry,African Ancestry SW,4.532009290089585,-9.785503971482257e-05,9.028556,5.284136,2.8738959609920824,0.20616320953459244,,,-6.167276234487861,-1.4343625601485575,0.35029062802527733
NA19711,ASW,African Ancestry,African Ancestry SW,9.532326755274989,-2.6822151211041243,23.59871,-1.0099728,5.172085218107686,-1.6247851307278216,,,0.253393211550661,-2.8170882128181067,-0.5973973796667738
NA19712,ASW,African Ancestry,African Ancestry SW,7.404337876367297,-0.869372602815452,15.746055,4.144627,2.9524128770908504,0.09517476028980054,,,-3.07700135006535,-1.4881346502001238,-1.2611561098225885
NA19713,ASW,African Ancestry,African Ancestry SW,7.480468723911152,-1.6261860479164234,20.15297,1.810814,2.5053030351392866,-0.5443008845128041,,,-3.360172225090455,-1.034715575455396,-0.12685916350214202
NA19716,MXL,American Ancestry,Mexican Ancestry,-2.2666391463436497,2.882019307064389,-4.4232836,1.7087845,-1.1851704636657092,0.8239189257580706,,,,,
NA19717,MXL,American Ancestry,Mexican Ancestry,-4.606580226447216,0.2900572026475423,-4.7820206,-1.6687387,-1.9411637095269447,-0.4683283999956154,,,,,
NA19719,MXL,American Ancestry,Mexican Ancestry,-1.0396691534317468,3.345825284452685,2.0977767,5.5361195,-1.2933324815355682,1.0559774963544069,,,,,
NA19720,MXL,American Ancestry,Mexican Ancestry,-2.474443390626499,0.9455012843677855,-2.1908412,1.0380145,-0.5250849601592715,0.6113515077863179,,,,,
NA19722,MXL,American Ancestry,Mexican Ancestry,0.34876291804551063,1.573571031721106,0.95152843,3.0361817,0.3044653687038179,0.6757152744702877,,,,,
NA19723,MXL,American Ancestry,Mexican Ancestry,-1.873152895399815,1.1462198408148696,-4.800924,0.186689,-0.6242807133779713,0.06771626220904459,,,,,
NA19725,MXL,American Ancestry,Mexican Ancestry,1.0454240606566276,1.6562820181921465,2.177401,3.8546736,-0.06017408081303166,0.03758162423599032,,,,,
NA19726,MXL,American Ancestry,Mexican Ancestry,-5.286543398367913,-1.108634231283279,-4.087901,-2.0427005,-2.3977010203590723,-1.096135555289853,,,,,
NA19728,MXL,American Ancestry,Mexican Ancestry,-2.517549991085933,0.09708504964776665,-1.7983983,-0.9086219,-1.1109865460978794,-0.53703948397651,,,,,
NA19729,MXL,American Ancestry,Mexican Ancestry,-3.0439374866383595,5.422725663725693,-6.772033,-0.18109508,-1.1024672955379562,1.9167545503129175,,,,,
NA19731,MXL,American Ancestry,Mexican Ancestry,-4.986770304022928,0.7667010885120327,-5.0633926,-1.163961,-1.5677669790335882,-0.38723178307482575,,,,,
NA19732,MXL,American Ancestry,Mexican Ancestry,-4.777333526046137,-0.127299206337824,-4.5642233,-1.5111625,-1.5286612018029893,-0.8086730382953919,,,,,
NA19734,MXL,American Ancestry,Mexican Ancestry,-3.33836598900863,1.9211204278084377,-2.8211186,1.3274267,-2.2253843444627703,0.20961265126199802,,,,,
NA19735,MXL,American Ancestry,Mexican Ancestry,-2.8779719230766814,2.4558451224377107,-6.752032,-0.3548123,-0.530590958384433,0.6674616333846537,,,,,
NA19737,MXL,American Ancestry,Mexican Ancestry,-3.8913455442320743,0.5300870034999408,-5.1161666,-1.8322185,-1.9593186223356183,-1.3614154728971344,,,,,
NA19738,MXL,American Ancestry,Mexican Ancestry,-3.067998404940927,2.209499596932002,-3.962722,-2.2675986,-1.5099856997331642,0.695798031729886,,,,,
NA19740,MXL,American Ancestry,Mexican Ancestry,-1.726839981196468,2.7397632725522114,-3.8083253,0.733308,-0.450621190503496,0.6475090067179274,,,,,
NA19741,MXL,American Ancestry,Mexican Ancestry,-4.266927107023456,-2.2104731360164047,-5.0444307,-2.4270818,-2.2954203378321276,-1.4474434416241797,,,,,
NA19746,MXL,American Ancestry,Mexican Ancestry,-1.516196119446588,1.1489767671672189,-0.025112776,1.3035794,-0.8929788735294049,0.6322115952468665,,,,,
NA19747,MXL,American Ancestry,Mexican Ancestry,-3.032300490850053,1.0450156394226724,-2.7135096,-0.9805899,-0.7009538055610836,0.06984853760502086,,,,,
NA19749,MXL,American Ancestry,Mexican Ancestry,-4.358147077124315,-2.2812403200841898,-8.077521,-20.232351,-2.323238061698075,-1.1339436031674754,,,,,
NA19750,MXL,American Ancestry,Mexican Ancestry,-0.5933516834106177,3.7547545786275855,-2.790793,9.717039,-0.36123473633340547,1.2714047874383327,,,,,
NA19752,MXL,American Ancestry,Mexican Ancestry,-2.025199363872619,1.4123026876888511,-2.98993,-2.5899065,-1.758688778836376,0.5757159271582606,,,,,
NA19753,MXL,American Ancestry,Mexican Ancestry,-3.2922546281840113,0.47293131228018837,-4.9073243,-1.8707134,-0.7176899601120736,-1.3812136044142083,,,,,
NA19755,MXL,American Ancestry,Mexican Ancestry,-2.619867151051641,1.3954327843229448,-1.5633136,2.1786892,-1.1405170406530476,0.527824753105615,,,,,
NA19756,MXL,American Ancestry,Mexican Ancestry,-1.471216959645675,0.7385785973484653,-2.7904387,0.028013684,0.08302794519679313,-0.391430436103013,,,,,
NA19758,MXL,American Ancestry,Mexican Ancestry,-3.3206218011682016,-0.8269129975592042,-1.4372538,-1.2002398,-1.3479622483194593,-0.39054289435823897,,,,,
NA19759,MXL,American Ancestry,Mexican Ancestry,-4.134723711619488,-0.2650301592496813,-4.5340023,-0.29237562,-2.5328904417507445,-0.34437994090086654,,,,,
NA19761,MXL,American Ancestry,Mexican Ancestry,-3.595564066087401,0.1898361567140716,-1.2901106,-0.96318454,-1.3745251559697558,0.8799570886467463,,,,,
NA19762,MXL,American Ancestry,Mexican Ancestry,-3.426577656334095,2.1414676743458507,-5.334853,-1.2802818,-1.8603794772602724,0.4880404525279456,,,,,
NA19764,MXL,American Ancestry,Mexican Ancestry,-3.922577574574946,-0.30570812755880095,-5.4189816,-2.206367,-1.805726503741573,-0.8664434883123473,,,,,
NA19770,MXL,American Ancestry,Mexican Ancestry,-2.7455683908516573,2.5699247630726756,-4.0629563,-0.18376948,-1.4676171089379495,1.2844821152407055,,,,,
NA19771,MXL,American Ancestry,Mexican Ancestry,-0.03366398999426801,3.09911556858724,-9.122991,10.146684,0.2277962025069562,1.5624346854746047,,,,,
NA19773,MXL,American Ancestry,Mexican Ancestry,-2.018648935910565,2.1977634600855103,3.7000155,10.752313,-1.4127110856101392,0.7552193738700459,,,,,
NA19774,MXL,American Ancestry,Mexican Ancestry,-0.9948426784476023,0.768219997715768,-5.703926,-0.6100028,-0.16793275354391157,0.18586718825561066,,,,,
NA19776,MXL,American Ancestry,Mexican Ancestry,-0.9526117528150223,0.4948291045968123,0.3373501,0.9101054,-0.3409717898759299,0.5812915802386251,,,,,
NA19777,MXL,American Ancestry,Mexican Ancestry,-1.219883511445571,3.1123839320009252,-6.247706,-0.85926104,-0.13073409878223596,0.7631667121525045,,,,,
NA19779,MXL,American Ancestry,Mexican Ancestry,-2.6838208046433456,2.365009756881016,-7.4360943,2.1143486,-1.5661000324158743,0.6441163715656297,,,,,
NA19780,MXL,American Ancestry,Mexican Ancestry,-0.23798226011015133,3.3211936454651587,1.9115406,6.72077,-0.2100498079502055,1.1379057595030981,,,,,
NA19782,MXL,American Ancestry,Mexican Ancestry,-4.069026612785432,0.5039403629822958,-5.469137,0.050875805,-3.0708634066586473,-0.25636365049913534,,,,,
NA19783,MXL,American Ancestry,Mexican Ancestry,-5.309809141359073,-2.9928632186547484,-4.6930976,-1.3943557,-2.5290797903836246,-1.0291458979948764,,,,,
NA19785,MXL,American Ancestry,Mexican Ancestry,-2.377021004852468,3.0745519697379136,-2.9065642,2.6207457,-0.18774280573113394,1.4640610977549433,,,,,
NA19786,MXL,American Ancestry,Mexican Ancestry,-3.133761478284529,2.028325409077654,-3.829993,-0.98842055,-1.2676843356373353,0.46983020543196075,,,,,
NA19788,MXL,American Ancestry,Mexican Ancestry,-3.9390842014965277,-0.24250035142042936,-4.321956,-0.32252815,-1.6502796852992905,0.6494423437716792,,,,,
NA19789,MXL,American Ancestry,Mexican Ancestry,-1.6220548546495832,1.1255225591274511,-3.1431468,-0.72010946,-1.2181359624198627,0.5648437044366084,,,,,
NA19794,MXL,American Ancestry,Mexican Ancestry,-2.4055335772853503,3.011123469210079,-6.3505163,-1.3055582,-2.0467390311957683,0.12258094509101647,,,,,
NA19795,MXL,American Ancestry,Mexican Ancestry,-3.533402220408346,1.3780363829716826,-4.117002,0.08688426,-1.113575961749439,0.23187128957383996,,,,,
NA19818,ASW,African Ancestry,African Ancestry SW,10.395123296725066,-4.7181726285401195,21.846552,-2.4507551,5.199761805311659,-1.6794595795450138,,,1.9660479232089059,-2.161989344669233,0.17042860544786878
NA19819,ASW,African Ancestry,African Ancestry SW,7.188822625312936,-2.656814993725333,20.467747,-0.6656212,3.2246317826942548,-0.2990053123852803,,,-2.4165066663317782,-0.4940457563382795,-0.628128369799299
NA19834,ASW,African Ancestry,African Ancestry SW,7.199265479593679,-1.0426417034280169,16.755299,2.3672633,3.1325834033962954,-1.527502117326863,,,-3.6999810440552823,-1.5971853435625434,0.3987613902785744
NA19835,ASW,African Ancestry,African Ancestry SW,8.195913509791264,-3.3732394198762377,17.224833,0.09635293,2.673381957923236,-0.3765829719949685,,,-1.123177572673494,0.20515324991208267,-0.38743808406408425
NA19900,ASW,African Ancestry,African Ancestry SW,8.514515658384175,-2.2512411244717727,14.041768,0.724622,4.965541505310115,-0.9739415662467303,,,-2.101517388327269,-1.8745658239266272,2.073112450892135
NA19901,ASW,African Ancestry,African Ancestry SW,6.026618291426232,-3.0205954804140758,6.4906273,0.9074677,3.2270623843153823,-1.3239663642019663,,,-4.381763651704622,-0.13767783449644566,-0.059178330366789496
NA19904,ASW,African Ancestry,African Ancestry SW,11.059837994982201,-4.8710991505467005,25.918835,-3.338133,5.048616642507411,-2.0827211646085204,,,2.497330741506063,-3.7151715878058855,2.8331612696081634
NA19908,ASW,African Ancestry,African Ancestry SW,9.565601124794062,-2.1489811799213365,16.178835,-0.18872668,4.319394559376871,0.43820710231263393,,,-1.0801339138513049,0.711094073418923,-1.130885308810389
NA19909,ASW,African Ancestry,African Ancestry SW,10.066226594447613,-4.588540461570001,23.794495,-1.2688909,5.056954395210993,-1.0252703807051473,,,1.153122548279735,0.13081503489575488,-1.496876356308522
NA19914,ASW,African Ancestry,African Ancestry SW,7.854022165065082,-3.8110390102855076,20.807024,-2.2551627,4.0224706098675345,-1.054595379199326,,,-0.6720560230093642,0.4502141579246599,-0.07161140330367283
NA19916,ASW,African Ancestry,African Ancestry SW,10.978438468332872,-4.193137752557173,24.553122,-5.043331,4.934388450509147,-0.541605753359327,,,2.480110213642314,-1.1884452975827178,0.962504390389047
NA19917,ASW,African Ancestry,African Ancestry SW,8.752659305639737,-5.046364762782292,21.25279,2.9920416,4.6911958195965635,-1.576980291816351,,,0.4596009083463264,-0.18569713129630783,1.2650389068785552
NA19920,ASW,African Ancestry,African Ancestry SW,10.064170671201953,-4.173647042952122,20.478977,1.1329678,4.517914459160689,-1.6520584337021487,,,0.495771116031657,-3.14469140928499,1.0136547582510498
NA19921,ASW,African Ancestry,African Ancestry SW,4.111451964151238,0.5493115944880733,15.613181,4.1895823,1.292548965665559,-0.3306017845980098,,,-7.3783301466072695,-2.5773606681032124,1.7052720046743564
NA19922,ASW,African Ancestry,African Ancestry SW,9.387837242549631,-1.2223042398622468,16.4336,4.2354207,4.220796594285022,0.30439150717120356,,,-0.8694051984621918,-0.5504563095026431,-1.1437001326541747
NA19923,ASW,African Ancestry,African Ancestry SW,5.427712331195092,0.9795434070136038,11.285327,10.015532,2.55088203567482,-0.15544962650479865,,,-6.976218028934806,0.015320176643158065,0.44669902106217785
NA19982,ASW,African Ancestry,African Ancestry SW,3.568202900544311,0.40378259719345966,11.175638,4.2812133,1.8698969705107642,0.9027133338878168,,,-7.380806623864705,-0.38099434967322443,0.3720088269650303
NA19984,ASW,African Ancestry,African Ancestry SW,8.596546157083266,-3.390374285167275,19.384533,1.3962011,4.350235357093077,-1.0144560456624063,,,-1.4469507965230586,-0.7249142282282474,-1.442745548683632
NA19985,ASW,African Ancestry,African Ancestry SW,8.311324910947603,-0.39990572392283763,20.043163,2.020867,3.503275387301306,0.5381906555876101,,,-1.9053409684743208,-0.5674828330283908,-1.1738981424603594
NA20126,ASW,African Ancestry,African Ancestry SW,5.220500544082897,0.2192285857198959,-5.974922,4.6949244,2.8883313947252436,0.1567323241582086,,,-5.584948229788284,-2.8074048619499834,-1.6324880320966777
NA20127,ASW,African Ancestry,African Ancestry SW,3.2968878522476786,1.0147010117213586,3.12411,7.823669,1.2168372500031734,0.33229123938951766,,,-7.9875372766950266,0.39759550285100587,-0.09760145802422018
NA20276,ASW,African Ancestry,African Ancestry SW,6.743993416669172,0.5702160310484841,18.113125,2.684729,3.3829186045016275,-0.1651168349519505,,,-5.26514618430165,-0.4027477967923841,-1.1863082238024198
NA20278,ASW,African Ancestry,African Ancestry SW,5.921349659569536,-1.0258502370720732,17.806425,0.41409907,1.8008948084493286,0.6485257349310025,,,-4.915731112626045,0.8469203026597684,-2.0065373335560475
NA20281,ASW,African Ancestry,African Ancestry SW,9.964909863959642,-3.515598795419236,21.468521,-0.20358193,4.1217080632696605,-0.42583689938500724,,,0.7191691622973592,-3.1040476165018154,1.8256173570832686
NA20282,ASW,African Ancestry,African Ancestry SW,3.9163722317208447,2.2387904257002313,10.886441,14.475712,2.4814452658880777,0.9332601811959123,,,-8.72523722360418,-1.2687672823382268,1.423373714769857
NA20287,ASW,African Ancestry,African Ancestry SW,9.950201107866018,-3.573921968461071,19.59166,0.26659334,4.524668940628544,-1.0244155994301258,,,0.44311071581304357,-2.5979330727825327,2.466735705177828
NA20289,ASW,African Ancestry,African Ancestry SW,2.584549587358349,3.1978939929842682,11.8687105,1.8395239,0.49680368236070827,1.364772020149716,,,-10.356198505111623,-1.8589418737076393,-1.345464221829654
NA20291,ASW,African Ancestry,African Ancestry SW,11.04408970998287,-4.22215970342666,18.800325,-1.6638579,5.707606131387835,-0.8358717479745512,,,1.560404113533278,-2.3196089189889246,0.6636943828397931
NA20294,ASW,African Ancestry,African Ancestry SW,7.051096253853981,-0.6185973620938467,18.20369,0.8185382,3.282342875805397,-0.5124395697291537,,,-4.289430251622924,-1.1465300072507962,-3.049676354618197
NA20296,ASW,African Ancestry,African Ancestry SW,4.789255553618808,-2.123746185575693,7.5788255,2.204712,2.0019637279649585,-0.07739290019093081,,,-5.037144485028224,2.2173208591079065,-1.0828340840059236
NA20298,ASW,African Ancestry,African Ancestry SW,8.14298310515442,-2.9393055036588267,18.319077,-4.0575366,4.044561912398684,-0.20550083695746846,,,-2.0968092864985928,-0.8281476759805478,1.0800013325488411
NA20299,ASW,African Ancestry,African Ancestry SW,1.9500416788522652,0.819159524105114,3.9332716,2.6996434,0.71974491358143,1.823806358394465,,,-8.897346316862995,1.01868957734295,-0.02957218864273171
NA20314,ASW,African Ancestry,African Ancestry SW,-2.4418739018882762,2.873206044442189,-6.561775,-0.70518494,-0.7556990071759254,0.039106554010742256,,,-14.091032536341586,-1.4424946327208625,2.2799905394433524
NA20317,ASW,African Ancestry,African Ancestry SW,6.796757452522929,-1.208379337130375,14.430781,2.6669304,2.550297815042943,-1.1794930126375225,,,-3.4058993634856884,0.6752631832348017,1.377208520325371
NA20322,ASW,African Ancestry,African Ancestry SW,6.471984274226116,0.7853284753387992,9.028399,5.30692,2.980455519682587,0.0075976189991269205,,,-4.8374295789274555,-0.6436474818979857,-0.9861160665138797
NA20332,ASW,African Ancestry,African Ancestry SW,7.1326330173217745,-1.8940505259321245,18.124617,1.7165731,4.358583030366951,-0.31801966568368467,,,-3.6105263053998375,-2.461359417933504,-0.6293663991356443
NA20334,ASW,African Ancestry,African Ancestry SW,3.202732631209592,0.5625847186515225,13.776229,11.971842,0.943235540876487,0.9269085897223046,,,-9.070455190962905,0.09502105667443318,-1.0412389774434856
NA20336,ASW,African Ancestry,African Ancestry SW,1.8005714501822556,1.8782640820912424,13.773154,11.974438,0.9470295569337877,0.8217070658288224,,,-10.625594877546144,-0.037701253730794665,0.0994170548426314
NA20339,ASW,African Ancestry,African Ancestry SW,10.354112092420317,-5.488435996395629,24.055695,3.9382915,5.204488871090906,-2.382847184231922,,,1.7579535772894948,1.384372175075623,-1.6800951850849
NA20340,ASW,African Ancestry,African Ancestry SW,11.807503670333602,-3.0944763073332906,18.588007,-1.6329304,6.216189243718875,-0.6108358216428029,,,2.233583862966051,-0.9279289841308906,-2.961315404411922
NA20341,ASW,African Ancestry,African Ancestry SW,6.401329686150273,-0.3308339348040894,11.926112,1.8108793,2.4454798208634347,0.4761306751780914,,,-5.803758561354921,-2.045724340881438,-0.6065320289067546
NA20342,ASW,African Ancestry,African Ancestry SW,6.158782015031655,-0.33096246818430686,16.609385,1.2538043,3.023794276895236,-1.0798231401644722,,,-5.079188549980476,1.232536481781474,-2.9173725078685027
NA20344,ASW,African Ancestry,African Ancestry SW,9.876965570594134,-3.3226199174501874,20.849995,-1.0078406,5.468852883215008,-1.3254787519205165,,,0.763039113899983,-0.5440381659011896,0.8996590239623495
NA20346,ASW,African Ancestry,African Ancestry SW,7.336069904366335,-2.034893757215837,10.514614,2.0957248,3.765586570750841,-1.4126904362304296,,,-2.129782139205519,0.21007953201989477,-0.9712450868377954
NA20348,ASW,African Ancestry,African Ancestry SW,10.275949196063705,-4.256627412094153,18.920439,0.4419734,4.725608663565726,-0.18638454385655834,,,1.227857678736739,-2.9983166517651227,0.11379942812237269
NA20351,ASW,African Ancestry,African Ancestry SW,7.569894852743479,-1.934677328592036,18.734015,4.313812,3.347035670651837,-0.9789855713882387,,,-3.4120164611923305,-1.16768769748792,-0.7826766276388764
NA20356,ASW,African Ancestry,African Ancestry SW,9.35277637204013,-2.684675087651601,21.602234,2.9528534,4.9473920202388095,-0.8455865891965648,,,0.2633608390324401,0.16730927866296322,0.7671678345937504
NA20357,ASW,African Ancestry,African Ancestry SW,7.904893611005919,-1.9234152158017297,18.230122,1.2917589,3.3684622981122354,-1.3473805347226628,,,-2.5795652632184383,-1.9117803584875022,-1.200710088420077
NA20359,ASW,African Ancestry,African Ancestry SW,10.605556019291381,-3.4290199340815564,24.344612,1.8284482,4.675821984155464,-1.3292871928934233,,,1.0361891103664491,-1.7128332243844862,0.8117001810033523
NA20363,ASW,African Ancestry,African Ancestry SW,6.318438520222957,-0.022529341742421494,9.971912,7.4600606,2.5051079848146314,-0.1635085822469271,,,-4.521381672838943,-1.5727162370302181,-0.14641251521595763
NA20412,ASW,African Ancestry,African Ancestry SW,6.776978333160246,0.11582572515774991,18.096676,4.417324,3.2084228115900313,0.25448354676652585,,,-3.812770272594681,-0.03474635367245922,-3.7155446984699556
NA20414,ASW,African Ancestry,African Ancestry SW,-1.3307354310568296,1.6172333540927966,-2.2813983,-3.969615,-0.5851808611276491,1.4820724765148041,,,-12.49096092664485,-0.22674317421181803,2.3900013900455814
NA20502,TSI,European Ancestry,Toscani,-0.8120013707872664,5.366994879059763,-10.126755,16.406874,-0.5747634536168935,0.8724397768179601,1.6131960797107698,1.9672502552360824,,,
NA20503,TSI,European Ancestry,Toscani,0.13260753191117203,4.251312528242297,-5.513565,17.039175,-0.45213861291780966,0.7889933958060948,-0.5894917902755021,0.7857549316473865,,,
NA20504,TSI,European Ancestry,Toscani,-1.314653500849407,5.211541190826347,1.4598758,14.643582,-0.8712775785951378,1.250105593648263,-0.19018164357185782,-3.388680577488605,,,
NA20505,TSI,European Ancestry,Toscani,-0.2084586650055611,6.4224960460396545,-4.6219215,20.195772,-0.025397633064778824,2.2111163210040834,0.4764905586775266,-0.1871023370342119,,,
NA20506,TSI,European Ancestry,Toscani,-1.0812960555286708,5.4748631190780666,3.1356547,19.896397,0.6469769534078658,1.3292219729725154,-2.838625960546139,0.6500440991507628,,,
NA20507,TSI,European Ancestry,Toscani,-0.12468197150704458,5.5901021147987455,0.43513188,8.419844,0.5624511262465453,0.5814228324715895,-0.7515790224852373,2.7279417377066926,,,
NA20508,TSI,European Ancestry,Toscani,-1.1837263670612619,5.275744596994332,-6.258013,21.000816,-0.6364684424395429,1.4550392801438201,0.7569406552021137,2.696276455038249,,,
NA20509,TSI,European Ancestry,Toscani,-0.7662101971556847,5.434644784099069,6.3649993,15.180379,-0.6783203618586405,2.106741005886378,-1.8467990128529537,-1.8207834318015228,,,
NA20510,TSI,European Ancestry,Toscani,-1.374647973021922,5.069136721468669,3.1924574,19.514172,-0.10661223411815934,1.3822273094442143,-1.8649122824799902,3.731747034191343,,,
NA20512,TSI,European Ancestry,Toscani,0.01023683325056024,4.135976488505085,-6.9663568,21.80955,0.13859954850453404,0.9463212588251788,-0.03011004611577502,0.824507041258568,,,
NA20513,TSI,European Ancestry,Toscani,0.41117924168318887,6.611730476183059,-5.1884227,17.962704,-0.34642312871104186,2.579876689958204,-1.407747531658577,1.1918318566500032,,,
NA20515,TSI,European Ancestry,Toscani,-0.6313304599887045,4.9127525346842456,8.793615,15.538594,-0.7087005654246471,1.8659791071540592,-4.957908190003968,2.250678381392157,,,
NA20516,TSI,European Ancestry,Toscani,-1.448745742049708,3.7567495426200406,1.03608,12.96447,-0.9077548202248026,1.2319734585262734,-2.513752758599783,0.3943580746146869,,,
NA20517,TSI,European Ancestry,Toscani,-0.39388012541091727,5.868101487662972,4.213673,17.30771,-1.1305156583365032,1.8205378458742332,-3.4615441302079435,0.31029697491756913,,,
NA20518,TSI,European Ancestry,Toscani,-0.08258377677732887,5.323081629372061,8.607887,18.8461,-0.8299912818163866,2.7115153082366876,-2.7850097463135906,1.145483884162603,,,
NA20519,TSI,European Ancestry,Toscani,0.12010370071746523,5.688292016279374,-0.7842803,14.548571,0.1404642168656557,2.2766531768844347,1.7304421905549845,1.3350723493163803,,,
NA20520,TSI,European Ancestry,Toscani,-0.5747209754751594,5.71707554956132,1.4410045,9.094304,-0.4610202234023213,1.9193504564865536,-1.022511170888482,2.73340113479372,,,
NA20521,TSI,European Ancestry,Toscani,0.40732137594376017,4.825678869107559,-0.92430216,10.995713,0.6103168969812818,2.253251937490114,-1.4027581106383968,3.4794611099857087,,,
NA20522,TSI,European Ancestry,Toscani,0.09555440794213821,4.586351368926697,-8.352548,20.030958,0.4835346842267503,1.5177187526737292,-1.0350594028922913,2.3398900217211,,,
NA20524,TSI,European Ancestry,Toscani,-1.0353497881221307,6.312970676289525,4.529994,18.415056,-0.5423466171349185,2.6760597304697877,-3.1288984499233607,-1.3322661834414575,,,
NA20525,TSI,European Ancestry,Toscani,-0.8137061788108547,4.916795598711358,0.9017839,15.64996,0.21298873985269096,2.2001851161755654,0.4312354014279096,-0.7451408418994908,,,
NA20527,TSI,European Ancestry,Toscani,-0.3185313375707083,5.3442373996397095,-6.9883785,11.59146,-0.0625813847914164,2.5060310878051046,3.79066482803688,4.768694371505643,,,
NA20528,TSI,European Ancestry,Toscani,-1.147876150450578,5.2644713033086195,2.4664502,9.405756,-0.7178175399430055,2.3912239549340137,1.5389113887252213,1.0224730204588668,,,
NA20529,TSI,European Ancestry,Toscani,-0.06959547377200104,5.973129515317541,7.8983564,13.090549,-0.26210678643894303,1.7844013955039595,-2.3718580230349864,2.0941512002225617,,,
NA20530,TSI,European Ancestry,Toscani,-0.33525348037520625,4.226278007418821,5.463123,16.34095,-0.6716339500692476,0.8164803547490662,-0.821695941796497,-1.40412831277236,,,
NA20531,TSI,European Ancestry,Toscani,-1.424260379564875,4.878001069124114,2.151708,11.422475,-0.682126219495904,1.205002240378286,-0.5546602103859883,0.31174008315687024,,,
NA20532,TSI,European Ancestry,Toscani,-0.7610552034557674,6.526551546069555,-8.492839,16.7668,-0.32577067125109377,2.5437585586522635,1.0561760875992834,1.9237655945856158,,,
NA20533,TSI,European Ancestry,Toscani,-1.1002520102888251,4.523542603557602,-1.8631098,10.355273,-0.85666786228215,2.563455204022701,-0.0014600537698757578,0.47407873449101273,,,
NA20534,TSI,European Ancestry,Toscani,-1.0211704439746083,5.082783961139779,0.0028371457,14.802358,-0.6379356303180347,1.9518756217845428,-1.257637826986859,0.5523148459032128,,,
NA20535,TSI,European Ancestry,Toscani,-0.4799269794005868,3.748475585047148,7.672644,22.624006,0.2480892748175626,0.7310815378453079,-3.5808656659791773,-1.8153187721487036,,,
NA20536,TSI,European Ancestry,Toscani,-0.3310633864924439,4.827584972245533,-3.1691437,15.722088,-1.2145956591998657,2.4387629446468404,3.7745343962997007,0.5489643945577456,,,
NA20537,TSI,European Ancestry,Toscani,-1.5388972805680112,4.256414596116542,1.0939184,11.583815,-1.4335974018088637,0.9707136103918999,-1.1693369757036869,0.765102537605533,,,
NA20538,TSI,European Ancestry,Toscani,-0.4839031611260467,5.011430551996097,-1.4405519,9.940516,-0.3491317998152497,1.799385189398658,-1.0233811714507708,2.6451624866584424,,,
NA20539,TSI,European Ancestry,Toscani,-0.39243865167927755,5.638874786786314,-10.806364,16.95364,-0.53729370512518,2.462574675789213,0.5347708085720503,1.3604182394921138,,,
NA20540,TSI,European Ancestry,Toscani,0.32872212170846093,4.658096003709543,-3.3892987,8.2314415,-0.3237886160134102,1.482675697570435,0.45966204478694117,4.00293140755868,,,
NA20541,TSI,European Ancestry,Toscani,-0.47137940650810434,4.440789182634707,7.6568203,16.481762,-0.4571637098602481,1.238462864172817,-1.536396276664648,0.08008049371931612,,,
NA20542,TSI,European Ancestry,Toscani,-0.01977687773483161,4.432079884685794,8.057828,9.736982,-0.6487239979497182,0.9699509286723024,0.38840631554070243,-0.6379103692042276,,,
NA20543,TSI,European Ancestry,Toscani,-0.3758217037619087,5.950458624043152,11.539608,18.269857,-1.4982793873736058,1.3109333967181742,-1.2145300056127772,3.4200498483884805,,,
NA20544,TSI,European Ancestry,Toscani,-0.5021797923103145,4.804362111815319,0.96821475,15.485481,0.10567633088232498,1.9298340461255854,0.5918036641233594,-1.2209639945583326,,,
NA20581,TSI,European Ancestry,Toscani,-0.9703633999732952,5.038344989396193,6.9800444,17.458271,-0.14252654427095757,2.1780618189744145,-1.7306792211882618,-1.6765256461658793,,,
NA20582,TSI,European Ancestry,Toscani,-1.5689317026146474,4.769091675465155,-2.1285183,11.577434,-0.8756935975041762,0.43410066944043013,0.6807516620919634,-2.3079647500755427,,,
NA20585,TSI,European Ancestry,Toscani,-0.20869247710129624,4.228075474287282,3.6110077,8.841629,-0.6392709763206376,1.0959726739678484,-0.9330006905619591,-1.802342074941716,,,
NA20586,TSI,European Ancestry,Toscani,0.7211149222338724,5.710335921316148,-9.660251,13.94096,1.0946031159410343,2.087483159858788,3.0384570727402664,4.650437368606368,,,
NA20588,TSI,European Ancestry,Toscani,-0.5353801310371141,4.431395411932659,-0.59988034,8.078012,-0.10694932254627998,0.5923336966199835,-2.43685432249349,1.882389044156376,,,
NA20589,TSI,European Ancestry,Toscani,-0.5474717757913632,4.704345203861877,0.9286763,8.714932,-0.11471713912178505,0.915590229992447,-1.1487768494717367,1.4651704372765815,,,
NA20752,TSI,European Ancestry,Toscani,-1.436948685612735,4.94670156516134,7.15153,18.680634,-0.5567630949330311,2.040072588272162,-3.411436777939614,0.6366207724701919,,,
NA20753,TSI,European Ancestry,Toscani,0.5927168121048267,6.207734672962406,4.769429,13.511142,0.46566949865294616,1.708617488961496,-2.589763170916714,0.7667849975123101,,,
NA20754,TSI,European Ancestry,Toscani,-1.2705500882697334,4.291941437972277,-1.3570962,22.245354,-1.7019766317079572,1.8480883715004617,-0.7867451377492441,-2.7918249442471375,,,
NA20755,TSI,European Ancestry,Toscani,0.0885201289919334,4.332069836588893,-3.6609223,13.738148,-0.052336858868182956,1.2782471514335314,0.9384945962041825,1.9198557211374896,,,
NA20756,TSI,European Ancestry,Toscani,-0.04647217912043189,6.065119766818003,10.355151,15.5898905,0.5726637349892383,1.5947222140194097,-2.898430673987467,1.9384501652886583,,,
NA20757,TSI,European Ancestry,Toscani,-0.6067062858101138,4.259017049471606,3.8793693,23.214272,-0.7601426890913794,1.5755236522403826,-2.65054866635267,0.8561169635567591,,,
NA20758,TSI,European Ancestry,Toscani,-0.7908433671490209,4.690388175848934,1.2441382,14.534874,-0.8994527819128423,1.9513040129826176,-2.6090177045840153,-0.4627692840355882,,,
NA20759,TSI,European Ancestry,Toscani,-0.4034091899815961,3.517541744140989,-0.6667183,7.0395975,0.9733605727911874,1.2263506728509643,-3.3917701962231166,2.845927631653178,,,
NA20760,TSI,European Ancestry,Toscani,-1.2637728002802946,4.586046297889069,-10.223983,11.812867,-0.8029861536026833,1.6423400712700889,-0.019474065655794206,2.263990359188857,,,
NA20761,TSI,European Ancestry,Toscani,-0.17881387803940563,5.534228278392217,1.2013795,21.206284,0.03566722756592844,1.1158871581071768,-0.5373756459824005,3.7130656948809486,,,
NA20765,TSI,European Ancestry,Toscani,-0.5951951141162583,3.9948231335451396,1.7195996,12.11301,-1.0441788205365614,1.5051285517671744,-0.5942270326324277,2.6268522354480504,,,
NA20766,TSI,European Ancestry,Toscani,0.4544636418902288,6.158074497726579,6.855331,15.811076,-0.05627408498683528,2.270628994543862,-3.1720019326446143,3.2403951069554013,,,
NA20768,TSI,European Ancestry,Toscani,0.34842031700250486,5.089196329635395,6.81914,19.31585,-0.750899075050472,2.8740799983879968,-3.893847177145649,-0.7660320112483135,,,
NA20769,TSI,European Ancestry,Toscani,0.0012532567055032473,5.695684096830218,-9.498527,13.930782,0.39565335100056354,1.6127363276137643,0.44537269005429453,4.132780746167095,,,
NA20770,TSI,European Ancestry,Toscani,-0.6865347606626846,4.964354569115714,7.2780957,19.505497,-0.21821070491708666,1.840999463349718,-0.18487030686858638,1.9399344157994236,,,
NA20771,TSI,European Ancestry,Toscani,0.3036769888885855,6.193020887595629,8.622128,18.478323,0.10832833698319966,2.011779880215928,-5.030938316546393,3.4504164894123854,,,
NA20772,TSI,European Ancestry,Toscani,-0.37413799008284293,4.82257942890793,2.1421788,12.967823,-0.4039581804291867,1.3651332656148363,-2.66569141319486,0.3439611297258025,,,
NA20773,TSI,European Ancestry,Toscani,-1.7418623132858522,4.3500917054366175,0.09736508,16.15381,-0.729490410724457,2.3432087116584377,-0.785094931442024,-0.38611269627837264,,,
NA20774,TSI,European Ancestry,Toscani,-1.6056032611690427,4.136615811726144,9.394016,13.609682,-1.9392199129431418,0.569788412240368,-1.3246520158270378,0.27001363567660913,,,
NA20775,TSI,European Ancestry,Toscani,-1.1009438687111641,4.447669137433694,2.6360512,10.8329115,-1.1594107406779683,1.965934443430474,0.6230664574530989,-0.7064810002624922,,,
NA20778,TSI,European Ancestry,Toscani,-0.8132247076564383,5.131724508821252,8.528158,17.962732,-1.2522898311640605,1.5006630986840213,-3.6552487774456837,2.8732609818749237,,,
NA20783,TSI,European Ancestry,Toscani,0.3865077851846086,6.485620616218391,-10.580323,16.73244,-0.4119590116064933,2.6560090039372457,-0.9017002731420748,2.701863662946344,,,
NA20785,TSI,European Ancestry,Toscani,-0.3392411414070752,5.317571577090865,-8.127063,10.983202,-0.5074582194551549,2.5265315651206484,0.09127043530092757,2.062872344930878,,,
NA20786,TSI,European Ancestry,Toscani,-1.1254400386013552,6.253782148441032,-8.438179,18.145988,0.015616866303900134,2.701732074329213,-2.084037558243999,4.223099760198997,,,
NA20787,TSI,European Ancestry,Toscani,1.407690266664154,5.113676016873963,-0.0007829432,11.904486,0.5140280567100339,2.55399900594312,-1.9946196482445466,-0.6743756178895886,,,
NA20790,TSI,European Ancestry,Toscani,-0.9042349342254197,4.674473112116417,-1.6634763,12.938132,-0.9625923500089597,2.3149636674868814,-0.3189268766438699,-1.870181266541655,,,
NA20792,TSI,European Ancestry,Toscani,-0.8738632908499349,3.9427957479136833,1.0394186,13.039454,-1.501046152427771,1.7315214143242061,-2.338183092657566,2.1226628180717895,,,
NA20795,TSI,European Ancestry,Toscani,-1.0208987293742262,4.867551775357549,0.503922,12.743383,-1.5287196755632535,1.9834776838492774,-1.4894845382671342,-0.9948403258009105,,,
NA20796,TSI,European Ancestry,Toscani,0.409200073629324,5.2405190614998185,-9.510289,13.95114,0.45608094659188203,1.4876319616794562,1.265716563403846,2.857955255860768,,,
NA20797,TSI,European Ancestry,Toscani,-1.103406257470175,4.318667911238041,1.5784614,15.905844,-0.4879454796636836,2.529604522724856,-1.377523205409612,-3.0392095768875564,,,
NA20798,TSI,European Ancestry,Toscani,-0.6202422600203881,5.12222596131188,-6.005559,13.724411,-0.32723158274644254,2.116990031172782,1.5000272134834813,1.2959700859858991,,,
NA20799,TSI,European Ancestry,Toscani,-1.2696283274420674,4.42293500217542,6.9054217,22.224415,-0.9521287944807104,1.6224285339402764,-3.1490345245387683,-1.3257780456942223,,,
NA20800,TSI,European Ancestry,Toscani,-1.9384389315226724,6.714513046121539,0.26999035,18.517939,-0.13242887060877473,2.5097029696013458,-1.4338748767610139,-0.8131511176045222,,,
NA20801,TSI,European Ancestry,Toscani,0.22720529318630345,3.342695159837673,6.056339,13.120191,-0.6253817215644677,1.8101330909396505,-4.661713003444062,1.2412877613777191,,,
NA20802,TSI,European Ancestry,Toscani,-0.28569840514763356,4.323667370569632,4.0083356,8.450394,-0.32109746834644626,2.008595343972392,-0.14647270730447176,1.0939912664341782,,,
NA20803,TSI,European Ancestry,Toscani,-1.3618597903478653,6.268060327354314,-10.723539,12.154219,-0.9895786720076108,1.1399097243078655,0.5844544896513492,3.1849622758418685,,,
NA20804,TSI,European Ancestry,Toscani,0.29539593056863356,5.89670398755942,3.110697,13.151736,-0.45768058495682584,1.6965433040620848,-3.1146123770517082,0.8895170694757515,,,
NA20805,TSI,European Ancestry,Toscani,-0.4812468488122305,5.016516231818623,-4.533461,16.592974,-1.155193152931233,1.558426574011466,-2.098323948899956,2.190517614344182,,,
NA20806,TSI,European Ancestry,Toscani,0.11652652980182787,6.692830230398084,10.3763685,15.563797,0.5050829802807002,2.9548676969917382,-2.2292728001586877,2.6321515791440064,,,
NA20807,TSI,European Ancestry,Toscani,-0.6811787082114349,4.4365498587571395,0.08442602,12.004929,-0.345927918412572,1.8760507306624625,-0.33061439106357937,-0.24757857267825129,,,
NA20808,TSI,European Ancestry,Toscani,-0.2253998768465713,5.507025944358911,7.7225504,22.647224,-0.330484156170762,2.1177031782175844,-3.4919499195161268,-1.7149623641462757,,,
NA20809,TSI,European Ancestry,Toscani,-0.7542863006203508,4.263031070404134,9.360703,8.186468,0.4419213297221789,1.2815380662980789,-0.9859957716080948,-1.9206260980152785,,,
NA20810,TSI,European Ancestry,Toscani,0.47038862498455725,5.890054127778878,-10.213959,15.012622,-0.05271337077754401,1.8513036260859614,0.9214472067474196,3.055731662119459,,,
NA20811,TSI,European Ancestry,Toscani,-1.2194712359435471,4.905753576513609,-8.177979,18.045818,-0.21959418783788348,1.745556447533064,0.7987101687466919,3.818288417360861,,,
NA20812,TSI,European Ancestry,Toscani,-0.1612822946601571,4.382365829648598,-6.9484453,21.685675,-0.05348376663942922,1.5632930198220725,-0.13831773143007167,3.717762801830423,,,
NA20813,TSI,European Ancestry,Toscani,-0.7594410140662323,4.396800360048327,6.0684233,21.048948,-0.9142925715869032,1.3225823418740013,-1.9617494694112725,-0.22942427281716476,,,
NA20814,TSI,European Ancestry,Toscani,-0.3960740668851571,4.695504799231264,6.8637486,16.256977,-0.8726604948937561,1.123731725443268,-2.8605543410871253,-0.11880575174184835,,,
NA20815,TSI,European Ancestry,Toscani,-1.3958283285166837,5.4101543039997555,-5.0392365,16.629993,-0.7809895870244522,2.3865307738441275,0.9253312642254137,-0.07524493281485463,,,
NA20816,TSI,European Ancestry,Toscani,0.6474312395779371,5.09023041387029,5.186206,14.768357,0.49731775791263755,0.9741054143836818,-1.4737974376319671,-1.598778704344479,,,
NA20818,TSI,European Ancestry,Toscani,-1.2265200508069667,6.273754515258838,3.4046533,16.281424,-0.8372374380656655,1.9382306765742343,-2.186134865190065,0.28476608050532465,,,
NA20819,TSI,European Ancestry,Toscani,0.20043965500987715,4.437550378138823,7.1038327,14.681894,0.18734897793198135,1.1472503556889526,-1.5654400957819006,0.9621292879258506,,,
NA20826,TSI,European Ancestry,Toscani,0.11973266217620981,4.959936854957133,6.800755,19.62017,0.7942470100046117,1.8115144306650652,-2.5787054849123123,0.7450358915997968,,,
NA20828,TSI,European Ancestry,Toscani,-0.2868880711924653,3.4661733416047085,0.17165151,16.138657,-0.4962186626901145,1.6987500157811273,1.5606979659774975,2.1623106923238247,,,
