Sample,Population code,Superpopulation name,Population name,pc1_global,pc2_global,tsne1,tsne2,pc1_aims,pc2_aims,pc1_eur,pc2_eur,pc1_afr,pc2_afr,pc3_afr
HG00096,GBR,European Ancestry,British,0.3128271743518789,5.354349288066062,2.77121,23.939863,0.04386649549972732,1.92089771257794,-2.0161456695293927,0.47622035749652997,,,
HG00097,GBR,European Ancestry,British,-0.6794025933491141,6.1833294490899515,3.1062338,18.319641,0.10460084817453108,2.5988451278420177,-1.8085801081952873,-0.6403151984639186,,,
HG00099,GBR,European Ancestry,British,-0.42071017352026663,5.266719592566147,-2.0470665,15.688018,-0.9320509794730814,0.9687513393878155,2.488771398200651,-0.059743343779542074,,,
HG00100,GBR,European Ancestry,British,-0.8054185621599379,5.965095481584877,5.012587,19.504921,-0.6267149453946611,1.637349394292892,-3.42197844214984,-0.3721001683410595,,,
HG00101,GBR,European Ancestry,British,-0.7713854768425097,4.332075738834949,2.3143418,18.92006,-0.08520339363410945,2.1979628627274472,1.1472531107506763,1.0573667161535738,,,
HG00102,GBR,European Ancestry,British,-0.3538423281153501,4.854834562389644,5.156241,7.361405,0.6965860504615562,1.8380649927803827,-0.15376798256927346,-0.5814934974722444,,,
HG00103,GBR,European Ancestry,British,-0.9841510665324794,5.831849792433365,-4.683214,8.225549,-0.5894047985072417,1.4423907756076098,1.8398347219308526,0.7611460862194369,,,
HG00104,GBR,European Ancestry,British,-1.7265833448409929,5.221680993468903,1.91583,15.506129,-1.113872744946593,1.844602633441284,-0.7806511169433874,0.9012358534117861,,,
HG00106,GBR,European Ancestry,British,-2.025059837342204,3.8146425780820468,1.6640378,13.2569275,-1.4817800866193083,2.421516945000772,-2.9183526221919545,0.6018745204991875,,,
HG00108,GBR,European Ancestry,British,-1.8589015535320867,3.633817199270074,3.1638687,15.292111,0.15048549224311047,0.8570689975744551,2.724940516940472,-1.1699746078680817,,,
HG00109,GBR,European Ancestry,British,-1.0442990636931024,4.704613593496591,9.29947,16.851269,-1.156796119269545,1.0771039977638772,0.25093981460622694,2.9994015377324965,,,
HG00110,GBR,European Ancestry,British,-0.004161878013575482,5.68988781065158,3.8606243,16.979406,0.809605591722844,1.8268569882539811,-1.8213850499624338,-1.6638763006042796,,,
HG00111,GBR,European Ancestry,British,-1.544579081608692,4.64564972951225,-2.5341268,13.22428,-1.0275260591981326,0.201055467321809,0.6576234081922852,0.9064179892211119,,,
HG00112,GBR,European Ancestry,British,-1.0082302820310225,6.351847812894283,1.873821,17.628668,-0.9949656404743326,2.1359808121867347,-0.6243565567544248,-0.5097628124797587,,,
HG00113,GBR,European Ancestry,British,0.8000486860468233,7.138957426077383,1.205214,20.886951,-0.0708941670094474,2.64482449652134,-1.114884198219978,1.1507907615409012,,,
HG00114,GBR,European Ancestry,British,-1.8508735363312065,4.594660629031479,1.75446,25.778883,-1.2250331658628468,1.0897531212569476,0.8741077609734452,-1.2233336625350169,,,
HG00116,GBR,European Ancestry,British,-0.8104042395535092,5.273145751450425,1.7879447,25.777191,-1.4420675206032576,1.6210125940652034,0.33996558662401105,-1.0787616504731785,,,
HG00117,GBR,European Ancestry,British,-1.5624588741134606,4.882339720723742,-1.1436472,17.908379,-0.9406437831475665,2.4890988198087833,1.1408246066685455,-1.0765291369950356,,,
HG00118,GBR,European Ancestry,British,-0.10831703325877434,4.935999041947936,-1.8836395,17.36993,0.2096368088579469,2.265521632595063,-0.1088919597595093,2.642864625866726,,,
HG00119,GBR,European Ancestry,British,-0.5311884352483597,5.047738786022287,2.639117,21.118786,0.42799220037486996,2.567996308550399,-1.4542894496881373,-1.1829607178559032,,,
HG00120,GBR,European Ancestry,British,-0.5049376524377789,5.7791381011885585,1.8077335,25.75845,-0.3967100356079461,1.3428592794124128,-2.0533371413272645,0.4595011082718611,,,
HG00121,GBR,European Ancestry,British,0.5619274842013052,4.003300311660861,3.257754,21.821638,0.3542796444638223,2.308425402124395,-3.9180637884798113,-1.073117300438076,,,
HG00122,GBR,European Ancestry,British,0.03304637577629299,4.338457058936824,3.8307228,15.164401,-0.2398456392238683,1.0974473209794133,-2.899801607761665,-0.17145056791887836,,,
HG00123,GBR,European Ancestry,British,-0.7976298746018211,5.386458540263944,2.2045963,17.371124,-0.8611748401809818,2.2066309956499324,-2.4590028570916567,-0.13478684214531014,,,
HG00124,GBR,European Ancestry,British,0.7605243593235617,5.2076871491284225,2.5783296,21.004637,-0.48270933421485784,1.9154277955452468,-1.1469528909199218,-2.336768507068782,,,
HG00125,GBR,European Ancestry,British,-0.4017605533127625,5.671875993216575,1.9057502,16.823599,0.01981567435410514,2.799778782832245,-0.30741400455064394,-3.4319438612049953,,,
HG00126,GBR,European Ancestry,British,-0.5455336316039398,5.919827610368794,1.5460129,19.109257,-1.163794662208295,1.8188372799924135,-1.6482288825929554,0.9318538536716054,,,
HG00127,GBR,European Ancestry,British,-1.5392298910974094,3.9559908692843857,-7.9109817,12.710767,-1.1887381406535318,1.6234395862711457,1.9254362381302315,-0.2941608263442544,,,
HG00128,GBR,European Ancestry,British,-0.4038959112766142,6.42397314417923,-4.0546584,21.845991,-0.3321897231592416,1.9631090168682646,-0.5056327451206779,1.86235086221515,,,
HG00129,GBR,European Ancestry,British,-1.8476603200836457,6.1029093108489265,-4.5184903,18.867744,-1.0167987450783809,1.3825506615391114,2.8662190027203964,3.058581146489087,,,
HG00130,GBR,European Ancestry,British,-0.9857401892122691,4.2874866753317455,-3.7253962,15.274437,-1.1521383370403844,2.010853732809838,0.792950188883567,-0.12848595284596792,,,
HG00131,GBR,European Ancestry,British,-1.176285117819024,4.140857221576838,2.3658512,18.331673,-0.9135958896041632,1.2882330568205411,-1.4534418365290291,-1.8094165796999233,,,
HG00133,GBR,European Ancestry,British,-0.9169272659843487,3.55495697179245,-0.7602387,9.529425,-0.2763890661532279,0.9047048549072592,-0.04469653706989427,-1.2355025907118387,,,
HG00134,GBR,European Ancestry,British,-0.3348418374359555,6.84320944068605,1.0311468,19.948765,-0.16171664362845695,2.5337751488865274,-1.1915189979803762,1.409378816785281,,,
HG00135,GBR,European Ancestry,British,-0.8798270192088207,6.205225999220935,-2.3506904,15.478159,-1.5068563065605103,2.0753945726564114,-0.12192629452696625,2.7815106649591943,,,
HG00136,GBR,European Ancestry,British,-0.4231606766317144,5.747379213791349,-8.929397,13.23981,0.0995131585559429,2.1460364087242185,2.6258149240617463,5.56856306552314,,,
HG00137,GBR,European Ancestry,British,-1.5838391274875425,6.106185744935149,-4.8096423,17.882723,-0.43778881376765977,2.268378008574226,0.9881097669462734,2.7336293618454564,,,
HG00138,GBR,European Ancestry,British,0.4742318088564129,5.692680973659986,-8.539045,12.069397,0.3988635700319376,2.0916557601446994,1.5617310590397657,5.364222684080194,,,
HG00139,GBR,European Ancestry,British,-1.281252375114966,4.950809251690429,5.072513,17.118792,-0.6867073934768018,1.6209666853385922,-1.5653997341265276,-0.9278423218888869,,,
HG00140,GBR,European Ancestry,British,-0.2709907880595205,4.690220319604155,4.8284793,12.094091,-0.5410598098031326,1.770809995566061,-2.8532369506037667,0.3304170895851623,,,
HG00141,GBR,European Ancestry,British,0.0026870393324590625,5.916347280502205,2.114288,13.045213,0.006369255940959939,2.1020941586634923,-3.035757940528295,0.8965342417220344,,,
HG00142,GBR,European Ancestry,British,0.7402835605742687,5.228724238532672,1.2461685,20.03237,0.8892805678591711,1.1109545938289829,-0.978733294803552,-1.0766699665542423,,,
HG00143,GBR,European Ancestry,British,-1.8132828823213183,4.5603371484969415,1.7275299,16.776735,-1.3632993326138305,2.061811274066995,-1.2215654897149664,-2.398283623806989,,,
HG00146,GBR,European Ancestry,British,-1.0223303593790956,5.070122423986868,5.9144125,20.962957,-0.03160497986033062,0.6502635138583397,-3.0472379971225623,-1.4872385342176002,,,
HG00148,GBR,European Ancestry,British,0.12988703395221146,6.085825375767658,-8.03953,12.699708,0.18668099824929973,1.5150310374936833,4.018970916095447,2.8146755288556315,,,
HG00149,GBR,European Ancestry,British,-0.36314180650598327,5.460431893001421,4.7895017,15.592146,0.22390833242955943,2.149600345996294,-1.5060517094719654,-1.6547582659898903,,,
HG00150,GBR,European Ancestry,British,-1.2460353821422148,4.82799092339483,2.209514,13.567305,-1.2737549023456336,1.1903704161592248,-2.428962776188171,1.0106384666014,,,
HG00151,GBR,European Ancestry,British,-0.6815410030738299,5.1571161375706005,1.2955928,17.20695,0.23934816889566835,3.0381481017265957,-2.0259709152226972,-1.7335509938922444,,,
HG00152,GBR,European Ancestry,British,-0.7141134415045053,6.231930092366314,-9.548715,11.890601,-0.2985204029931503,1.5896768126220961,1.9685875077609272,1.1249417846450833,,,
HG00154,GBR,European Ancestry,British,-1.1719429146639784,5.449426751556925,-0.8218332,13.884068,-1.1443592016430442,1.360713419823822,0.25820579990661796,1.3316334479616538,,,
HG00155,GBR,European Ancestry,British,-0.32685859785635574,5.172217066299145,-7.2311616,18.71647,-0.3825979736259865,2.555503661839875,0.05357686011778742,-0.6715070861939813,,,
HG00156,GBR,European Ancestry,British,-1.4992991460123823,5.0708496864709165,1.5816536,10.306459,-1.2668282988908768,2.272598007704766,-2.386273915569773,-0.13045004346483904,,,
HG00158,GBR,European Ancestry,British,-0.5375212324601691,4.851851582715427,4.477308,19.702087,-0.06945754697703954,2.33113451383918,-1.9862864487670786,0.8779127082362617,,,
HG00159,GBR,European Ancestry,British,0.017523498390157877,5.638589841309002,12.015426,15.667407,-0.17735823210946533,1.8500247641894934,-0.038586025897645024,0.2538212961340462,,,
HG00160,GBR,European Ancestry,British,-0.42497314049600604,6.91795791385647,-4.9758263,19.563372,-0.4496418528199904,2.814844098276664,4.604242727895711,0.20661167695395521,,,
HG00171,FIN,European Ancestry,Finnish,-2.55879367075041,4.825576387153387,-2.654146,20.17009,-2.108538437746347,1.091401244882795,4.774074703042362,-1.0855719924544551,,,
HG00173,FIN,European Ancestry,Finnish,-1.6590092776404513,3.325253622884347,2.2250156,15.592864,-0.30787645530684254,1.7484288131554093,-0.03487130858893358,-3.136647287532811,,,
HG00174,FIN,European Ancestry,Finnish,-0.6203667057965733,4.391147877336648,3.3544908,14.404488,-1.0616651094450031,1.5591844852672667,1.0039559096281667,-3.5244127895962625,,,
HG00176,FIN,European Ancestry,Finnish,-1.1600700125026535,5.136578284163062,-3.0949497,16.769718,-0.2129901450457185,1.979771775606583,1.245303082880101,0.4937300726928592,,,
HG00177,FIN,European Ancestry,Finnish,-1.1814417575721943,4.4880410254427,2.3798728,14.692227,-0.44708441727388937,2.31222708257388,-1.5074655100950203,-0.9348215439267974,,,
HG00178,FIN,European Ancestry,Finnish,0.36576076876484875,5.720751781980428,-3.7291431,17.763823,-0.3182011616970928,1.6119586105477013,1.4052816544608713,2.1388018220636726,,,
HG00179,FIN,European Ancestry,Finnish,-1.88370235258992,4.358860228812462,-3.1537757,12.850264,-0.6960395160216741,1.2233495658625817,2.3026418339435897,-0.8999285722730561,,,
HG00180,FIN,European Ancestry,Finnish,-1.1226886687612723,4.873485585481375,-4.26541,11.912789,-1.1532135615476682,1.2776590748340215,3.066315710462528,-0.14125090821797895,,,
HG00182,FIN,European Ancestry,Finnish,-1.039849189008938,3.2229275753473976,-1.7552898,6.7468414,0.4249196797001511,1.3070379013720679,1.1426784267298415,-1.0581258596767724,,,
HG00183,FIN,European Ancestry,Finnish,-2.425073764099911,2.8725771144087378,-6.8598375,15.022323,-0.7753233718951047,0.07347331921332079,7.8720011511037145,1.0693126891002218,,,
HG00185,FIN,European Ancestry,Finnish,-1.5427987487928747,3.6960322400002537,-2.683231,20.57645,-1.31217589251311,1.4672645012749028,0.22412804602985098,-3.328116664190698,,,
HG00186,FIN,European Ancestry,Finnish,-1.3872028260158382,4.579825581438906,-1.8224554,18.611582,0.09153712332300634,1.4564854436410235,0.7199387279533913,-3.0462634131408635,,,
HG00187,FIN,European Ancestry,Finnish,-0.8758092266673836,4.53231071957314,-5.25663,11.18889,-0.2825042229363695,1.2609909478702765,3.7052249771588235,1.555604069862183,,,
HG00188,FIN,European Ancestry,Finnish,-1.162560165249361,4.456324249467403,7.457679,11.394174,0.5594169346598086,1.2160521160381723,1.4292002984018541,-0.5437312302922656,,,
HG00189,FIN,European Ancestry,Finnish,-0.2881177149534204,5.894649123486904,-9.993397,16.333208,-0.7962945142893307,1.5153921017275669,3.087210316875248,1.6725401164125788,,,
HG00190,FIN,European Ancestry,Finnish,-0.473805274720154,6.145649002929803,-6.74999,15.011038,-1.0884640659327092,1.78203680405307,4.769304708315434,1.5167897812503301,,,
HG00231,GBR,European Ancestry,British,-0.5529937537806865,4.363847952129985,-6.529515,17.56809,-0.32788331006594196,0.4619878434972087,2.192775843860103,3.2703641873905145,,,
HG00232,GBR,European Ancestry,British,-0.5116896095147268,6.8341237437901565,0.06310084,13.892057,-0.9694762357965961,1.6392783097537238,0.2060456005002378,-1.0709285511815643,,,
HG00233,GBR,European Ancestry,British,-0.8834796027897834,4.671881578906086,3.4946303,12.1630535,-1.3196671373739663,1.270773546480735,-0.7409621970499128,1.2321228627167289,,,
HG00234,GBR,European Ancestry,British,1.7164345838678412,4.353371690300443,6.6237726,13.971828,0.9877924485610252,1.467328386847358,-0.35251084658527665,-0.47184241891972745,,,
HG00235,GBR,European Ancestry,British,0.8107740678166256,5.354226286905971,3.7844493,22.783129,0.5736652086592791,2.279450252711348,-2.430011813999509,-0.7208827663968553,,,
HG00236,GBR,European Ancestry,British,-0.510947333975244,5.13854841031398,4.949365,19.544334,-0.23664753678381129,2.110606944852744,-4.257189966025402,1.711119148599272,,,
HG00237,GBR,European Ancestry,British,-0.17459654809686959,6.264458938157845,5.43312,16.00541,-0.27185001502206163,2.130890105591826,-2.792151355079741,-1.9802678601059918,,,
HG00238,GBR,European Ancestry,British,0.32155843194003364,5.81061277628754,4.9266415,25.453695,0.8005213804092983,1.0884558255838268,-0.6561968855062068,-1.9716894423099873,,,
HG00239,GBR,European Ancestry,British,-1.8380144118446156,5.860774372662233,-0.18304151,16.071314,-1.7876176117852345,1.9890703225007205,1.3986499949968565,-1.5424379662904475,,,
HG00240,GBR,European Ancestry,British,-1.1829139532368869,7.495474532530613,4.919657,25.462494,-0.5385160915506437,2.5160422299143357,0.16375482444951847,-1.032335057381698,,,
HG00242,GBR,European Ancestry,British,-1.2410063225914771,4.857326478782375,-4.048737,10.274132,-0.34958954941653453,1.4935624930201745,6.138757996688103,2.833262793992868,,,
HG00243,GBR,European Ancestry,British,-0.6147271481968636,5.062918296328306,-3.9730594,10.529821,-0.916912231994388,2.29420656263746,3.440777810965477,1.6374101779703305,,,
HG00244,GBR,European Ancestry,British,-0.06612534860148711,4.809533224120113,3.8128912,8.676686,-0.46744938001382846,1.8761153374013706,-1.709191602868264,0.5842616870512176,,,
HG00245,GBR,European Ancestry,British,-2.38176712715806,3.138235071766091,0.22557555,15.316307,-1.6474871146160814,0.5674093813638383,-0.503372453656224,-0.7211827357037647,,,
HG00246,GBR,European Ancestry,British,-1.4680125305185254,4.636611977703333,-2.377844,11.601407,-0.42959192554548115,1.0763099053086473,2.9066259496840163,-0.2185108775624539,,,
HG00247,GBR,European Ancestry,British,-0.9049507881829753,5.293359919865615,4.8131433,18.46413,-1.1117582488510025,1.766948091291583,-0.9805782217152277,-1.802858557215136,,,
HG00249,GBR,European Ancestry,British,-0.947370026534883,5.460071814973233,3.7697077,13.082453,-1.0126613809800022,2.4086483573682993,-2.154936502150892,1.357850594104954,,,
HG00250,GBR,European Ancestry,British,-0.9038847163115213,5.209672643103197,3.158757,14.134849,-0.15706447783850808,1.8098029282585275,-1.9669964277220322,0.3340623230632357,,,
HG00251,GBR,European Ancestry,British,-0.2817738135812558,3.70373218176916,5.200165,10.554776,-0.720636626993281,2.15569370480906,-2.569542860726243,-0.865533363917843,,,
HG00252,GBR,European Ancestry,British,-1.4227416153095702,6.406222700935526,3.7692764,13.257334,-1.3340382508628743,1.9569375041040913,-0.47070245859868726,-0.4556548052819893,,,
HG00253,GBR,European Ancestry,British,0.20083145275836267,4.863478563607964,0.44046822,14.473275,-0.45847875363338564,2.2150584500136192,0.5116882145692158,1.6589140961259279,,,
HG00254,GBR,European Ancestry,British,-1.0402694321936483,6.478739994560254,0.48777696,18.342245,-0.8717582823485035,1.6113722469877407,0.9910188425850956,0.10503787976768328,,,
HG00255,GBR,European Ancestry,British,-1.4581073107971352,3.5765372922596876,-2.106131,12.262757,-0.5223645218697665,1.51756730320799,3.725059851674818,-3.200014498523392,,,
HG00256,GBR,European Ancestry,British,-0.2639514891323809,5.322489979151059,-3.648882,16.4951,-0.5941437477022651,1.9171217431262835,2.8128667580988997,1.5608643716911699,,,
HG00257,GBR,European Ancestry,British,-0.7233600559952665,6.077313365894056,0.95576763,8.721038,-0.2506978958620471,2.110957208053797,0.4703757566844916,-0.5269652920232853,,,
HG00258,GBR,European Ancestry,British,-1.1261120839498981,6.195898593429228,-6.3691463,15.998492,-0.9443592207175113,0.9899649750378641,3.72956201386659,0.9920770575820527,,,
HG00259,GBR,European Ancestry,British,-0.49622095619459733,5.77401266329353,4.8053637,12.577719,-0.5591880538978714,1.4323371055246907,-1.9135557131831074,0.07090091795969529,,,
HG00260,GBR,European Ancestry,British,-0.3249621581382435,5.370852609511863,-2.2018511,13.9827175,-0.5150284433532073,1.799928309279975,-1.0856145059984306,-0.03300259344560706,,,
HG00261,GBR,European Ancestry,British,-1.0239989058311612,5.782955990424544,-8.324033,11.853331,0.6325786360565693,2.3844551657743494,1.5109305423616564,3.1781636123129693,,,
HG00262,GBR,European Ancestry,British,-1.9244033451326383,4.448455019288749,2.7298558,14.653276,-1.718612798681231,1.4206962323531926,-0.5867201668540718,-2.2693074256901635,,,
HG00263,GBR,European Ancestry,British,-1.1020315731999482,5.344760022958854,-8.489322,20.139616,-1.1993764012221289,1.5135444541241199,-0.5243792298855068,2.012311650754676,,,
HG00264,GBR,European Ancestry,British,0.05309400816688625,5.51525951320617,3.9972005,21.028612,0.21653904236316457,1.1687960869750986,-2.649681505166372,2.13928435668153,,,
HG00265,GBR,European Ancestry,British,-0.496933015192925,5.117223533703885,-2.8795283,16.847988,0.21435832827989498,1.0385028705890416,0.016127205792238735,2.3302954528924578,,,
HG00266,FIN,European Ancestry,Finnish,-2.4824085061308816,3.8216616034624495,-3.379886,13.65411,-1.4170960659518326,1.4398644594483214,4.934896648766604,-0.4810720535493127,,,
HG00267,FIN,European Ancestry,Finnish,-1.3822362750683386,3.7746189285488034,-2.0867581,18.764004,-1.230525629557775,1.176954646268614,1.9775218710181772,-2.3972749755752156,,,
HG00268,FIN,European Ancestry,Finnish,-2.339735524592139,4.980580799382347,-5.385825,14.706868,-1.3174430254390126,1.5766087045170847,3.2956821577457567,-2.093377612784621,,,
HG00269,FIN,European Ancestry,Finnish,-1.3545140478654383,4.598812469912968,-1.8658966,20.567614,0.1392423347907421,2.143276100020264,1.856479740406258,-3.3563696569292665,,,
HG00270,FIN,European Ancestry,Finnish,-0.8835791346223764,4.401037225187766,-2.6583214,14.325834,-0.9869953013717017,1.2901735274396398,2.610399501733331,-0.8224989080731873,,,
HG00271,FIN,European Ancestry,Finnish,-1.1433674051946603,4.024909262747965,-0.24487947,12.97104,-1.894913002061949,1.1058997104518773,1.0627420140005657,-2.6922927753754706,,,
HG00272,FIN,European Ancestry,Finnish,-2.1807502704056825,4.567859838810476,-3.4864802,12.174676,-2.0131546734625756,-0.15424155250302318,3.0433060204738256,0.9049732534508051,,,
HG00273,FIN,European Ancestry,Finnish,-1.2066161726195426,4.347487384708423,-3.0807848,18.981241,-1.5119341610617565,1.7136748356590306,1.6914444757305167,-3.28695833743341,,,
HG00274,FIN,European Ancestry,Finnish,-1.9135621791945407,3.6181842498390626,-0.92807907,21.534645,-0.6332497759011178,2.5078492647199373,1.261670261303008,-3.2602115359267745,,,
HG00275,FIN,European Ancestry,Finnish,-1.8903614807373041,4.226494355243764,-5.801048,12.502225,-0.02656320578128868,1.8145490967151758,4.364209385392854,-0.3474129791769878,,,
HG00276,FIN,European Ancestry,Finnish,-1.6097714811962014,3.41534322334688,-6.5557704,13.490147,-0.3678676560859182,1.0534169887085088,2.2590996521478446,0.6130532057629103,,,
HG00277,FIN,European Ancestry,Finnish,-0.49847565979872793,5.04598186626696,4.2579927,14.172942,-0.5440015147375357,1.333462292456249,-1.4606606870768428,-1.3168492245512873,,,
HG00278,FIN,European Ancestry,Finnish,-2.441424388763209,5.013960027247592,1.6991304,22.688519,-2.0131415483087123,0.9497905709766656,0.8464395708929302,-2.4449569382909075,,,
HG00280,FIN,European Ancestry,Finnish,-1.5584905132984517,2.465364767726482,-2.0426962,20.974054,-0.9725749358976556,1.01584758892715,4.265300637403814,-2.550561397211587,,,
HG00281,FIN,European Ancestry,Finnish,-1.0305698089625883,4.377508344066639,-4.567237,15.932067,-1.2828551644588884,2.027048264708387,2.725418474369676,-0.6579786868293137,,,
HG00282,FIN,European Ancestry,Finnish,-0.15349154391563452,3.8761247817699864,7.5336285,12.087449,1.111406729202263,1.9365938751359,0.12401933227523322,-0.18518266374020223,,,
HG00284,FIN,European Ancestry,Finnish,-2.7200814512680447,5.1489308499480355,-0.74380803,18.315899,-1.8477714258396627,1.431870534147573,-0.8277992075037078,-2.5061248054779437,,,
HG00285,FIN,European Ancestry,Finnish,-0.005427943942657221,4.706565319826048,7.2566795,12.314652,0.20966604641516495,0.789578568556593,-1.8227112018613363,-1.5283391708723495,,,
HG00306,FIN,European Ancestry,Finnish,-1.195193815611149,4.3628865958659215,8.251656,14.539051,-0.8430762793776528,2.6279649476792404,-2.260611225393772,-2.6150049282743257,,,
HG00309,FIN,European Ancestry,Finnish,0.18938335857116162,4.758716399692333,-2.3646753,17.939821,0.5490650349814317,2.0813872388115358,1.935049256702313,-2.883433172201213,,,
HG00310,FIN,European Ancestry,Finnish,-2.483253214524265,2.701505543749441,-0.62999487,21.075699,-1.1259403633917566,1.5707665981572367,1.5215216371258806,-4.715689457772032,,,
HG00311,FIN,European Ancestry,Finnish,-0.6284501709599162,4.7085607979850685,-2.4334235,13.955793,-0.5212602684912087,2.4659180892278516,2.7561651555331057,-0.4214186677645801,,,
HG00312,FIN,European Ancestry,Finnish,-0.7464323263595172,4.6424732951361705,5.898191,9.618502,-2.1736695406493123,0.49358904475474774,0.012517752345290721,-2.6200150008319834,,,
HG00313,FIN,European Ancestry,Finnish,-0.47088293154795047,5.26979140988456,6.346247,16.930452,-0.3445949813398322,2.4984176206216326,-1.8971684766798615,-2.471958992724286,,,
HG00315,FIN,European Ancestry,Finnish,-1.8227870027447093,3.152902713254746,-4.676212,13.15361,-2.288048477936637,0.7885704344337823,2.496202963938242,-2.6234672587988874,,,
HG00318,FIN,European Ancestry,Finnish,-0.9982267218730174,4.239684006567734,0.24931352,13.520272,-1.490707848655557,1.4452026170161179,-1.6024846710336682,0.17515587118517223,,,
HG00319,FIN,European Ancestry,Finnish,-2.104641961013383,3.828324108035289,-0.9458602,21.550404,-0.29479773107339957,2.5165366757983363,0.9315853592524663,-5.239980603745703,,,
HG00320,FIN,European Ancestry,Finnish,-2.1404441527357814,2.2806023233799437,-4.5087495,13.112806,-1.7812107090775473,0.538940740487289,3.645776669342592,-1.9197932756334162,,,
HG00321,FIN,European Ancestry,Finnish,-2.7236086900686907,4.893797776361624,-4.357038,13.322117,-1.561898697253223,1.4514725007640732,3.511208406775399,0.7303058187184424,,,
HG00323,FIN,European Ancestry,Finnish,-1.5451975391489747,4.824751595281898,-5.6915183,13.031227,-1.0840766547662,1.1724158306335375,4.641226234647105,1.7115894067072626,,,
HG00324,FIN,European Ancestry,Finnish,-1.6001755720438338,4.034521198207196,-0.20002517,19.225645,-1.5128671077739835,1.7524293333346201,2.419235034012802,-2.561624972151136,,,
HG00325,FIN,European Ancestry,Finnish,-0.9098160244099147,4.310243168485821,8.274049,12.710215,-0.9053139132284678,0.9846821250477991,0.1877898363055296,0.23485319917226063,,,
HG00326,FIN,European Ancestry,Finnish,-1.9776758574160702,2.944532440358934,1.2875489,14.734426,-0.9171821438094214,0.990706572545585,0.32917635332785544,-3.7294408079732393,,,
HG00327,FIN,European Ancestry,Finnish,-1.535494582162729,4.905777062020489,-0.12701757,23.364717,-0.6085690578216156,2.774150268413839,0.6760553409537225,-3.052130111321819,,,
HG00328,FIN,European Ancestry,Finnish,-2.204328546609448,4.342725648474838,0.41789392,17.138798,-1.1371519442002278,1.2572710348115244,0.4342364190465191,-4.419454617167391,,,
HG00329,FIN,European Ancestry,Finnish,-1.9169655857506864,4.212777425155643,-3.0721629,11.706778,-0.9170605000891185,2.2213282080886203,3.670295152814496,1.0527099935853232,,,
HG00330,FIN,European Ancestry,Finnish,-0.9555173564661776,4.585361037351477,-1.5684457,19.476267,-0.2873823421863964,1.9164800761759393,1.6925518565798396,-4.1720934047088045,,,
HG00331,FIN,European Ancestry,Finnish,-2.2906647050798044,3.5129834619562055,-4.5985003,13.741942,-1.6974328843199553,0.6290749848348172,3.560375543578732,-1.454729856984866,,,
HG00332,FIN,European Ancestry,Finnish,-1.6891659604837108,4.297412471414871,-1.4424567,15.9766655,-1.5141362533366833,2.093099212444122,0.7553498042011302,-3.927568035611777,,,
HG00334,FIN,European Ancestry,Finnish,-0.09337750162977515,5.416103814707927,8.959396,10.098531,-0.7634370737872993,2.477815001548778,0.24390402856545587,-2.1759621712914803,,,
HG00335,FIN,European Ancestry,Finnish,-1.186881869330576,5.090889639431271,-6.226537,14.4660225,-0.6172605378871903,1.0578896269761706,5.280926882580127,0.4445219919704816,,,
HG00336,FIN,European Ancestry,Finnish,0.0811356789870189,5.445499692169238,-3.8850045,15.281724,0.47472098579623756,2.0950000972266247,3.0746792019425957,1.3346080883946245,,,
HG00337,FIN,European Ancestry,Finnish,-1.4398910874017075,3.5550328531375603,-3.0847578,13.334719,-0.9253027496682588,0.22378295458500364,3.3041182484629372,-1.7137619085700049,,,
HG00338,FIN,European Ancestry,Finnish,-0.3613643746313314,3.7422982198158308,-1.0440214,8.866397,-0.3284960940883476,0.5697018191729852,1.1604838241505335,-4.361900584412501,,,
HG00339,FIN,European Ancestry,Finnish,-1.1339263864094948,5.144579770184098,-1.2682672,19.501373,-0.44624859258540533,2.133639090465095,0.7911945466398851,-1.5970530041601676,,,
HG00341,FIN,European Ancestry,Finnish,-2.5293796541673026,4.878987012509851,-8.014396,9.37003,-1.0947828464279261,1.0044900189213515,3.8805872933228067,3.1013471915738107,,,
HG00342,FIN,European Ancestry,Finnish,-2.623870035146393,4.745764868772071,-0.7695472,18.174683,-0.9904158149690057,3.0879688869527633,0.4751697411862258,-2.8603210067378075,,,
HG00343,FIN,European Ancestry,Finnish,0.1640920394755565,4.3168706089751145,4.0093956,15.155572,0.29842854069960556,1.9564635800568333,-2.491479100767607,-0.5423107613268952,,,
HG00344,FIN,European Ancestry,Finnish,-0.4941428104457663,4.8306794167121145,5.7088766,13.605428,-0.01105663306487914,1.9103725876966884,-1.8258551034970953,1.007963198798925,,,
HG00345,FIN,European Ancestry,Finnish,-1.3527073495058444,4.377406477510949,5.7697773,10.801163,-1.4552218145874845,2.307290699445958,-0.7047763552470762,1.0706262733140477,,,
HG00346,FIN,European Ancestry,Finnish,-0.8368331708756822,5.035305929893659,-5.4614673,11.485003,-1.0622869911253343,1.5069866666824783,2.968365422909585,1.4653000497595539,,,
HG00349,FIN,European Ancestry,Finnish,-1.1355951125986703,4.5629206268491815,-0.8175847,16.86099,-0.4869307032847547,2.712200206750065,0.49091886715332705,-2.2504486074987518,,,
HG00350,FIN,European Ancestry,Finnish,-0.8092850740508502,6.549618129689016,-3.233314,18.925596,-0.4073836269364575,2.2731479426302856,0.3740093550756033,-2.5032314676447798,,,
HG00351,FIN,European Ancestry,Finnish,-1.4227533051510255,2.6635184589318253,-6.3031244,9.492934,-1.4833145671361445,0.7714396760425678,3.1407652417950023,-1.5670124420244766,,,
HG00353,FIN,European Ancestry,Finnish,-1.0658739461943674,5.29588187017562,5.8415303,18.169584,-0.7552551987318264,1.9568246832714615,0.3922001628218184,-2.19852014748436,,,
HG00355,FIN,European Ancestry,Finnish,-1.827605518048585,4.1925414997487565,-0.8781388,17.02553,-1.0605350249400263,0.9297358497725777,1.765937188377536,-5.135824144434598,,,
HG00356,FIN,European Ancestry,Finnish,-1.0291211385899959,3.9846160687835335,5.011632,22.145956,-1.2566458326018657,1.7475203082812263,-0.07971837039655126,-2.2500092249889785,,,
HG00357,FIN,European Ancestry,Finnish,-2.194136954615765,4.7601493419472956,-0.5941994,15.891936,-1.496655305487217,1.9701286101182198,0.49103821762254524,-2.2934562949596726,,,
HG00358,FIN,European Ancestry,Finnish,-2.1207069956878497,5.252903103694345,0.075885944,22.071104,-0.8523255895722641,1.0198206197537472,0.6217893125011003,-4.276175204063244,,,
HG00359,FIN,European Ancestry,Finnish,-0.6748833594576951,5.217784365922673,-7.995239,13.02665,-0.3790161099769333,1.6238098117505193,4.067184697310748,-0.9787314651233155,,,
HG00360,FIN,European Ancestry,Finnish,-0.8811263970449194,2.7455397325795223,-5.4013343,10.863597,-1.6132700731645677,1.3691038245097307,1.2993902085159283,-0.9631448003736063,,,
HG00361,FIN,European Ancestry,Finnish,-0.7626487283341977,5.3514818489311855,-4.6032505,15.594552,-0.5876076578273662,2.4343146728641125,2.4180488291869304,2.318399531031624,,,
HG00362,FIN,European Ancestry,Finnish,-1.5704190843725798,3.6499407305417373,-1.985631,15.678302,-2.4444944193119635,1.343800651766876,1.9806949596146157,-1.619250519990316,,,
HG00364,FIN,European Ancestry,Finnish,-1.4568882476255234,4.357396198020869,-0.92985374,21.95969,-1.002768392870803,2.0238718371946587,2.033935653420037,-6.3701937612096105,,,
HG00366,FIN,European Ancestry,Finnish,-1.3184596517167892,5.957990031391662,-5.910083,16.063627,-0.9547834335398558,0.8283233927140567,5.377991315003906,2.6441357786658544,,,
HG00367,FIN,European Ancestry,Finnish,-0.7968336275203474,3.0952067182516148,5.020678,10.541261,-1.032975722694338,2.125687969901349,-0.5891183018407732,-4.22810910805863,,,
HG00369,FIN,European Ancestry,Finnish,-0.8859192897013519,5.584480903891127,-3.6185431,17.821741,-1.166369535757839,2.394011971331371,-0.6676558780855949,-1.7899807596548858,,,
HG00372,FIN,European Ancestry,Finnish,-1.5300961965043811,4.965139286796,-2.7315977,18.998087,-0.7057254934431256,1.778521168073994,1.8543087515453918,-2.648807741689587,,,
HG00373,FIN,European Ancestry,Finnish,-1.5687956915136887,5.632295602883731,-0.6329084,20.306417,-0.7427475571778343,2.299292766244034,1.5170887442471266,-2.982513310938642,,,
HG00375,FIN,European Ancestry,Finnish,-1.9272589426060631,4.714140761605515,-0.932852,16.281397,-1.5435024692039478,1.8877038741491237,2.4896978318899485,-4.824675850557065,,,
HG00376,FIN,European Ancestry,Finnish,-1.3121330277746217,5.356289902059819,1.7220271,22.905663,-0.37865751576161766,0.9777949720500182,0.11951053373383204,0.2169118677722365,,,
HG00377,FIN,European Ancestry,Finnish,-0.8847715926806721,1.308652533595506,-2.4664347,21.69446,0.18656189528638334,1.8133162556340128,-0.10460770213910214,-1.7232404720072463,,,
HG00378,FIN,European Ancestry,Finnish,0.13947778921339726,3.437746401046344,-7.4628525,15.928247,-0.3625594568510367,0.703086473877702,4.179229331562282,-2.1230982171851913,,,
HG00381,FIN,European Ancestry,Finnish,-1.420029887072758,3.748111165040456,-3.4765341,11.499341,-0.34865229447237794,0.4140564618713103,7.301223805316643,1.6365344533541242,,,
HG00382,FIN,European Ancestry,Finnish,-0.8150243327688094,4.899525543027366,-5.9581757,9.965945,-2.25407465575133,1.1184696534313012,3.105727843507924,1.5461247930364566,,,
HG00383,FIN,European Ancestry,Finnish,-1.6169066446923548,4.224687696622905,-0.86518914,21.024015,-0.976433491153086,1.7119866330255862,-0.4846728464345932,-3.435346394142772,,,
HG00384,FIN,European Ancestry,Finnish,-1.0327629564202727,4.654553596516589,-0.61848277,15.184418,-1.223921536957369,1.7826062155649438,-1.050128141688106,0.41523640275933543,,,
HG00403,CHS,East Asian Ancestry,Southern Han Chinese,-5.754394345207724,-4.542422082129517,-12.193291,-27.120754,-2.3882559656322373,-2.3409618959122875,,,,,
HG00404,CHS,East Asian Ancestry,Southern Han Chinese,-6.737662495898825,-6.837617480398621,-12.763669,-30.018238,-3.738718530022828,-3.6307099501595914,,,,,
HG00406,CHS,East Asian Ancestry,Southern Han Chinese,-5.653493985732015,-4.0777913499955885,-13.084909,-21.502068,-2.1822633501018256,-1.2189293368678769,,,,,
HG00407,CHS,East Asian Ancestry,Southern Han Chinese,-6.555985401616106,-4.716085844950141,-13.138104,-22.998224,-2.9762494162642845,-0.5654372808857966,,,,,
HG00418,CHS,East Asian Ancestry,Southern Han Chinese,-6.150757023981341,-4.967252895970906,-17.376522,-25.805815,-3.02967406361729,-2.6248965605504813,,,,,
HG00419,CHS,East Asian Ancestry,Southern Han Chinese,-5.875975843745381,-3.674638938847834,-14.53711,-28.587042,-2.368489388199097,-1.7148839297641643,,,,,
HG00421,CHS,East Asian Ancestry,Southern Han Chinese,-6.6531703259343375,-6.34966486342718,-7.940851,-28.998972,-2.884234586983765,-1.663772061142978,,,,,
HG00422,CHS,East Asian Ancestry,Southern Han Chinese,-5.400387943867683,-4.9013092051045595,-9.239949,-29.232386,-2.6480438673432527,-2.980726384102457,,,,,
HG00427,CHS,East Asian Ancestry,Southern Han Chinese,-5.347504785843814,-6.394580070792949,-17.356087,-25.782387,-2.491129956719184,-2.992748018627042,,,,,
HG00428,CHS,East Asian Ancestry,Southern Han Chinese,-5.635947372002725,-5.2916721131980315,-7.323996,-31.318968,-2.4583059575123896,-2.189992284032232,,,,,
HG00436,CHS,East Asian Ancestry,Southern Han Chinese,-5.898925088776712,-5.8410656917510115,-17.103533,-29.102457,-3.134899153198165,-2.979764193978249,,,,,
HG00437,CHS,East Asian Ancestry,Southern Han Chinese,-6.553268454421603,-4.623956658665802,-6.5322604,-28.239574,-2.692331632266603,-1.2773918049139108,,,,,
HG00442,CHS,East Asian Ancestry,Southern Han Chinese,-5.777377648674065,-4.6782781098193675,-10.605772,-28.837473,-2.7559184342859666,-1.858165224103673,,,,,
HG00443,CHS,East Asian Ancestry,Southern Han Chinese,-6.7958016362130165,-6.132184582749564,-14.805927,-27.085798,-2.5971617237975773,-1.8183561798043195,,,,,
HG00445,CHS,East Asian Ancestry,Southern Han Chinese,-6.024336272962773,-4.800291646049495,-13.939688,-21.960785,-2.8056848108617904,-1.6622645204501065,,,,,
HG00446,CHS,East Asian Ancestry,Southern Han Chinese,-6.392485483565564,-6.11066825470455,-14.754294,-29.102943,-3.0534380298865385,-1.552824959175974,,,,,
HG00448,CHS,East Asian Ancestry,Southern Han Chinese,-6.330765375389355,-4.924195548384586,-6.996619,-32.25616,-2.920939211944752,-0.9196242221852979,,,,,
HG00449,CHS,East Asian Ancestry,Southern Han Chinese,-5.684294997710328,-6.084173091898015,-8.751534,-21.031796,-2.8278413410544037,-2.4111088764637625,,,,,
HG00451,CHS,East Asian Ancestry,Southern Han Chinese,-5.840175702544772,-4.907900484292482,-12.105969,-28.53502,-2.303558915195123,-1.0797909681428677,,,,,
HG00452,CHS,East Asian Ancestry,Southern Han Chinese,-6.788111086431113,-5.641477603840243,-14.2439995,-28.552456,-3.6132471039261533,-2.2890062578858297,,,,,
HG00457,CHS,East Asian Ancestry,Southern Han Chinese,-6.364569149930214,-4.071589007624797,-12.427945,-35.424744,-2.564447931389866,-1.025857496203932,,,,,
HG00458,CHS,East Asian Ancestry,Southern Han Chinese,-6.071987412377451,-5.361727847223167,-18.2492,-26.464365,-3.236151837990132,-2.1107071043790984,,,,,
HG00463,CHS,East Asian Ancestry,Southern Han Chinese,-6.601532638093019,-5.588541292658358,-11.03344,-33.334366,-2.6988602480122053,-1.9236167691569928,,,,,
HG00464,CHS,East Asian Ancestry,Southern Han Chinese,-6.418954059853886,-4.718600023824487,-11.678737,-19.972418,-2.938652239522564,-2.5949976833884882,,,,,
HG00472,CHS,East Asian Ancestry,Southern Han Chinese,-6.540997033824013,-5.557643190329466,-7.0061946,-30.339787,-2.5540873555480266,-2.2205338029764734,,,,,
HG00473,CHS,East Asian Ancestry,Southern Han Chinese,-6.78501298207155,-6.076836714005926,-16.801811,-28.166706,-2.348054209990454,-0.5100235977440857,,,,,
HG00475,CHS,East Asian Ancestry,Southern Han Chinese,-5.426550087149272,-5.107030321746424,-12.047398,-33.274113,-2.6211638141353366,-1.1631284692206276,,,,,
HG00476,CHS,East Asian Ancestry,Southern Han Chinese,-5.829103295767952,-4.573096013418675,-12.500383,-30.926546,-2.551065023678973,-1.1697878555223795,,,,,
HG00478,CHS,East Asian Ancestry,Southern Han Chinese,-6.334166898719711,-5.429390292745205,-10.930583,-33.574043,-2.622169632335712,-2.000644873170233,,,,,
HG00479,CHS,East Asian Ancestry,Southern Han Chinese,-6.737404142151414,-5.173481922956861,-13.401346,-25.83838,-2.9722690686940156,-2.3771348529424836,,,,,
HG00500,CHS,East Asian Ancestry,Southern Han Chinese,-6.612464607185779,-6.4754718288369455,-5.755573,-22.605145,-3.5695904122559865,-1.9738449989203373,,,,,
HG00501,CHS,East Asian Ancestry,Southern Han Chinese,-6.082221644443764,-4.795965935039843,-1.7657245,-28.689589,-2.7766629617299756,-0.45192462765889774,,,,,
HG00512,CHS,East Asian Ancestry,Southern Han Chinese,-6.030666087293206,-4.69050899803207,-1.7676437,-28.69097,-2.7766629617299756,-0.45192462765889774,,,,,
HG00513,CHS,East Asian Ancestry,Southern Han Chinese,-6.533681015984565,-5.038245667513723,-13.742567,-29.723412,-3.0998820787283305,-1.6741445464581566,,,,,
HG00524,CHS,East Asian Ancestry,Southern Han Chinese,-4.92099105361237,-5.156959856631246,-10.871004,-32.407158,-2.6294334504609997,-1.0846859014860342,,,,,
HG00525,CHS,East Asian Ancestry,Southern Han Chinese,-6.180360704574678,-7.435368599559552,-15.68806,-33.954117,-2.575851882263935,-1.2973519238250275,,,,,
HG00530,CHS,East Asian Ancestry,Southern Han Chinese,-6.823507396432789,-6.3755468930899015,-12.913874,-27.252058,-3.032705255852009,-2.6186676689192785,,,,,
HG00531,CHS,East Asian Ancestry,Southern Han Chinese,-6.322758439835896,-6.353558783748556,-17.844557,-28.110596,-2.676884179516357,-2.8346048817825773,,,,,
HG00533,CHS,East Asian Ancestry,Southern Han Chinese,-6.629364899697345,-5.05133652924409,-14.116151,-28.426586,-2.9131903794925895,-1.3432081617341107,,,,,
HG00534,CHS,East Asian Ancestry,Southern Han Chinese,-6.7447652178298245,-5.5384330731667495,-16.769295,-28.518991,-3.320266258502956,-2.557841745699677,,,,,
HG00536,CHS,East Asian Ancestry,Southern Han Chinese,-5.8725798087757,-5.455162848550745,-17.326986,-30.63337,-1.6815776484085625,-0.5734040572916674,,,,,
HG00537,CHS,East Asian Ancestry,Southern Han Chinese,-6.074069961539682,-6.921503861154828,-12.822077,-31.853926,-2.6857137254940158,-2.2580929566473253,,,,,
HG00542,CHS,East Asian Ancestry,Southern Han Chinese,-6.981834421015682,-6.586050603228974,-12.286535,-27.470135,-3.5356300106891227,-2.944542539352211,,,,,
HG00543,CHS,East Asian Ancestry,Southern Han Chinese,-6.750390798095142,-6.126547682544715,-11.075505,-26.8507,-2.5046721417524074,-1.6372133252884145,,,,,
HG00553,PUR,American Ancestry,Puerto Rican,2.7780363273800424,-0.002481928141799372,13.404954,0.1930929,1.9416881376919137,-0.32961536423526416,,,,,
HG00554,PUR,American Ancestry,Puerto Rican,-0.6749080299167175,3.20146956460865,2.4611208,17.223175,0.38650115852988587,1.1238279818905963,,,,,
HG00556,CHS,East Asian Ancestry,Southern Han Chinese,-6.544604920805248,-5.37020217416316,-16.749485,-27.63818,-3.508259391081614,-2.626235351612988,,,,,
HG00557,CHS,East Asian Ancestry,Southern Han Chinese,-7.117208679273874,-6.978845495972908,-10.256912,-32.24501,-3.110719458867835,-1.736090995422277,,,,,
HG00559,CHS,East Asian Ancestry,Southern Han Chinese,-7.388105172856422,-5.991987322069485,-9.095691,-25.855127,-3.482849723681861,-2.0362899277649547,,,,,
HG00560,CHS,East Asian Ancestry,Southern Han Chinese,-6.7788138104793365,-5.741230664843701,-8.4609375,-27.916868,-3.7663286035435233,-3.194434729008881,,,,,
HG00565,CHS,East Asian Ancestry,Southern Han Chinese,-6.974702488324806,-7.493140858074354,-9.603029,-28.0325,-2.9016074023775262,-1.47234592103705,,,,,
HG00566,CHS,East Asian Ancestry,Southern Han Chinese,-7.591813748320272,-5.419166182053247,-7.823775,-29.55857,-3.110898007404405,-2.405541493206358,,,,,
HG00577,CHS,East Asian Ancestry,Southern Han Chinese,-6.683899400494324,-5.168014943759224,-9.837298,-30.56635,-3.372506933470257,-2.697209925400255,,,,,
HG00578,CHS,East Asian Ancestry,Southern Han Chinese,-5.893007997460908,-5.026510089734454,-12.705322,-19.498316,-2.9139804731122574,-1.420529256892975,,,,,
HG00580,CHS,East Asian Ancestry,Southern Han Chinese,-7.48919949243407,-5.306077588331623,-9.628265,-26.224915,-3.2124252238781104,-2.1111663782290244,,,,,
HG00581,CHS,East Asian Ancestry,Southern Han Chinese,-5.849952492812616,-4.81641740346413,-12.691211,-19.513489,-2.9139804731122574,-1.420529256892975,,,,,
HG00583,CHS,East Asian Ancestry,Southern Han Chinese,-5.791142567473573,-6.4382660846192925,-8.6325,-33.82668,-2.2277029756997417,-1.847229535696346,,,,,
HG00584,CHS,East Asian Ancestry,Southern Han Chinese,-7.136157383370947,-5.9777418012877925,-9.950743,-30.482893,-3.912235066979786,-2.2156957099203325,,,,,
HG00589,CHS,East Asian Ancestry,Southern Han Chinese,-5.2987606225389845,-5.168660913172515,-15.316248,-27.649971,-1.5875510433630045,-2.582132995906912,,,,,
HG00590,CHS,East Asian Ancestry,Southern Han Chinese,-6.077178543882272,-5.017253985575832,-12.176199,-28.067772,-2.835262334082306,-1.3695489567833787,,,,,
HG00592,CHS,East Asian Ancestry,Southern Han Chinese,-6.703404194618067,-5.852666093344086,-11.376262,-29.777481,-3.2378797209455694,-2.8347154413469395,,,,,
HG00593,CHS,East Asian Ancestry,Southern Han Chinese,-6.469575687445025,-6.872623676108019,-7.379938,-27.038076,-1.9439661251348008,-1.7247240296375685,,,,,
HG00595,CHS,East Asian Ancestry,Southern Han Chinese,-6.575993997300613,-6.418849879351025,-9.470026,-30.95349,-3.292296350065972,-2.549819494538241,,,,,
HG00596,CHS,East Asian Ancestry,Southern Han Chinese,-6.619626929572448,-5.996938845110743,-9.032641,-35.349827,-3.2017215722431045,-1.3205454221688204,,,,,
HG00607,CHS,East Asian Ancestry,Southern Han Chinese,-6.971145524592702,-5.011992713763363,-12.080648,-19.80465,-2.694099761439703,-1.4369618520008345,,,,,
HG00608,CHS,East Asian Ancestry,Southern Han Chinese,-6.593564106444382,-6.3487248598140456,-12.489461,-25.658815,-2.290003440785118,-2.3678488166539804,,,,,
HG00610,CHS,East Asian Ancestry,Southern Han Chinese,-5.243754587823161,-5.2152823353455515,-8.865652,-26.666565,-3.1420927374986247,-1.1647848788437343,,,,,
HG00611,CHS,East Asian Ancestry,Southern Han Chinese,-6.1731754663862075,-6.2645964371691845,-11.043588,-30.859476,-2.8008702375897387,-2.997539605877251,,,,,
HG00613,CHS,East Asian Ancestry,Southern Han Chinese,-6.043245367552126,-6.215756084009999,-12.591056,-32.09863,-2.436888777042455,-2.4339160908967417,,,,,
HG00614,CHS,East Asian Ancestry,Southern Han Chinese,-5.5860043216347846,-5.6570007720976525,-15.731359,-32.380566,-3.3676571584692807,-1.3307933828194618,,,,,
HG00619,CHS,East Asian Ancestry,Southern Han Chinese,-6.954636450733581,-5.957264433659117,-8.361454,-28.844057,-3.2096550163670834,-2.2109660419351798,,,,,
HG00620,CHS,East Asian Ancestry,Southern Han Chinese,-5.904939180743094,-5.089266991995905,-9.154277,-35.54357,-3.562571565216765,-1.4314335904363604,,,,,
HG00625,CHS,East Asian Ancestry,Southern Han Chinese,-7.220290212427569,-6.121129599117302,-10.889323,-25.629944,-3.510042388262006,-1.8135382985311277,,,,,
HG00626,CHS,East Asian Ancestry,Southern Han Chinese,-6.47055637669867,-4.905216986978732,-6.925319,-30.444815,-2.990117724539762,-2.6966333112677603,,,,,
HG00628,CHS,East Asian Ancestry,Southern Han Chinese,-6.310665030420423,-5.220457807725986,-15.1178255,-25.059975,-2.662632751050291,-1.2727913338265147,,,,,
HG00629,CHS,East Asian Ancestry,Southern Han Chinese,-6.958919536758004,-4.367019458434835,-9.81235,-26.683783,-3.3689443689889123,-1.5675592431861234,,,,,
HG00634,CHS,East Asian Ancestry,Southern Han Chinese,-6.359180770640983,-5.0704180377354815,-11.22067,-24.779696,-3.0898271231329035,-2.2724381653245596,,,,,
HG00635,CHS,East Asian Ancestry,Southern Han Chinese,-5.591141429449535,-5.485468325391538,-12.534866,-19.624537,-2.570829041760322,-1.6049049951827654,,,,,
HG00637,PUR,American Ancestry,Puerto Rican,0.188123468829144,2.7268661321727836,2.5175295,9.932316,0.0011793821089621792,0.7813665974682422,,,,,
HG00638,PUR,American Ancestry,Puerto Rican,0.46765397970124345,1.0902587504603982,-1.2778478,1.2600054,0.09568165840371912,1.026207938190931,,,,,
HG00640,PUR,American Ancestry,Puerto Rican,-0.8940276097231896,3.6746488902688372,2.912008,16.654434,0.08129678151974684,1.6531246976058078,,,,,
HG00641,PUR,American Ancestry,Puerto Rican,-0.1764178253233692,4.67231876590045,-6.9396024,11.435846,-0.34121889111263554,0.4650103625067501,,,,,
HG00650,CHS,East Asian Ancestry,Southern Han Chinese,-6.401953666667751,-4.306573407609021,-13.250671,-29.338717,-2.9091690457086976,-0.3292694593671244,,,,,
HG00651,CHS,East Asian Ancestry,Southern Han Chinese,-5.615404974644126,-6.05581696929931,-11.317805,-34.217,-1.8132299362649151,-2.1583448011801862,,,,,
HG00653,CHS,East Asian Ancestry,Southern Han Chinese,-6.251361295622294,-6.636989476708915,-11.636199,-27.639416,-3.837949669213713,-2.5556606463900797,,,,,
HG00654,CHS,East Asian Ancestry,Southern Han Chinese,-6.08902591488441,-6.276124185084508,-9.650092,-31.521746,-2.9654251492779196,-1.6996283598950543,,,,,
HG00656,CHS,East Asian Ancestry,Southern Han Chinese,-6.666455166192372,-5.654316045238464,-16.447248,-32.207607,-3.4161700798028694,-1.6471453363785318,,,,,
HG00657,CHS,East Asian Ancestry,Southern Han Chinese,-6.070292896189338,-5.386372593459465,-15.877475,-32.056976,-2.8898976787362773,-1.9589946332559127,,,,,
HG00662,CHS,East Asian Ancestry,Southern Han Chinese,-5.814536036474704,-5.866938114056771,-10.060423,-27.492228,-2.9409009055433364,-1.7274519366307772,,,,,
HG00663,CHS,East Asian Ancestry,Southern Han Chinese,-7.064231215108441,-6.3126305354552885,-7.414742,-29.916609,-3.7885335405127565,-2.643465095033287,,,,,
HG00671,CHS,East Asian Ancestry,Southern Han Chinese,-6.819799804928648,-4.578624058586873,-6.830239,-25.001936,-2.7293297901763234,-1.5762879054640129,,,,,
HG00672,CHS,East Asian Ancestry,Southern Han Chinese,-5.279359801768013,-6.179762019950215,-11.937608,-29.669245,-2.252297081506038,-1.4280997368509607,,,,,
HG00683,CHS,East Asian Ancestry,Southern Han Chinese,-6.402075525790581,-6.81906576453584,-9.400922,-31.92445,-2.071275305567319,-2.7187192644934024,,,,,
HG00684,CHS,East Asian Ancestry,Southern Han Chinese,-6.226140895354327,-6.534165382700061,-9.016958,-28.169886,-3.0890722755112794,-2.4785362104127655,,,,,
HG00689,CHS,East Asian Ancestry,Southern Han Chinese,-5.172595761018885,-4.214961266786021,-6.354053,-28.396254,-3.2544236459577673,-0.7504970498146895,,,,,
HG00690,CHS,East Asian Ancestry,Southern Han Chinese,-6.163224820084719,-5.589472993968937,-14.825753,-26.96348,-2.771531672659701,-0.9411380741819491,,,,,
HG00692,CHS,East Asian Ancestry,Southern Han Chinese,-6.293247251765953,-4.5152813664510925,-9.210783,-28.75172,-2.7999241512155093,-1.346638471314746,,,,,
HG00693,CHS,East Asian Ancestry,Southern Han Chinese,-7.425746072633011,-5.295964138223293,-15.904498,-26.231295,-2.625666724169328,-2.403245943769223,,,,,
HG00698,CHS,East Asian Ancestry,Southern Han Chinese,-5.393339179759882,-6.049943420538303,-11.981943,-29.716146,-2.0106992510898856,-2.1818929574780355,,,,,
HG00699,CHS,East Asian Ancestry,Southern Han Chinese,-7.325058140363565,-5.897658562063621,-10.330852,-34.132187,-3.119147610087884,-2.534929397929395,,,,,
HG00701,CHS,East Asian Ancestry,Southern Han Chinese,-6.431411022565894,-5.03657931056989,-7.1448345,-24.927603,-1.789803989529766,-1.3277211635840294,,,,,
HG00702,CHS,East Asian Ancestry,Southern Han Chinese,-6.46342401778312,-4.995533942826815,-16.242619,-32.159794,-2.7589993075865236,-1.5161966920070524,,,,,
HG00704,CHS,East Asian Ancestry,Southern Han Chinese,-6.720741503961288,-5.367540410378438,-7.925658,-32.97464,-3.634246034171997,-2.3107870642324597,,,,,
HG00705,CHS,East Asian Ancestry,Southern Han Chinese,-7.114414783760192,-5.8083797431104385,-17.021357,-27.995655,-3.2800655181827176,-0.9061308848194614,,,,,
HG00707,CHS,East Asian Ancestry,Southern Han Chinese,-5.7642919563860024,-5.14705344689503,-12.678554,-28.744284,-2.201567983436556,-2.500039795272598,,,,,
HG00708,CHS,East Asian Ancestry,Southern Han Chinese,-7.070767951223722,-5.5747810609261785,-15.907631,-25.627121,-2.655417700432891,-2.079795672170681,,,,,
HG00731,PUR,American Ancestry,Puerto Rican,0.11988840655662825,5.216452410558739,6.808688,17.090023,-0.4343230357936608,2.2175299202085603,,,,,
HG00732,PUR,American Ancestry,Puerto Rican,-0.17174950826658136,4.700872115535358,-7.196626,21.74008,0.1972559654430247,1.4702782250436193,,,,,
HG00734,PUR,American Ancestry,Puerto Rican,-0.312333023953115,2.9061900044448787,0.89594483,7.8517165,0.19991194588704464,1.0973833112803544,,,,,
HG00736,PUR,American Ancestry,Puerto Rican,-1.461470583204476,4.540373409052135,-5.0241694,22.670734,0.6545757084147366,0.5082356822795793,,,,,
HG00737,PUR,American Ancestry,Puerto Rican,-1.3030135561600447,3.3607188894532483,-0.61833066,13.516402,-1.17296473664584,1.1396389318987499,,,,,
HG00740,PUR,American Ancestry,Puerto Rican,-0.32802397527513827,4.152609293314772,-2.441175,5.7476807,0.1542181278099637,0.7845225652305974,,,,,
HG01047,PUR,American Ancestry,Puerto Rican,-0.814529902870918,3.054408626356049,-2.1308084,8.885016,-0.07411020783952993,0.5070351609118608,,,,,
HG01048,PUR,American Ancestry,Puerto Rican,-1.0302212871610963,1.9960558095888423,6.6368537,8.4651785,-0.733360649555989,0.6846291113783038,,,,,
HG01051,PUR,American Ancestry,Puerto Rican,-0.11345975310372941,3.1905749237824628,7.172711,8.679704,0.6942817333126607,1.3188147890557245,,,,,
HG01052,PUR,American Ancestry,Puerto Rican,2.1354716072320565,1.903489350518139,5.144351,4.0962915,1.4034885555336578,0.6711971409894633,,,,,
HG01055,PUR,American Ancestry,Puerto Rican,-0.970720931941154,3.2768191021372344,-0.34520856,5.376967,-0.9387909571999864,0.3574458397337983,,,,,
HG01060,PUR,American Ancestry,Puerto Rican,-0.19213233650091482,3.4326716616991266,-1.4719564,6.213812,0.8535944662960251,0.25621722686775006,,,,,
HG01061,PUR,American Ancestry,Puerto Rican,0.47116928482487286,4.10527465674091,8.755916,12.182761,-0.5595065775167204,0.5338565818147518,,,,,
HG01066,PUR,American Ancestry,Puerto Rican,-1.8585002616634947,3.9116478199450926,3.7773294,5.743794,-1.235107414116471,2.001462172543697,,,,,
HG01067,PUR,American Ancestry,Puerto Rican,-0.46212195454950145,4.299685928785768,2.217348,11.517957,-0.26353385127224116,1.9264834486309987,,,,,
HG01069,PUR,American Ancestry,Puerto Rican,0.19605341163270373,5.14848833447542,10.278195,15.466168,-0.07722458702766832,2.2165509775086827,,,,,
HG01070,PUR,American Ancestry,Puerto Rican,-0.5205155486670099,2.4733742017750053,2.3006213,0.5184957,-0.44428021913248933,1.476908930337265,,,,,
HG01072,PUR,American Ancestry,Puerto Rican,-2.22873254760594,2.2501924678909933,-1.7120023,5.848292,-1.3658221633837595,-0.3051782153540965,,,,,
HG01073,PUR,American Ancestry,Puerto Rican,-2.0574641946123786,-0.1806915076498461,-2.0102997,-0.05104809,-1.3522978741863214,0.44439087237678687,,,,,
HG01075,PUR,American Ancestry,Puerto Rican,-0.6932686248644653,4.935169610722802,1.7342314,12.353457,-0.7490166622660208,1.9200188293773857,,,,,
HG01079,PUR,American Ancestry,Puerto Rican,-2.4628344653168255,4.685897915226407,8.07209,12.95021,-1.4281190101152763,0.7304894370452828,,,,,
HG01080,PUR,American Ancestry,Puerto Rican,0.39926097171333574,3.8492692464470863,6.506351,8.532831,-0.08273049569225743,1.5597049887402075,,,,,
HG01082,PUR,American Ancestry,Puerto Rican,-2.876642861470451,2.1252748181482652,1.676924,-0.05036725,-0.6480353899996526,0.9525152969842323,,,,,
HG01083,PUR,American Ancestry,Puerto Rican,1.9427443170318046,0.7106822490692055,-1.6593004,5.7092505,0.8575406639848735,0.5035802258823061,,,,,
HG01085,PUR,American Ancestry,Puerto Rican,-0.9425574706266712,3.2034253331079676,4.530951,6.1977367,-1.0153997464782196,0.8309736168961501,,,,,
HG01095,PUR,American Ancestry,Puerto Rican,0.4252077263218629,4.531228649113081,8.112179,20.562193,-0.48910810309697567,2.6067450230366305,,,,,
HG01097,PUR,American Ancestry,Puerto Rican,-1.314712229117507,2.9474161414255393,2.6676965,8.92946,-1.5866769196914698,1.0594003604727318,,,,,
HG01098,PUR,American Ancestry,Puerto Rican,0.5671833168482049,4.336452228232922,-5.8875704,4.5971837,0.1594366605519928,1.1769573050147313,,,,,
HG01101,PUR,American Ancestry,Puerto Rican,1.2842276845035019,0.9554945945758151,5.1234646,4.1065955,0.14668943650262067,-0.6007046224485855,,,,,
HG01102,PUR,American Ancestry,Puerto Rican,5.141899624797678,0.07866503712484896,7.174476,7.1832023,2.2253874636869435,-0.810532031322575,,,,,
HG01104,PUR,American Ancestry,Puerto Rican,-1.2708455835601558,4.25738467192595,-0.6811333,11.065259,-1.3521358508094123,1.9869211070795585,,,,,
HG01105,PUR,American Ancestry,Puerto Rican,-0.4842445795199462,4.580878467432413,10.033859,20.559093,0.4721531639906291,1.2255986493381146,,,,,
HG01107,PUR,American Ancestry,Puerto Rican,-0.26789630217689786,4.952778982387589,0.64422035,10.429265,-0.47198834692446207,2.5713062681526595,,,,,
HG01108,PUR,American Ancestry,Puerto Rican,7.908957914535708,-0.11750046287036575,14.016146,4.8012185,3.1643315140388424,-0.21016891122813686,,,,,
HG01112,CLM,American Ancestry,Colombian,0.3344740747530083,4.77220037890447,-10.986995,13.737619,-0.5584765127403108,2.0259341248771117,,,,,
HG01113,CLM,American Ancestry,Colombian,-1.2609701957029675,2.368086490753395,-6.419679,7.3284435,-0.560541379484699,1.360351807659089,,,,,
HG01124,CLM,American Ancestry,Colombian,-0.770031313119838,3.7965160751940252,0.46859428,6.5346723,-0.1405433275481408,0.758815808628202,,,,,
HG01125,CLM,American Ancestry,Colombian,-1.4954574076469225,4.593665058012822,4.313272,9.490163,-0.9965695830283432,2.0132445431012034,,,,,
HG01133,CLM,American Ancestry,Colombian,-3.5416723641680776,2.622790353937991,-4.907668,1.6159477,-1.9754014252612178,1.030236354418561,,,,,
HG01134,CLM,American Ancestry,Colombian,-1.0843596134825417,5.4155958617187245,3.890223,13.052891,-0.7900521066876726,1.6205928687993374,,,,,
HG01136,CLM,American Ancestry,Colombian,0.9544381050214309,2.0166897867265807,-8.489573,0.0047492506,1.198158103160354,0.8233549701411258,,,,,
HG01137,CLM,American Ancestry,Colombian,-2.2948347095158947,2.6711540277451973,-7.345937,2.850394,-0.6198138836292387,-0.09606074336784332,,,,,
HG01140,CLM,American Ancestry,Colombian,-3.0275466344279316,2.0117068350459113,-4.3198013,3.6302538,-1.4428459499989184,0.9632078775295001,,,,,
HG01148,CLM,American Ancestry,Colombian,-1.536630772778857,4.842619920213597,-6.406823,7.9331436,-1.132744618013392,1.6710809694094795,,,,,
HG01149,CLM,American Ancestry,Colombian,-2.0360330691532065,2.8520322410199186,-6.4777656,6.4090343,-1.8448075916085347,0.5045153811016778,,,,,
HG01167,PUR,American Ancestry,Puerto Rican,1.7487628608194226,4.477239896108616,6.8186617,5.274903,0.7406767639881848,1.5665853417022038,,,,,
HG01168,PUR,American Ancestry,Puerto Rican,0.426130728332875,3.211379955907523,9.858854,18.11742,0.31014420925192987,2.7493471598391688,,,,,
HG01170,PUR,American Ancestry,Puerto Rican,-0.17854463899624895,3.150446716458105,2.8073483,1.6557477,0.2396502262661626,1.6422521765373173,,,,,
HG01171,PUR,American Ancestry,Puerto Rican,-1.5866104884265182,3.0918181079300795,2.1725364,0.38321453,-1.0936091689950438,-0.352823821443522,,,,,
HG01173,PUR,American Ancestry,Puerto Rican,-0.4015530359919777,4.065866189369361,9.922417,10.688858,-0.5324378934393209,1.5448796444717043,,,,,
HG01174,PUR,American Ancestry,Puerto Rican,0.8331421809093188,3.9511653519760044,7.0729823,7.380877,0.050539401574213216,1.630443888113391,,,,,
HG01176,PUR,American Ancestry,Puerto Rican,-0.3124554902669884,3.4743616837528797,-0.20392707,16.80066,0.4001212965292411,1.3295947914757777,,,,,
HG01183,PUR,American Ancestry,Puerto Rican,1.409546313969586,5.258571033229147,7.616619,20.64048,0.6659592732298176,1.3784630042014654,,,,,
HG01187,PUR,American Ancestry,Puerto Rican,-1.9551746213312726,1.4395492290338705,-3.1487381,0.5063997,-0.5171788915367014,-0.10447204205973781,,,,,
HG01188,PUR,American Ancestry,Puerto Rican,2.84029270950605,1.4693411903552809,-3.6675532,9.14033,1.3033355827955004,0.4053370370376417,,,,,
HG01190,PUR,American Ancestry,Puerto Rican,1.765488441572312,4.493816803666796,6.8297334,5.2673607,0.9320029885760579,2.0546804741339773,,,,,
HG01191,PUR,American Ancestry,Puerto Rican,-0.09445788603197158,-1.454181596791197,-1.4277415,1.3484411,0.11206571396100429,0.6591973037131833,,,,,
HG01197,PUR,American Ancestry,Puerto Rican,-1.5447565150247127,2.8239877686030916,-3.9373994,3.4273496,-1.8602440766103505,-0.7257325889307928,,,,,
HG01198,PUR,American Ancestry,Puerto Rican,0.3068741402784968,2.8349998001700527,3.7337945,5.514896,-0.9610734786100936,1.3160856566028611,,,,,
HG01204,PUR,American Ancestry,Puerto Rican,-0.12098164282400348,4.768479438885949,9.984716,10.676799,-0.49329492206180475,2.0823024796318474,,,,,
HG01250,CLM,American Ancestry,Colombian,-0.5935830217292108,3.0297437124688145,3.593509,10.980037,0.3722796657638259,1.14435971362031,,,,,
HG01251,CLM,American Ancestry,Colombian,-3.147205489318105,2.885240771230553,-7.196753,1.9416202,-1.7580705646982728,0.5986430033377448,,,,,
HG01257,CLM,American Ancestry,Colombian,0.8708909545681999,3.3643719512891175,4.6821394,6.3133583,-0.3184197705051898,1.8986563891871708,,,,,
HG01259,CLM,American Ancestry,Colombian,-0.18759651592513327,4.771054936650615,-1.712265,8.672095,-1.0947644299515618,1.4910360690299598,,,,,
HG01271,CLM,American Ancestry,Colombian,0.21620442438624898,4.652550223062865,1.3560032,9.712721,0.7678279127291618,1.0075904822891262,,,,,
HG01272,CLM,American Ancestry,Colombian,1.0083181886828987,0.243757835850138,-7.136563,1.6582013,0.3872990899777067,-0.7962568140235646,,,,,
HG01274,CLM,American Ancestry,Colombian,-1.529671223956937,3.1568371923955363,-7.210384,0.88396513,-0.9927021754054595,1.0927112493199953,,,,,
HG01275,CLM,American Ancestry,Colombian,-1.1249269915035527,6.640971096952692,6.8921123,16.277622,0.45144618659946234,2.37269015022595,,,,,
HG01277,CLM,American Ancestry,Colombian,-0.6231316721294751,2.5250990786762415,-3.0308537,4.3690667,-0.15472284191103958,1.12466692326711,,,,,
HG01278,CLM,American Ancestry,Colombian,-1.7917104593012283,4.378145176428759,-3.029581,4.443637,-1.3631011953944685,0.1443026038503885,,,,,
HG01334,GBR,European Ancestry,British,-0.8751470369526184,5.522859349940471,4.2414956,18.514027,-0.9034529319258987,1.7034316837738137,-2.6156039137123863,1.7098167747953152,,,
HG01342,CLM,American Ancestry,Colombian,1.0036774416494936,-0.36417368714912524,6.123532,0.8731657,1.6872593555777813,0.20764812828202728,,,,,
HG01344,CLM,American Ancestry,Colombian,0.2862711297503474,4.734958513399803,-7.820809,1.2676542,0.535200625156641,0.7202296288982939,,,,,
HG01345,CLM,American Ancestry,Colombian,-1.600367870500651,4.144650455528421,-6.203992,7.668,-1.7331989625588644,1.6243638049892528,,,,,
HG01350,CLM,American Ancestry,Colombian,-1.4558807006332826,3.27668339232005,-1.2945461,4.4417176,-0.7818306514225666,0.5177426519147101,,,,,
HG01351,CLM,American Ancestry,Colombian,-1.8280128881758988,4.037402869877101,-7.31666,3.4097006,-0.8550984126349419,-0.6696826250387615,,,,,
HG01353,CLM,American Ancestry,Colombian,-1.1338753368000967,4.656027473920622,-3.1844184,6.8542247,0.16234117913984625,0.23456555444474825,,,,,
HG01354,CLM,American Ancestry,Colombian,-1.5519897814020513,4.149445040872095,-5.1010036,7.1204247,-1.4701706598508744,-0.5208422127712491,,,,,
HG01356,CLM,American Ancestry,Colombian,0.39814700512650714,2.2768175381769375,-8.294158,0.1196155,0.28810489385980576,0.11178815461794689,,,,,
HG01357,CLM,American Ancestry,Colombian,-2.0677557211618263,3.9145216300884966,-4.494093,5.093773,-1.3392194453662536,0.9583645109999506,,,,,
HG01359,CLM,American Ancestry,Colombian,-0.22188268417102375,5.253100814692245,10.776639,12.560339,0.2797609505487856,1.143048755936455,,,,,
HG01360,CLM,American Ancestry,Colombian,-2.4119648571998042,3.836251677504059,-6.460857,-1.225875,-0.8905178769111923,-0.06334505003301505,,,,,
HG01365,CLM,American Ancestry,Colombian,-2.1550503988245326,1.5531073213834814,-0.682266,-1.0209141,-1.1676355368067326,0.8511726538581301,,,,,
HG01366,CLM,American Ancestry,Colombian,-0.3153008381553901,3.7847129869978273,-4.9329114,2.2525287,-0.7514597432912177,1.3708096214171843,,,,,
HG01374,CLM,American Ancestry,Colombian,-1.7923656645516908,3.065195360082084,-5.3996835,0.79953545,-1.5362812064327176,-0.26028039997439745,,,,,
HG01375,CLM,American Ancestry,Colombian,0.5720725606742435,1.3352616054676822,0.05805295,3.2975092,0.7494004386637136,-1.0189825947408182,,,,,
HG01377,CLM,American Ancestry,Colombian,-2.48160141584976,3.451866271615292,-4.7961574,0.20643552,-1.1000977213600838,-0.201361044039567,,,,,
HG01378,CLM,American Ancestry,Colombian,-0.570927994637511,4.409161091573869,-8.824296,6.2517476,-0.7968259873641292,1.0282364345796255,,,,,
HG01383,CLM,American Ancestry,Colombian,-1.4458065219924352,4.033466155494881,3.4800603,10.829262,-2.1626809951619586,0.8393733100129632,,,,,
HG01384,CLM,American Ancestry,Colombian,2.2048576676783997,1.5942490468568833,-8.872755,6.012176,1.1308893195239762,0.26680721667343255,,,,,
HG01389,CLM,American Ancestry,Colombian,-0.9089328604948026,4.797545804411984,-4.611251,7.5341353,-1.7693211231586208,0.7403952881976195,,,,,
HG01390,CLM,American Ancestry,Colombian,4.165731831590382,0.0421920226497603,-5.8578553,2.4410133,2.672960911192863,-0.4427560884546913,,,,,
HG01437,CLM,American Ancestry,Colombian,-0.6165866322714499,3.2719833371797233,-1.706555,8.984871,-1.0155079028136424,-0.6066517928651605,,,,,
HG01440,CLM,American Ancestry,Colombian,1.0470962149283376,3.1292041005003965,0.88708943,-2.0373368,0.24024874915180994,1.2574557193931468,,,,,
HG01441,CLM,American Ancestry,Colombian,-2.0796938555030104,0.3440326968197924,1.7754023,2.2825744,0.09349498160658742,1.5389803597183487,,,,,
HG01455,CLM,American Ancestry,Colombian,-0.25377363097456757,4.27395733166616,0.26531813,5.0572333,1.2762375306813214,0.9195443759269608,,,,,
HG01456,CLM,American Ancestry,Colombian,-3.1636252101616096,3.032091150424699,-1.7795863,3.062775,-0.523374513027156,1.3451298072369218,,,,,
HG01461,CLM,American Ancestry,Colombian,-2.015216920817427,1.4459882722176314,-2.6385584,-0.012286915,-0.43013477783763937,0.12512174023740807,,,,,
HG01462,CLM,American Ancestry,Colombian,-0.7459419900482867,1.7647671670185412,-5.857064,1.6387032,-0.6176125641991959,0.4364917157060364,,,,,
HG01465,CLM,American Ancestry,Colombian,-2.365167097636274,5.178740606151175,-4.5308967,5.78796,-1.3323921497423705,1.5514382254262316,,,,,
HG01488,CLM,American Ancestry,Colombian,-1.1532340300456068,3.0542217077784226,-7.848011,4.646382,-1.2922594321507461,-0.10586627742696697,,,,,
HG01489,CLM,American Ancestry,Colombian,1.4545121898682982,4.530475247353299,10.7123375,12.564856,0.9138994333452535,2.123025898604282,,,,,
HG01491,CLM,American Ancestry,Colombian,-0.8088650952250068,3.4720697690682094,-4.3072867,5.749837,0.3696629920550216,0.26833756236884354,,,,,
HG01492,CLM,American Ancestry,Colombian,-0.11789347492372748,6.589837042740969,3.7977917,13.157917,-0.20035355466164756,2.309476133272192,,,,,
HG01494,CLM,American Ancestry,Colombian,3.0583721976194855,-1.1645870358405883,-0.35454997,2.535646,1.6414684449000523,0.12992099484512165,,,,,
HG01495,CLM,American Ancestry,Colombian,0.30627983856489205,3.043443833930786,-1.4682791,4.0733147,-0.726088702302996,0.8341609344418897,,,,,
HG01497,CLM,American Ancestry,Colombian,0.4088252050938652,2.71488328859545,0.79378957,5.217174,0.7066774919600063,2.088323534191527,,,,,
HG01498,CLM,American Ancestry,Colombian,-0.6317071668371366,3.682710613723326,6.091726,9.022638,0.2637439100248916,1.1577659517572512,,,,,
HG01515,IBS,European Ancestry,Iberian,-0.5444405946375921,5.423319028000738,10.860669,16.445026,-0.6489616750304379,0.7933854185962474,-3.699265901532065,1.4668079997217771,,,
HG01516,IBS,European Ancestry,Iberian,-0.8605429880626658,5.947413706728541,6.3943067,10.68967,-1.5292219903920183,1.234604629443827,-1.622684009441783,-0.7215807267343027,,,
HG01518,IBS,European Ancestry,Iberian,-1.915127295787908,4.871665867973983,0.6898741,19.107082,-1.278451779004337,2.0135268885980833,-1.4321783257653609,1.9251930678039622,,,
HG01519,IBS,European Ancestry,Iberian,-1.283840180277278,5.535106709789918,1.028838,11.099545,-1.093626049672176,0.9756131424947124,-0.4752366691287125,2.630022075561436,,,
HG01521,IBS,European Ancestry,Iberian,-1.2906863567102853,5.391848924472322,2.980076,12.348239,-1.3037410186534721,1.8609973888107647,-2.072140207066728,1.2688718180923075,,,
HG01522,IBS,European Ancestry,Iberian,-1.9884058582096418,5.4150801839926,5.5577574,13.162859,-1.3510053940091793,1.9887788827453798,-2.595225326400637,1.4827051759988688,,,
HG01550,CLM,American Ancestry,Colombian,-1.492443675338266,3.7999904146861603,-5.20044,7.115858,-1.18881977527576,0.5194864325225768,,,,,
HG01551,CLM,American Ancestry,Colombian,2.7175463670270465,0.741072139308165,9.59345,2.3944986,1.3137156204352074,1.0865410641266307,,,,,
HG01617,IBS,European Ancestry,Iberian,0.516542751236056,3.3977561329416766,8.179259,16.471586,-0.5328145662397714,1.0033884698088598,-0.6039974312087141,-1.4593169552832062,,,
HG01618,IBS,European Ancestry,Iberian,0.10332117835312793,6.052456052414232,0.11609005,9.892982,0.164731559906248,2.0225249764543793,-2.156131486319665,1.6845155935021738,,,
HG01619,IBS,European Ancestry,Iberian,-0.8974866135720796,5.6277083397858965,9.589938,20.12554,-0.5691108832632962,2.381057685521446,-3.5198144363426938,0.16831667150292337,,,
HG01620,IBS,European Ancestry,Iberian,-1.1768659090001403,4.880221969790746,4.930487,17.136847,-0.528937673639553,2.487185785501829,-0.72323821066371,-3.7803753904928445,,,
HG01623,IBS,European Ancestry,Iberian,0.12353911900625769,6.2080090454040935,-11.188036,17.321266,-0.0357100173306476,1.0162926754250243,0.8849426049536457,2.682532289711176,,,
HG01624,IBS,European Ancestry,Iberian,0.7840811600973011,6.853875696439101,6.0642743,23.695118,0.21919598157444653,2.7108502526297973,0.20666123215222462,0.3673861667122277,,,
HG01625,IBS,European Ancestry,Iberian,0.4145772923016531,6.2617776052379766,9.581244,20.09293,-0.2041554694798688,2.9153637447008816,-4.834703899847142,1.824154247125898,,,
HG01626,IBS,European Ancestry,Iberian,-1.4521986050556515,4.8189802790536564,0.77932155,16.383669,-1.0902060913366731,2.3961501999339685,-0.8155303115735738,-4.444889574319419,,,
NA06984,CEU,European Ancestry,CEPH,-1.0966976269908066,5.722994792043119,1.6653255,18.290497,-0.43178485528122046,1.6416774387130255,-1.2750919494197952,-0.04150975740244349,,,
NA06986,CEU,European Ancestry,CEPH,-2.2857095333589377,5.562957599386972,-3.3738437,10.884111,-1.5751013243168202,2.187823904825299,2.518425412936614,0.8652542845544274,,,
NA06989,CEU,European Ancestry,CEPH,0.6436656605173557,5.503929686853847,5.098372,14.514838,0.15690178274946165,1.7546633973048473,-2.1807307908081275,-0.6214071824721822,,,
NA06994,CEU,European Ancestry,CEPH,-1.4746416048911906,6.118334266398968,0.13738962,13.61604,-1.3399142049216906,2.001430978535861,2.2700251637809012,2.6051147860178276,,,
NA07000,CEU,European Ancestry,CEPH,-0.4278384151354051,4.127992468169003,4.2644463,9.413816,-0.8946319780642391,1.37193636625272,-0.1396722175683727,-1.2392507762376899,,,
NA07037,CEU,European Ancestry,CEPH,-0.46004955393209995,4.900497266209865,4.8908005,15.669597,-0.547934130895815,1.7692330343688056,0.3571143823077631,0.5337911592392042,,,
NA07048,CEU,European Ancestry,CEPH,-1.519874138266262,5.617569917516648,5.44112,21.075504,-0.42282693239742986,2.968887001985114,-1.1308638945404628,-0.8194781531040395,,,
NA07051,CEU,European Ancestry,CEPH,-0.02794932038590836,6.980720395756494,-4.9004354,22.514292,-0.48015232802696844,1.856892655996668,1.5841490275631156,3.2437688231141073,,,
NA07056,CEU,European Ancestry,CEPH,0.0004007206203936464,5.753670913655683,11.6302,18.43931,-0.6774596262323154,1.1288815216905403,-0.9589179493759435,1.7980945778737452,,,
NA07347,CEU,European Ancestry,CEPH,-0.7528268900794619,5.647262671224454,-4.3554187,23.601791,0.158473255259458,1.4566818534798247,-0.594041953166985,2.22239090602825,,,
NA07357,CEU,European Ancestry,CEPH,-0.42153051606818065,5.132117898769462,0.017826142,11.97724,-0.5652857795532025,2.222349724044502,0.002289748441433711,-1.0521947697498737,,,
NA10847,CEU,European Ancestry,CEPH,-0.9389055631760892,4.771351499428719,-1.9460428,10.505032,-0.40405306225772225,1.1362181622478864,1.8052909032078972,-0.0021769188189760128,,,
NA10851,CEU,European Ancestry,CEPH,-0.4360441251641273,6.10302149114431,-2.5884216,16.605988,-1.0085298661098268,2.35682046737186,-3.5001552156076134,0.49814236809232704,,,
NA11829,CEU,European Ancestry,CEPH,0.9643081241317796,6.4898209899760815,6.288445,13.919916,0.16659824969439352,2.7900747784686573,-4.419117844686981,-0.614305776254344,,,
NA11830,CEU,European Ancestry,CEPH,-0.08582438515751423,4.161241476579889,4.423619,16.577917,-0.7006261271252678,1.534428220525826,-2.655799137245546,-3.4025405666410697,,,
NA11831,CEU,European Ancestry,CEPH,-0.2879584509489805,4.606840385181626,-2.133913,13.0024395,-0.3229657362842265,1.3531708676065077,2.7902167602010897,-1.2828815665736353,,,
NA11843,CEU,European Ancestry,CEPH,1.2165566399328616,5.388014150000705,-8.2865095,14.892465,0.7843164045686457,2.506082084819681,0.4093922528458742,1.8574506691772987,,,
NA11892,CEU,European Ancestry,CEPH,-1.378499079050708,4.822452324023361,-8.792288,20.236675,-0.5038035690503618,1.1452622784148059,0.9199411194011748,1.444890693022944,,,
NA11893,CEU,European Ancestry,CEPH,-0.7357666519689974,5.716850368590569,-1.8877348,24.381947,0.1810966765152482,1.4070451630795708,-1.1531888348665602,0.23928219903332784,,,
NA11894,CEU,European Ancestry,CEPH,0.022459405691528045,4.8652747863798504,2.5146182,19.26175,0.8265999216203039,2.2518390232193037,-1.136203767629306,-0.10455151283975753,,,
NA11919,CEU,European Ancestry,CEPH,-1.5817320578822454,4.425080498410474,2.3760517,16.520014,-0.9191778975797621,1.328926135132009,-0.7192812597208498,-0.7682310336928131,,,
NA11920,CEU,European Ancestry,CEPH,-0.012988328972705188,5.772530385195339,4.8982177,11.918531,-0.06882218764319437,2.1272047972229298,0.05503668883977395,1.6823812136988388,,,
NA11930,CEU,European Ancestry,CEPH,0.7299576488064595,4.899795952964446,0.62040734,11.300826,0.05814367335799764,1.197179023038007,-2.6911623764936388,2.3075657914668524,,,
NA11931,CEU,European Ancestry,CEPH,-0.777120762517229,5.2806254810708895,-7.370356,14.362481,-0.17243459140816741,1.1365100764696077,2.568815122436439,-1.4892228453959038,,,
NA11932,CEU,European Ancestry,CEPH,0.1565401806760317,6.234416229684604,-3.8183696,14.952034,-0.7915228177384389,2.159743077679386,0.3900419074533386,-0.1655461981050887,,,
NA11933,CEU,European Ancestry,CEPH,-0.016852958800312456,6.129979854973341,-7.4922943,14.346525,-0.4993137228982116,2.2978844554741293,3.0395072976098816,0.6332530618922343,,,
NA11992,CEU,European Ancestry,CEPH,-1.3053097014900945,2.851127833398797,-2.4856136,11.334384,-1.27541071852536,0.55806036275593,0.4121622904554254,0.09000686155235646,,,
NA11993,CEU,European Ancestry,CEPH,0.035417987323284716,5.558026055503572,4.117851,14.971286,-1.08891837639531,2.487179049033575,-2.092025944055655,-1.6679075461992516,,,
NA11994,CEU,European Ancestry,CEPH,-0.9048518894980968,4.321628042181221,-2.0702171,23.009573,-0.9863411417746581,2.5251880306799896,0.06580447565336935,-1.87501622761658,,,
NA11995,CEU,European Ancestry,CEPH,-0.6504582279955834,4.96352002090352,3.413965,6.587331,-0.321601172466759,1.6100690349814484,2.9554654741257105,0.9277554340350741,,,
NA12003,CEU,European Ancestry,CEPH,0.7779728784660841,5.850008190567261,5.586341,13.511052,-0.3981290879099024,2.6212349146588734,-2.437970766110073,-0.8020022183708192,,,
NA12004,CEU,European Ancestry,CEPH,-0.16532572843541538,5.161071270627832,4.3452597,20.002522,-0.8211649802503618,1.118619159384797,-1.5939140451652491,0.18098850482542192,,,
NA12006,CEU,European Ancestry,CEPH,-1.3254252482137567,5.044944839834124,-1.1371943,12.165933,-0.8607662961084834,2.098364390058105,0.6465379885541442,-2.766883872733017,,,
NA12043,CEU,European Ancestry,CEPH,-1.1771539261333066,4.293262568098361,7.4658732,10.290369,-0.15478143530456412,1.6860569371112324,0.19029655351919808,-2.6351114579112673,,,
NA12044,CEU,European Ancestry,CEPH,-1.3178683467527645,4.70994314144549,2.2861,16.374943,-0.8656308272191133,1.6859120441723563,-0.4692251310242487,-2.9392297180915095,,,
NA12045,CEU,European Ancestry,CEPH,-0.13798254008724053,3.9789767582839684,1.6828343,14.210341,0.03892066191418864,0.7997432476120216,-0.25911567472495195,-0.08345378278001593,,,
NA12046,CEU,European Ancestry,CEPH,-1.2336795147386166,5.864434990285202,1.2602271,13.155796,-0.8425690211271651,2.5714216266608423,0.27209992709204334,1.797786672354438,,,
NA12058,CEU,European Ancestry,CEPH,-0.2074404038694942,5.722440873331169,-5.8509016,13.203595,-0.08648448681685594,1.9025876014374163,2.87180477971255,2.339565460481332,,,
NA12144,CEU,European Ancestry,CEPH,-0.9462528551599063,5.340436823143467,-4.6936736,19.768194,-0.05254057923298172,0.3671618481075085,2.1872692928072692,1.739453529161626,,,
NA12154,CEU,European Ancestry,CEPH,-0.35768026145708665,5.6985554446307995,8.128693,14.506555,-0.31191281007234506,1.145889669122349,-2.1619712581645287,0.9278864754834467,,,
NA12155,CEU,European Ancestry,CEPH,-1.237303207614609,4.847011562585941,7.4153123,18.252419,-1.2720597108486968,0.658653023803129,-3.87553583562237,3.5313575357710003,,,
NA12249,CEU,European Ancestry,CEPH,-0.433686138801527,6.482203628435771,-7.7760706,18.009508,-0.34443625594534705,1.9848819325098046,2.7012391431120664,3.421954984430903,,,
NA12272,CEU,European Ancestry,CEPH,-0.7684611358655742,4.853086049144185,0.38077816,10.586418,-1.7817741498840436,1.321564471760764,0.3755112259075532,1.1290140478346677,,,
NA12273,CEU,European Ancestry,CEPH,-1.148542886364543,5.811188855481498,-0.2968952,12.666997,-1.9676907312816472,2.04283494838371,-1.500567775065379,-0.19893496685220236,,,
NA12275,CEU,European Ancestry,CEPH,-1.0367531708632987,4.7350665856968535,-0.023352368,14.356933,-1.064234696876707,1.4396876890537758,-0.014755408166737526,-0.9133461606803179,,,
NA12282,CEU,European Ancestry,CEPH,-0.11723884097981596,5.946053194959752,3.4093869,16.629059,0.03740463054358656,1.7809280939394452,-2.243590952231667,-1.7746112032049088,,,
NA12283,CEU,European Ancestry,CEPH,-0.629264080910581,4.388363724206444,-2.0595813,14.748209,0.3783784330250639,1.657789887856124,-0.2151165847986905,3.3596155116117767,,,
NA12286,CEU,European Ancestry,CEPH,-1.6333750777934113,4.18794545102793,2.647384,15.373733,-0.7689402426807425,1.113396510235951,-1.6118490309119684,-2.210079622558381,,,
NA12287,CEU,European Ancestry,CEPH,-0.8084284636101904,4.249055679940587,-2.5039458,8.655843,-0.13757974684732677,0.9701401884905354,4.2300591656860504,2.1657981812826472,,,
NA12340,CEU,European Ancestry,CEPH,-1.7058351217260443,3.5265440762543308,-2.5574734,10.199116,-1.0096871140542139,1.1920022883176102,1.4173467680101564,0.9702425272683027,,,
NA12341,CEU,European Ancestry,CEPH,-1.7232300000716028,4.967991509496039,2.8042424,17.725418,-0.921443829993886,1.9684981231717988,0.2671488470209443,-2.8820997804745936,,,
NA12342,CEU,European Ancestry,CEPH,-0.1919926379293806,4.453604302649275,-1.2398432,11.795814,-0.3481061980063896,2.7124156776708763,1.5450697485226286,-2.926910169481136,,,
NA12347,CEU,European Ancestry,CEPH,-0.45317617529676335,6.3201521168602,3.3099866,17.665653,-0.15676049491305177,2.4497150578715257,-2.770723486232619,0.7139059026881939,,,
NA12348,CEU,European Ancestry,CEPH,-1.1204140947910346,5.253681632190192,-1.2557231,16.417093,-0.2094744786776936,2.009847225633335,1.4149258576726915,-0.8714002598928886,,,
NA12383,CEU,European Ancestry,CEPH,0.0010002420490310415,4.865538349948558,4.228109,11.242098,-0.012441147592746726,1.7579620782491268,-2.506241136390955,2.084529180161133,,,
NA12399,CEU,European Ancestry,CEPH,-1.5563689517105859,5.318843611832005,-5.121532,16.55071,-0.7128651978032795,1.7937375541666203,1.737801870091756,0.755161876704414,,,
NA12400,CEU,European Ancestry,CEPH,-0.08265883482243519,3.743620919203557,6.0161104,11.801566,0.26066398450647577,1.4980736425110441,-2.582574565816491,-1.9849631871991744,,,
NA12413,CEU,European Ancestry,CEPH,-1.4860746921836299,4.5339855292615905,-0.87452716,14.72441,-1.129590361852634,2.161110969606604,2.081068159693755,-0.7148337606170235,,,
NA12489,CEU,European Ancestry,CEPH,-0.5966491957973254,5.993670502746236,-1.7582024,12.956375,-0.26020888773923073,1.3176879892257976,0.4293984833950979,-1.3334454006723788,,,
NA12546,CEU,European Ancestry,CEPH,-0.3953476185346425,3.989918850437672,-5.170402,14.858544,-0.38435533379775544,0.9325724807740212,3.6302920877612825,-0.32410732335599046,,,
NA12716,CEU,European Ancestry,CEPH,-1.1247454538755137,5.146129235331031,0.65080637,10.956937,-1.5050660158365723,2.187293575719596,-0.8800187928038986,1.5320599076743968,,,
NA12717,CEU,European Ancestry,CEPH,-0.3842487933624103,6.5935164572907,-2.6812148,15.407402,-1.3304715203756938,2.359230359796017,0.9880560668818344,1.9795103054139005,,,
NA12718,CEU,European Ancestry,CEPH,-1.629593002338817,6.134955343343318,-1.7425348,14.484722,-1.2516208939516273,1.9018308124192003,0.10758999799422723,3.08380440285218,,,
NA12748,CEU,European Ancestry,CEPH,-2.1174062799191695,5.013200618483131,-0.0708535,23.466204,-0.38398355778534865,1.7247829563499586,0.07230762441252608,-3.8188928984337993,,,
NA12749,CEU,European Ancestry,CEPH,-1.2651017216888576,6.4759090618568695,3.9706407,15.684929,-0.2768468511183624,2.0810680624595284,-1.2203553617403928,-1.8449319770146375,,,
NA12750,CEU,European Ancestry,CEPH,-1.1948278394741738,4.859887275110907,6.1130033,18.221605,-0.8491459183304706,2.340936399207681,-1.0704146300989066,-2.1782570340656573,,,
NA12751,CEU,European Ancestry,CEPH,-0.5768711090363121,6.329282339404706,-5.6313596,19.805334,-1.0091210737764453,1.7204682429116027,1.1973886787549446,3.0333428003802996,,,
NA12761,CEU,European Ancestry,CEPH,-0.8391568815737538,6.249398871597932,2.9492044,17.500473,-0.8810591846677002,1.849673348192308,-1.8145084240527842,-0.3553930926284022,,,
NA12763,CEU,European Ancestry,CEPH,-0.7092696845240103,5.508867206451475,-1.9411062,24.51414,0.23472051015639195,2.0683431419856833,0.015259343606104613,-1.4649079785388222,,,
NA12775,CEU,European Ancestry,CEPH,-0.13832564515193446,5.3054478690309,3.5443046,12.05454,-0.04228257833961513,1.5002309889636107,-2.3658581599101356,1.6844387034783486,,,
NA12777,CEU,European Ancestry,CEPH,-0.46001928248515267,5.481787643975321,0.828935,18.153425,-0.44541339353048187,2.4648396867773648,-0.19607271743146573,-1.1542092234671224,,,
NA12778,CEU,European Ancestry,CEPH,-1.5897881371808262,5.247794066204871,-8.089256,12.153608,0.042915575542003204,1.9430879181629332,3.147685891372806,2.973378292112398,,,
NA12812,CEU,European Ancestry,CEPH,-0.9801937165724668,5.311207556594564,-0.21508865,14.54928,-0.3948532259882977,1.8000444319072633,-0.11897205270822216,-0.7880503300984356,,,
NA12814,CEU,European Ancestry,CEPH,-0.28874538828463403,4.463933314420646,-3.5792708,14.175579,-0.011015132228975988,1.9610777780138449,2.876292609148568,0.018393208531605094,,,
NA12815,CEU,European Ancestry,CEPH,-0.3594223184016146,4.864336859761809,6.2165427,14.856136,-0.9179758292987725,2.4889620447529364,-1.3270465452472942,0.6651533036749387,,,
NA12827,CEU,European Ancestry,CEPH,-1.0914186436641145,6.112682139477109,7.854489,9.779584,-0.992118517108894,1.408870326787105,0.9472758028322026,-1.3650448799636,,,
NA12829,CEU,European Ancestry,CEPH,-0.10192422060616585,4.1222687662130255,9.376325,8.127348,-1.2119891455731324,1.711789505151818,-1.6572898589364173,-0.008975892502946071,,,
NA12830,CEU,European Ancestry,CEPH,-0.9251459171652012,6.633448646790952,3.6371727,18.930128,-0.8301922184503692,2.1535337762635343,-1.8455134191856073,0.36747852206648135,,,
NA12842,CEU,European Ancestry,CEPH,-2.1206070181406655,5.096093017786161,3.2031324,16.22758,-1.069338352601188,2.630749944580896,-2.2141504222223816,-0.7781793781084102,,,
NA12843,CEU,European Ancestry,CEPH,0.1696833337608754,5.371933733471147,-6.1469307,18.36767,0.8372450758310328,1.5988083040052505,-0.5490681599516831,0.44318257785448145,,,
NA12872,CEU,European Ancestry,CEPH,-0.6861486438945955,6.318933563595535,3.1176662,14.071681,-0.9982580001906711,2.070654782239907,-0.25822693470966257,1.1816408686867472,,,
NA12873,CEU,European Ancestry,CEPH,-0.6245649803849476,4.511407585717272,-4.860203,9.507818,-0.18196787009408927,1.8894111413432029,1.624353122141412,0.6530531214543737,,,
NA12874,CEU,European Ancestry,CEPH,0.17017334253810346,3.371532739334218,1.9602001,7.7756047,-0.45832587233764194,2.012283717762093,-0.2889969618779962,-2.3206245812522686,,,
NA12889,CEU,European Ancestry,CEPH,0.5098402079606968,4.952659349114547,-6.639563,12.681793,0.9682630678423305,1.994315671303031,2.7181043400844622,4.315830550650209,,,
NA12890,CEU,European Ancestry,CEPH,-0.11691160170155668,3.1935864542022867,6.10885,11.769221,-0.44359025747593983,1.3828406435182652,-1.91176297034451,-1.052328692379208,,,
NA18486,YRI,African Ancestry,Yoruba,10.178122175088228,-3.471475014620423,24.878704,0.60719615,4.814885116618886,-1.2908459500957479,,,0.958102967729054,-1.535159263119179,-0.7006679768411713
NA18487,YRI,African Ancestry,Yoruba,11.105714163140737,-4.7125285135854,23.817032,-0.18393074,4.716831292868305,-2.180374137618954,,,2.4677623892856633,-2.50354902512501,0.1797654256236046
NA18489,YRI,African Ancestry,Yoruba,10.126581021890926,-4.590596201747776,21.062147,-1.3747509,4.802926987390667,-1.7388316834568975,,,1.7783297945211005,-1.1766325250407244,0.5385139220661402
NA18498,YRI,African Ancestry,Yoruba,9.985154363475466,-4.082153469606921,22.47011,-1.7544229,4.510038497269955,-0.32745126660679036,,,1.0804811204732165,-2.6850618496838177,0.5589374138985155
NA18499,YRI,African Ancestry,Yoruba,9.322632127419723,-4.561964656613649,23.674994,0.656095,4.46814761703578,-0.7609594914537872,,,0.7494651365068453,-2.54730852210756,-1.077541935958352
NA18501,YRI,African Ancestry,Yoruba,10.700503264201243,-3.6334824392317744,26.38807,-0.07317781,4.466087261027526,-1.1798443426864864,,,1.4262406433172967,1.987503105349377,-0.494580886515196
NA18502,YRI,African Ancestry,Yoruba,11.280811816970093,-4.448838407599916,21.610527,-2.1043136,5.295422577229686,-1.1694122694766547,,,2.666694029840942,-1.6156343274618035,0.7313035282796962
NA18504,YRI,African Ancestry,Yoruba,10.918201042880181,-4.68152142268404,22.279072,-5.1968737,5.926249074530492,-2.0549994628795836,,,2.201872894666483,-0.8032784534657648,0.8777629906529999
NA18505,YRI,African Ancestry,Yoruba,10.584377845870575,-2.9469902877498475,26.189411,-1.9798793,4.203868568567532,0.424953121136892,,,0.9936134438344815,-3.091799842894407,0.03760741243199667
NA18507,YRI,African Ancestry,Yoruba,12.271992547649393,-3.909654557073277,25.86411,0.65114003,5.627464251941643,-0.7797173486306388,,,3.180138997464613,-3.581592076943964,-0.35342857444816383
NA18508,YRI,African Ancestry,Yoruba,10.78477341486832,-3.038806040417067,22.47096,-1.8118807,4.37975561700461,-0.6823585974037409,,,1.603761908899143,-2.9728204274233776,0.5750203914804715
NA18510,YRI,African Ancestry,Yoruba,10.267849541728046,-4.146111230495392,28.646828,-3.6828055,4.996586106478568,-1.8707792893763013,,,2.7456825113175816,-5.083544438945717,0.6401577591079808
NA18511,YRI,African Ancestry,Yoruba,9.990239157458001,-4.292479054193891,23.582783,-4.112862,5.12469303541583,-1.0680190923736923,,,1.4497212804054962,0.4826592455501931,0.7989743488754248
NA18516,YRI,African Ancestry,Yoruba,10.006029880573989,-4.5149460322589166,21.741972,0.12348983,4.425728697327925,-1.005516426075538,,,1.2830881630093225,-3.3147951143684717,0.7478993329855916
NA18517,YRI,African Ancestry,Yoruba,10.692924626651974,-3.8184224217103333,23.350756,-3.7753325,5.494031072499847,-0.950409592244057,,,0.7764859137416962,-1.5983615549637875,0.6567791462377978
NA18519,YRI,African Ancestry,Yoruba,10.72059941193741,-3.8603595332753473,28.057213,-0.041462258,5.396420129823461,-1.1535223369526997,,,1.823101967981214,-1.8370478324111812,0.5979466536332425
NA18520,YRI,African Ancestry,Yoruba,11.149062335546331,-4.073496947232372,23.271887,-0.18041958,6.244498099494568,-2.1542976093590487,,,1.9866315015326088,-2.192425591143783,-2.097116770744015
NA18522,YRI,African Ancestry,Yoruba,10.367551081750676,-4.193984554768703,22.41156,-0.46393648,4.6950446915974595,-1.2606171575745937,,,1.67078700644072,-2.032729157699297,-3.03514865697446
NA18523,YRI,African Ancestry,Yoruba,10.4300532983028,-5.279205978698481,20.753014,-2.026027,4.610082026901459,-1.7493536957002833,,,1.9868289854472225,-1.286117547829248,-3.0094794911344622
NA18525,CHB,East Asian Ancestry,Han Chinese,-7.060540466659524,-3.9066839964715827,-7.625772,-23.542599,-3.426672378521939,-2.265041440721665,,,,,
NA18526,CHB,East Asian Ancestry,Han Chinese,-6.759214426214242,-6.2348539964259375,-13.804891,-31.180105,-3.573716135150934,-2.489928984381776,,,,,
NA18527,CHB,East Asian Ancestry,Han Chinese,-5.352947601395776,-4.848478828393113,-9.374308,-23.264826,-2.977248817238203,-1.5771265188006058,,,,,
NA18528,CHB,East Asian Ancestry,Han Chinese,-5.383416851305966,-3.411780303032814,-7.786208,-22.689636,-3.1867101063465313,-1.415056964698917,,,,,
NA18530,CHB,East Asian Ancestry,Han Chinese,-7.147432606852184,-6.3564300383076615,-13.122598,-32.11265,-3.7219665993543787,-2.450790956091006,,,,,
NA18532,CHB,East Asian Ancestry,Han Chinese,-5.828400443473439,-4.826898768782754,-9.666792,-31.481544,-1.9920972580528669,-1.6821882296217323,,,,,
NA18534,CHB,East Asian Ancestry,Han Chinese,-5.075680395845152,-4.801110523807826,-10.54826,-29.00748,-2.177920262502825,-0.21705931808323053,,,,,
NA18535,CHB,East Asian Ancestry,Han Chinese,-7.7328016447278864,-6.354054628652961,-9.64973,-31.537922,-2.8253747509143894,-2.8314643183595045,,,,,
NA18536,CHB,East Asian Ancestry,Han Chinese,-6.627711216792505,-6.881256541413813,-12.249278,-29.899448,-2.9621192365895492,-2.4578887882691642,,,,,
NA18537,CHB,East Asian Ancestry,Han Chinese,-5.838880334172268,-4.516152084589671,-13.637332,-28.834326,-2.3680577702092016,-1.4276385459546503,,,,,
NA18538,CHB,East Asian Ancestry,Han Chinese,-5.679776584240473,-5.957704385041716,-11.197966,-32.18672,-1.794179496302691,-1.7642404160387204,,,,,
NA18539,CHB,East Asian Ancestry,Han Chinese,-5.710546150282345,-6.025320075170852,-12.0053005,-31.850183,-2.397587417242182,-1.8166779659825933,,,,,
NA18541,CHB,East Asian Ancestry,Han Chinese,-6.336401358534977,-3.8378124768511848,-10.05823,-26.494877,-2.558554582849987,-0.9244858520909394,,,,,
NA18542,CHB,East Asian Ancestry,Han Chinese,-7.065496935968087,-5.581368175880576,-10.669208,-29.238667,-3.357766178365573,-1.718748141043946,,,,,
NA18543,CHB,East Asian Ancestry,Han Chinese,-6.502618925405129,-6.025887790307045,-12.909677,-28.527811,-2.698621419008533,-2.959694101356277,,,,,
NA18544,CHB,East Asian Ancestry,Han Chinese,-6.5065148361404646,-3.762449985164534,-4.42392,-30.897684,-2.8447556154391496,-0.9359902611730164,,,,,
NA18545,CHB,East Asian Ancestry,Han Chinese,-6.75285103449444,-6.159662700211736,-10.824302,-28.299515,-2.5429924155090875,-1.1243445883323417,,,,,
NA18546,CHB,East Asian Ancestry,Han Chinese,-5.755107148155578,-5.701824509298876,-13.681647,-31.139124,-2.408580546699514,-2.9111440680161564,,,,,
NA18547,CHB,East Asian Ancestry,Han Chinese,-5.792363836336356,-6.575798444309142,-10.91312,-26.960506,-2.8421118449021368,-2.2442910903401363,,,,,
NA18548,CHB,East Asian Ancestry,Han Chinese,-7.143971603772133,-5.509399546627264,-9.5090275,-26.102686,-2.803748194097218,-0.8168707410456704,,,,,
NA18549,CHB,East Asian Ancestry,Han Chinese,-7.1858255760706715,-5.146560469669812,-9.521795,-29.663319,-3.6185446366706726,-2.492608726641482,,,,,
NA18550,CHB,East Asian Ancestry,Han Chinese,-6.261268084824356,-5.6791455602625165,-9.240561,-29.96209,-3.7883862191370508,-1.6990073832205126,,,,,
NA18552,CHB,East Asian Ancestry,Han Chinese,-6.985876015814912,-5.2370182024398835,-5.317583,-26.489418,-2.409670702289327,-2.1721991261643163,,,,,
NA18553,CHB,East Asian Ancestry,Han Chinese,-6.216785765032228,-4.896828873847213,-7.0869117,-27.865376,-2.699529819785093,-0.7657005404471833,,,,,
NA18555,CHB,East Asian Ancestry,Han Chinese,-5.395703571574824,-5.446417510984973,-9.846626,-25.711082,-2.6953865713072362,-1.776028712403591,,,,,
NA18557,CHB,East Asian Ancestry,Han Chinese,-5.380528796563364,-5.866459369628509,-3.1799517,-31.263563,-3.0032772093946276,-2.3828866876556187,,,,,
NA18558,CHB,East Asian Ancestry,Han Chinese,-6.349296659091726,-5.058625201056532,-9.800735,-24.749887,-3.775416210174366,-2.4566919725134504,,,,,
NA18559,CHB,East Asian Ancestry,Han Chinese,-5.759084318015792,-6.846622327252031,-12.629429,-33.861942,-2.4894813374616245,-2.557067528677467,,,,,
NA18560,CHB,East Asian Ancestry,Han Chinese,-6.54016359848986,-5.308502866367244,-8.394391,-30.707418,-3.864451336438811,-2.1790911557069084,,,,,
NA18561,CHB,East Asian Ancestry,Han Chinese,-5.8968448976698085,-4.814480775202145,-9.283918,-28.99235,-2.418712913394349,-0.8036523097510964,,,,,
NA18562,CHB,East Asian Ancestry,Han Chinese,-5.4843363436539905,-5.708947594008033,-14.340922,-23.445248,-2.0363899990011323,-1.633439565316026,,,,,
NA18563,CHB,East Asian Ancestry,Han Chinese,-6.897801324112226,-6.347383372737071,-16.022644,-28.042713,-2.956859494886806,-2.516935641030514,,,,,
NA18564,CHB,East Asian Ancestry,Han Chinese,-5.126656695600267,-4.298828533913654,-4.3573813,-33.336994,-2.477895521889588,-2.7143218131218623,,,,,
NA18565,CHB,East Asian Ancestry,Han Chinese,-6.457020149959076,-5.926742684778213,-12.574854,-28.599588,-2.916116800326871,-2.6790486974356362,,,,,
NA18566,CHB,East Asian Ancestry,Han Chinese,-7.085263686608868,-6.22372370282489,-7.6589746,-27.211277,-3.0364726435959124,-2.45558030881108,,,,,
NA18567,CHB,East Asian Ancestry,Han Chinese,-5.950046728367275,-6.597467231519816,-6.2658362,-29.11088,-2.7968924184393993,-2.0806304209601514,,,,,
NA18570,CHB,East Asian Ancestry,Han Chinese,-6.562342205580167,-5.934128991123305,-11.882931,-26.575674,-2.832548211735805,-2.465677144373558,,,,,
NA18571,CHB,East Asian Ancestry,Han Chinese,-6.723820270302266,-4.564000737814815,-9.534529,-26.810877,-2.9038587155147937,-0.9596472343996552,,,,,
NA18572,CHB,East Asian Ancestry,Han Chinese,-6.552864282000604,-7.27873975881402,-8.455419,-30.6989,-3.284060869061692,-2.140507476296953,,,,,
NA18573,CHB,East Asian Ancestry,Han Chinese,-7.000286206518789,-5.865242379791311,-11.289843,-31.349792,-3.4032531486477478,-2.0037838759920734,,,,,
NA18574,CHB,East Asian Ancestry,Han Chinese,-6.6658908701231265,-5.389527724052265,-6.846729,-29.947632,-3.8901390001763003,-1.7259147885439847,,,,,
NA18576,CHB,East Asian Ancestry,Han Chinese,-6.399830966005461,-3.8880175327511592,-7.123695,-32.268036,-2.933416119007833,-0.9378661723920572,,,,,
NA18577,CHB,East Asian Ancestry,Han Chinese,-4.654243710138789,-4.9024282342743115,-17.766361,-24.575174,-2.6635523032583555,-0.7974443583454711,,,,,
NA18579,CHB,East Asian Ancestry,Han Chinese,-7.187971773757115,-5.452223679766045,-5.634835,-28.03791,-3.061752251601109,-2.130180879511542,,,,,
NA18582,CHB,East Asian Ancestry,Han Chinese,-7.093757118473799,-5.834719206354969,-9.675985,-33.062675,-3.1783662449057726,-2.5237503511494817,,,,,
NA18592,CHB,East Asian Ancestry,Han Chinese,-6.845697167296277,-5.251177133969004,-13.765462,-30.296314,-2.695043867660546,-1.141713372631998,,,,,
NA18593,CHB,East Asian Ancestry,Han Chinese,-6.591232112864905,-5.002412799825737,-4.9226203,-27.778801,-2.429353289255675,-1.1914492377188668,,,,,
NA18595,CHB,East Asian Ancestry,Han Chinese,-5.390833006097748,-7.0776223006650385,-7.104537,-33.833393,-3.210970527994763,-2.9777897369366553,,,,,
NA18596,CHB,East Asian Ancestry,Han Chinese,-6.653061431432677,-6.218663408593488,-10.872786,-30.86543,-3.404842922837781,-2.622215918694283,,,,,
NA18597,CHB,East Asian Ancestry,Han Chinese,-5.330831140115212,-5.304678736899061,-14.089145,-34.341713,-2.611650927129073,-0.9013815858289167,,,,,
NA18599,CHB,East Asian Ancestry,Han Chinese,-6.207512691581771,-5.412389170450944,-7.8227634,-31.272419,-2.313132059424791,-2.269359446540462,,,,,
NA18602,CHB,East Asian Ancestry,Han Chinese,-6.513840070603622,-6.7215876307559865,-9.439597,-27.668621,-3.0711733230161515,-2.4384415738270775,,,,,
NA18603,CHB,East Asian Ancestry,Han Chinese,-5.7621216957010715,-6.3489599708779965,-9.731568,-24.847044,-3.5515355492219944,-1.6759562237206826,,,,,
NA18605,CHB,East Asian Ancestry,Han Chinese,-7.275106753600217,-5.3675782646746155,-7.914927,-31.722866,-3.3990312572259356,-2.0404820125372427,,,,,
NA18606,CHB,East Asian Ancestry,Han Chinese,-6.507788272160695,-5.099761740482275,-16.22994,-26.388557,-2.7517686844131735,-1.9182281644371901,,,,,
NA18608,CHB,East Asian Ancestry,Han Chinese,-6.373671343343279,-3.8052144872811917,-15.202988,-30.642138,-3.4657301402588008,-1.321097956579445,,,,,
NA18609,CHB,East Asian Ancestry,Han Chinese,-7.019723134730739,-6.131967527014134,-15.549875,-30.444386,-3.3852959923709243,-2.7018148350245728,,,,,
NA18610,CHB,East Asian Ancestry,Han Chinese,-6.2313864196050615,-6.713333092321466,-10.295606,-28.594915,-3.3012516144795265,-2.386057304871774,,,,,
NA18611,CHB,East Asian Ancestry,Han Chinese,-6.545509613845081,-4.6617716343016555,-13.738491,-34.058853,-3.722820830667195,-0.9693353097474344,,,,,
NA18612,CHB,East Asian Ancestry,Han Chinese,-6.298965230647099,-6.423376741618051,-11.5119705,-28.419403,-2.357254198443138,-1.6409554692382229,,,,,
NA18613,CHB,East Asian Ancestry,Han Chinese,-6.940234952628706,-4.9993415362313,-6.9009013,-24.92495,-2.0963137984172366,-1.5765899439336812,,,,,
NA18614,CHB,East Asian Ancestry,Han Chinese,-5.898985355910496,-4.890337253490196,-15.099216,-30.977552,-2.4949695179818416,-1.7383653671543997,,,,,
NA18615,CHB,East Asian Ancestry,Han Chinese,-6.004543697670174,-6.155836107442723,-11.393517,-30.750519,-2.6524555489911243,-1.4665241819701333,,,,,
NA18616,CHB,East Asian Ancestry,Han Chinese,-5.662840083199157,-5.731160391946639,-17.265705,-30.309973,-2.3692119043362894,-1.4985947467411496,,,,,
NA18617,CHB,East Asian Ancestry,Han Chinese,-6.727949882196352,-6.1135698626132315,-7.921818,-24.428875,-2.5520051793401675,-2.2442806641768596,,,,,
NA18618,CHB,East Asian Ancestry,Han Chinese,-6.128826249429196,-5.2257317548568745,-6.7766113,-23.2975,-2.792281609395352,-1.0666445985189865,,,,,
NA18619,CHB,East Asian Ancestry,Han Chinese,-5.256383936276546,-4.4671232402999985,-8.297687,-29.808496,-2.1874268983838854,-0.9536025515375304,,,,,
NA18620,CHB,East Asian Ancestry,Han Chinese,-7.042122469012124,-5.662997039788684,-9.8018465,-24.58028,-2.7105041662643243,-2.2739726084316216,,,,,
NA18621,CHB,East Asian Ancestry,Han Chinese,-6.338840237501924,-4.081640967352192,-8.006267,-34.267845,-2.815243444349232,-1.0752224525063263,,,,,
NA18622,CHB,East Asian Ancestry,Han Chinese,-6.209511970352738,-4.3345610516542115,-6.387107,-22.620216,-2.456464772880385,-0.1750904816792742,,,,,
NA18623,CHB,East Asian Ancestry,Han Chinese,-6.692958928390454,-5.232053143278189,-7.3963237,-27.746439,-2.5824423237692327,-1.3543745037598391,,,,,
NA18624,CHB,East Asian Ancestry,Han Chinese,-6.375804200772658,-5.092336655669194,-7.27955,-28.650656,-2.674103167075872,-0.8889791534091374,,,,,
NA18626,CHB,East Asian Ancestry,Han Chinese,-6.682190591435114,-4.528524360812539,-5.7161083,-26.921608,-3.301459011731702,-1.6359114521313307,,,,,
NA18627,CHB,East Asian Ancestry,Han Chinese,-6.339200386204385,-6.566497493837926,-10.410723,-30.107002,-3.0246005724499527,-1.6033511868648835,,,,,
NA18628,CHB,East Asian Ancestry,Han Chinese,-5.857817702252765,-5.748619581632105,-9.505092,-32.25094,-2.3850790669901554,-2.5303269015029617,,,,,
NA18630,CHB,East Asian Ancestry,Han Chinese,-6.064485568746378,-5.257516281480515,-7.151238,-28.735098,-2.374253710678431,-2.2289561031389558,,,,,
NA18631,CHB,East Asian Ancestry,Han Chinese,-5.1829895785089715,-5.772013445992399,-14.356408,-29.89982,-2.5617290565603734,-1.9797462536599073,,,,,
NA18632,CHB,East Asian Ancestry,Han Chinese,-7.093080625230245,-5.236387676644754,-5.832838,-30.018211,-3.454528843889787,-1.9643168174998404,,,,,
NA18633,CHB,East Asian Ancestry,Han Chinese,-6.599066866553858,-7.049344388729733,-13.63608,-31.21232,-2.6008800251726036,-2.6990301707079487,,,,,
NA18634,CHB,East Asian Ancestry,Han Chinese,-6.190868138384646,-5.569527400182431,-17.126333,-30.334887,-2.284082815717058,-2.50935227970014,,,,,
NA18635,CHB,East Asian Ancestry,Han Chinese,-6.481482854011875,-5.120416904452301,-12.627244,-33.259106,-2.9528275226661647,-2.8643258592110907,,,,,
NA18636,CHB,East Asian Ancestry,Han Chinese,-6.287238894458201,-4.0606816692135785,-11.4876375,-29.191685,-2.7266600690144944,-0.23465861764766394,,,,,
NA18637,CHB,East Asian Ancestry,Han Chinese,-6.131538764372525,-5.813592275048671,-14.543786,-32.326687,-2.8521806710441675,-2.628889056149248,,,,,
NA18638,CHB,East Asian Ancestry,Han Chinese,-5.1387629470349445,-5.054614765751475,-8.732306,-28.444803,-3.149751325969164,-0.7911020317281232,,,,,
NA18639,CHB,East Asian Ancestry,Han Chinese,-6.666072133407118,-6.350908582666331,-10.683537,-29.894709,-3.177018290981457,-2.00287492054233,,,,,
NA18640,CHB,East Asian Ancestry,Han Chinese,-6.144419026528831,-5.889658012408915,-11.244282,-24.660908,-2.444868721467518,-1.5244035504596507,,,,,
NA18641,CHB,East Asian Ancestry,Han Chinese,-6.374957007532082,-6.051121994223062,-11.957585,-31.014973,-2.910528973550278,-3.577089276306947,,,,,
NA18642,CHB,East Asian Ancestry,Han Chinese,-5.946457310891423,-4.682394057953249,-6.3967714,-31.347538,-2.287530481905793,-0.835795487064876,,,,,
NA18643,CHB,East Asian Ancestry,Han Chinese,-6.479454659523449,-5.144347445389282,-10.095374,-24.174065,-2.6687503391616807,-0.9125896813790826,,,,,
NA18645,CHB,East Asian Ancestry,Han Chinese,-6.339203351778702,-5.712012095200593,-5.5150824,-26.179102,-2.0099424257986875,-1.6903325837142886,,,,,
NA18647,CHB,East Asian Ancestry,Han Chinese,-7.46622788559154,-4.7667641121210265,-10.620598,-28.019112,-3.0246265912374053,-2.9134942877934957,,,,,
NA18740,CHB,East Asian Ancestry,Han Chinese,-5.2949667539340854,-5.40766866677802,-9.677136,-35.777954,-2.564497310019563,-1.7922216969638796,,,,,
NA18745,CHB,East Asian Ancestry,Han Chinese,-5.615550376573453,-5.535200538141596,-8.79038,-27.297525,-3.5500620228319066,-2.5565854299918493,,,,,
NA18747,CHB,East Asian Ancestry,Han Chinese,-6.2105249317579725,-3.6272189995118653,-6.044024,-26.019331,-2.8297665872680327,-0.7652592397652822,,,,,
NA18748,CHB,East Asian Ancestry,Han Chinese,-6.483937118197358,-5.505728191732884,-8.439981,-23.970581,-3.2042000503184562,-2.288711576995423,,,,,
NA18749,CHB,East Asian Ancestry,Han Chinese,-7.045493510435718,-4.787368433954248,-5.2825894,-30.379925,-3.5585202481392466,-2.7952406304229935,,,,,
NA18757,CHB,East Asian Ancestry,Han Chinese,-7.065347623867569,-6.1346502612774865,-4.7913914,-25.323677,-3.408644641215484,-1.8455505650058246,,,,,
NA18853,YRI,African Ancestry,Yoruba,9.953491305602247,-5.174196066636184,20.985569,-0.6985356,5.961850167622769,-2.448556315289218,,,1.6738577081136805,-1.6406910001617985,0.4734448201257675
NA18856,YRI,African Ancestry,Yoruba,10.839823428267035,-2.9574039045155347,18.068268,-2.5617619,5.747482038944375,-0.9364749723209655,,,0.7520412748048616,1.149152685748,-1.8586537621103996
NA18858,YRI,African Ancestry,Yoruba,10.38866360836793,-2.88414754025336,25.983963,0.61334723,5.646760245795503,-0.970320698925978,,,0.9685015943085016,-2.4359314783910504,-1.9740427878162925
NA18861,YRI,African Ancestry,Yoruba,9.492204044716805,-4.03400714493042,27.794441,-2.4247062,3.7426813829667234,-1.6147596880021755,,,0.7098749226411964,-0.8154616071278146,-0.5540145203094378
NA18867,YRI,African Ancestry,Yoruba,9.205478119942411,-2.761124984294784,25.870531,-0.8833766,4.125912184769838,-0.3538490999774315,,,-0.27877406327124366,-3.10006304862857,0.047777945159713134
NA18868,YRI,African Ancestry,Yoruba,11.731180088316316,-3.6975346789814116,25.39625,-0.24129461,5.5694049049127985,-1.0072512757091512,,,1.9425058139264024,-1.9603276659809759,-1.0624830171946065
NA18870,YRI,African Ancestry,Yoruba,9.505748441663938,-4.090670718066703,22.432316,-0.0017963767,4.8477930392205115,-1.6013953962718204,,,0.13544217381065562,-1.9403285419895377,-1.7223705140657548
NA18871,YRI,African Ancestry,Yoruba,10.591039655479904,-4.186874226740758,25.45753,-5.22002,4.148010285741436,-1.0355572266738164,,,2.93245801906584,-3.359425594841959,-0.4908847533393072
NA18873,YRI,African Ancestry,Yoruba,10.746570197284527,-4.805308414577239,21.051271,0.40171748,5.348834863782503,-2.048690871398958,,,2.162520207249108,-1.713432242394016,-0.4232022516210405
NA18874,YRI,African Ancestry,Yoruba,9.792470047102242,-4.713522557174994,24.8951,-1.2354915,5.5456343164074955,-1.3437077191355198,,,1.8582246784562466,-1.2562637027823598,-1.6813369167501173
NA18907,YRI,African Ancestry,Yoruba,9.987952467508585,-3.977716416699507,25.204739,-1.9295299,5.13617233503814,-0.9207463377459617,,,0.952444977388269,-2.8541335532690133,-0.4145810040711059
NA18908,YRI,African Ancestry,Yoruba,10.372616079721503,-4.543893552272833,21.880232,1.865479,5.994611659575564,-0.26615026365223127,,,2.0184751727220016,-2.7166924229967573,-0.34860096577523764
NA18909,YRI,African Ancestry,Yoruba,10.567989543951434,-4.9773405385350875,23.501337,1.1317934,5.028889675383366,-1.7223629291393605,,,1.9737140222259977,-4.255379130913454,0.38859532156476745
NA18910,YRI,African Ancestry,Yoruba,9.809216180825972,-2.7616086562856887,25.43336,-0.6668831,4.414546720238492,-0.7182318632361833,,,-0.11317144063195819,-0.8532260758670392,-1.7996175712994127
NA18912,YRI,African Ancestry,Yoruba,11.272367684312353,-5.343642761131348,23.089228,-1.3007128,5.1316202256347205,-1.605181222092268,,,3.8223206330265427,-2.95631455774373,-0.4135233592777657
NA18916,YRI,African Ancestry,Yoruba,10.324849693543367,-3.1396914119553037,27.084541,-2.382318,5.096328735293988,-0.40057252128201304,,,0.7927509721617308,-2.309845262703871,-1.2798443980060126
NA18917,YRI,African Ancestry,Yoruba,10.458660348783681,-4.152576789174591,18.179934,-0.30028123,5.644764146235115,-0.7908354245235709,,,0.903335481112263,0.8029286204680671,-2.2601648277118223
NA18923,YRI,African Ancestry,Yoruba,11.316950839675354,-3.801837409392834,24.863382,-2.3906324,6.090918465913407,-1.4873041817840424,,,1.7414297172452942,-1.3351945079722412,1.9826275584346045
NA18924,YRI,African Ancestry,Yoruba,11.779772937972984,-3.2886932663392026,26.964352,-1.611168,5.290759998989436,-1.3812128608025382,,,2.2222175493200647,-2.963769762736852,0.029380306290553538
NA18933,YRI,African Ancestry,Yoruba,10.022410412592583,-4.369053799598698,23.389475,-3.6087315,5.153516129225531,-1.8010270652939129,,,1.154504610774615,0.2022960900104613,0.9947750898835733
NA18934,YRI,African Ancestry,Yoruba,11.607984063028853,-4.142263596719888,21.470629,-1.2197006,5.3280447982143695,-0.3166912271446338,,,1.7418802925568797,-2.4125924776278618,1.1684924386259588
NA18939,JPT,East Asian Ancestry,Japanese,-5.544086733551067,-4.762768291934241,-6.755716,-26.856337,-1.2109655527220458,-1.642253429219756,,,,,
NA18940,JPT,East Asian Ancestry,Japanese,-5.691171314233918,-5.3516734428224035,-13.643357,-23.589655,-2.73576607090056,-1.6954526488996025,,,,,
NA18941,JPT,East Asian Ancestry,Japanese,-6.32125763002034,-5.631948329906401,-11.943373,-25.707966,-3.406898084410008,-1.717260340683075,,,,,
NA18942,JPT,East Asian Ancestry,Japanese,-5.5470334000380115,-4.903879681660148,-13.490186,-24.641872,-2.1855291788649263,-1.2971787053802495,,,,,
NA18943,JPT,East Asian Ancestry,Japanese,-6.465405596278358,-4.663233415173592,-15.987319,-23.276848,-2.9349235029170533,-2.687926314819694,,,,,
NA18944,JPT,East Asian Ancestry,Japanese,-6.877079288799784,-4.039629657116975,-14.604038,-21.15472,-3.007987487218868,-1.8076374167527116,,,,,
NA18945,JPT,East Asian Ancestry,Japanese,-5.418490345817773,-5.131371466890408,-11.474183,-24.122679,-2.255695371709483,-0.9467154799850728,,,,,
NA18946,JPT,East Asian Ancestry,Japanese,-6.242963690104078,-5.531646704972174,-11.631595,-24.210472,-2.58849203583606,-0.4977785593801576,,,,,
NA18947,JPT,East Asian Ancestry,Japanese,-5.607293473515069,-4.842967163035447,-14.86094,-26.629463,-1.0912249235899485,-1.4784349416248905,,,,,
NA18948,JPT,East Asian Ancestry,Japanese,-6.710963815810054,-6.571705088385495,-6.306169,-32.367477,-3.756061193875979,-2.7173402274710456,,,,,
NA18949,JPT,East Asian Ancestry,Japanese,-6.492192261896435,-6.5229609084381694,-13.859992,-32.77832,-3.014559797439789,-1.6185026899300734,,,,,
NA18950,JPT,East Asian Ancestry,Japanese,-5.3803959338770575,-4.804006511045334,-16.49011,-23.50738,-2.2218666128039155,-2.1497580260773157,,,,,
NA18951,JPT,East Asian Ancestry,Japanese,-6.855262908824619,-5.983387362639175,-7.654446,-26.539455,-3.4644814577820933,-2.5780104725934807,,,,,
NA18952,JPT,East Asian Ancestry,Japanese,-5.890340842996342,-5.023008245851128,-4.685191,-27.774183,-2.8489270968987412,-1.8642687498559285,,,,,
NA18953,JPT,East Asian Ancestry,Japanese,-7.3924255581149065,-6.291216562468267,-10.991773,-25.378714,-3.440342295909799,-1.6954947324956704,,,,,
NA18954,JPT,East Asian Ancestry,Japanese,-5.5700267394848915,-5.897315180383045,-5.791467,-34.274654,-2.111245917897418,-1.0465186540886449,,,,,
NA18956,JPT,East Asian Ancestry,Japanese,-6.9999281682206025,-5.141959300390597,-13.758296,-27.254179,-2.9604805082916723,-1.1807788512143609,,,,,
NA18957,JPT,East Asian Ancestry,Japanese,-5.25228473599,-4.636112883522583,-8.011409,-25.420307,-2.5949132047150796,-1.8723043347852948,,,,,
NA18959,JPT,East Asian Ancestry,Japanese,-6.628964101426394,-6.917983388475602,-12.181443,-31.320923,-2.2199499465085673,-2.61914053460655,,,,,
NA18960,JPT,East Asian Ancestry,Japanese,-6.982737015480859,-6.259397610910718,-12.434824,-25.76389,-3.1964903716638204,-2.798942327111516,,,,,
NA18961,JPT,East Asian Ancestry,Japanese,-5.407385717232674,-4.012946584169408,-10.422916,-23.390724,-3.227758326845046,-0.9344213325871773,,,,,
NA18962,JPT,East Asian Ancestry,Japanese,-5.98454913744108,-4.364622060523245,-4.5659785,-24.847586,-2.262865174811508,-1.211427047874325,,,,,
NA18963,JPT,East Asian Ancestry,Japanese,-6.244957619267044,-6.105838134046844,-12.744116,-25.120754,-2.110440929102652,-2.3040492852724155,,,,,
NA18964,JPT,East Asian Ancestry,Japanese,-6.154163621928737,-6.389491207922831,-14.124851,-25.798843,-3.0213993921204327,-2.150098800519009,,,,,
NA18965,JPT,East Asian Ancestry,Japanese,-5.646234305564724,-4.684135225247251,-8.835131,-25.285803,-2.6385209116499575,-1.2029545471004837,,,,,
NA18966,JPT,East Asian Ancestry,Japanese,-5.895592764861114,-5.268228975745781,-9.20627,-23.039902,-2.378132795086697,-2.7156902749718697,,,,,
NA18968,JPT,East Asian Ancestry,Japanese,-5.704571596355884,-5.5299710924531125,-10.443747,-26.4987,-3.46113594183881,-2.118270116944939,,,,,
NA18971,JPT,East Asian Ancestry,Japanese,-6.985045239228335,-6.190386118706871,-13.412376,-25.460428,-3.3091850763584896,-2.2184858889124826,,,,,
NA18973,JPT,East Asian Ancestry,Japanese,-7.540664065019573,-5.517320100170152,-12.017054,-22.291784,-2.9270566733275656,-2.8617962866540188,,,,,
NA18974,JPT,East Asian Ancestry,Japanese,-5.831126097656955,-5.667170560828123,-3.520281,-29.29526,-1.899329955087132,-2.0499946841156556,,,,,
NA18975,JPT,East Asian Ancestry,Japanese,-6.299068163607573,-6.453728269861149,-9.682424,-22.021654,-3.130730317318303,-1.5374031809363187,,,,,
NA18976,JPT,East Asian Ancestry,Japanese,-6.4426166398393585,-5.730914959417702,-6.8601675,-31.245934,-2.5766220026983726,-2.9817391510440867,,,,,
NA18977,JPT,East Asian Ancestry,Japanese,-6.331948475679477,-5.225857543727279,-9.813723,-22.894562,-3.8260269269288196,-1.8293356128316898,,,,,
NA18978,JPT,East Asian Ancestry,Japanese,-6.154720228058329,-4.968745373957987,-8.577131,-22.649626,-2.9927658038353293,-1.7495045156748792,,,,,
NA18980,JPT,East Asian Ancestry,Japanese,-6.431777560566306,-4.840020290339072,-3.6728733,-29.14899,-3.2733974980236766,-2.408187485565943,,,,,
NA18981,JPT,East Asian Ancestry,Japanese,-5.904040757332064,-4.13931741689646,-11.41715,-23.606302,-2.10590619218068,-1.3322099493367099,,,,,
NA18982,JPT,East Asian Ancestry,Japanese,-6.137399541811421,-4.502886667703703,-9.842176,-21.804266,-2.0999861387878846,-1.3567955323044218,,,,,
NA18983,JPT,East Asian Ancestry,Japanese,-7.562209265836123,-5.615976517753782,-13.586089,-27.685684,-3.602902004297964,-1.870584710861185,,,,,
NA18984,JPT,East Asian Ancestry,Japanese,-6.743948032471095,-5.97286283072907,-9.846497,-19.95838,-2.801158331070752,-1.4053046819759398,,,,,
NA18985,JPT,East Asian Ancestry,Japanese,-6.338825453991723,-4.885199069388428,-15.911292,-22.71109,-3.6631662197112504,-1.5177628500408518,,,,,
NA18986,JPT,East Asian Ancestry,Japanese,-6.593483552291742,-5.3130029632076115,-8.684985,-32.463017,-3.368452681614646,-1.812102965349379,,,,,
NA18987,JPT,East Asian Ancestry,Japanese,-5.697246491807528,-5.5027899596308165,-13.272744,-26.47819,-2.3969169721300663,-1.7231753785913,,,,,
NA18988,JPT,East Asian Ancestry,Japanese,-6.851147380731424,-5.974591560619548,-13.096461,-23.23356,-3.263446343121358,-2.4632310586309636,,,,,
NA18989,JPT,East Asian Ancestry,Japanese,-5.911613441546211,-3.8279660805345097,-11.491587,-21.496395,-2.666286800030882,-2.8326057778701497,,,,,
NA18990,JPT,East Asian Ancestry,Japanese,-6.5532730781671065,-5.876459971694072,-10.121407,-28.13426,-3.0680032464255733,-2.568839357404463,,,,,
NA18992,JPT,East Asian Ancestry,Japanese,-6.0654943926468885,-5.096581166061175,-3.1906343,-26.157759,-2.1233973259658425,-1.7613044915749203,,,,,
NA18994,JPT,East Asian Ancestry,Japanese,-6.155224070233145,-4.662173463703815,-4.3468266,-24.285328,-2.1089025809992847,-1.1830431741818779,,,,,
NA18995,JPT,East Asian Ancestry,Japanese,-7.000117347300423,-4.707500353485485,-8.218804,-25.759272,-3.728929748145875,-1.5761074237128874,,,,,
NA18998,JPT,East Asian Ancestry,Japanese,-6.532317276685528,-3.2626082413918533,-13.120016,-22.555092,-3.6467951425704905,-1.65331530151634,,,,,
NA18999,JPT,East Asian Ancestry,Japanese,-7.622554155507795,-4.582799415805014,-10.225278,-25.788317,-2.986374013900149,-1.6757667345866252,,,,,
NA19000,JPT,East Asian Ancestry,Japanese,-5.8004318120171705,-4.76352608565155,-7.0676565,-21.656916,-2.364391082758437,-1.2081751949273518,,,,,
NA19002,JPT,East Asian Ancestry,Japanese,-7.357268936360158,-5.286363122650406,-4.439174,-25.789568,-3.2046017488965584,-2.0271251295922044,,,,,
NA19003,JPT,East Asian Ancestry,Japanese,-6.358717732087639,-3.945754576898808,-12.173049,-23.691595,-2.936939403172082,-1.2721919644815292,,,,,
NA19004,JPT,East Asian Ancestry,Japanese,-5.562255197594936,-4.66059189340841,-11.865267,-25.863699,-2.27242369922462,-1.4190085839310038,,,,,
NA19005,JPT,East Asian Ancestry,Japanese,-6.896813857695771,-5.625695992807546,-11.150252,-22.51133,-3.5374676751047307,-2.546371916758404,,,,,
NA19007,JPT,East Asian Ancestry,Japanese,-6.811250501468249,-5.690597432695307,-14.870221,-24.794563,-3.5403819436622506,-3.2824025281078786,,,,,
NA19009,JPT,East Asian Ancestry,Japanese,-6.236290877816413,-5.571155272248677,-4.0009313,-27.6622,-2.641062624382709,-2.143542559842531,,,,,
NA19010,JPT,East Asian Ancestry,Japanese,-6.816488314218704,-6.0000922295338475,-7.8785634,-28.140923,-2.9331353060755854,-1.3044534908975858,,,,,
NA19012,JPT,East Asian Ancestry,Japanese,-5.874800392725007,-6.003403656119295,-13.685461,-27.199944,-2.005746470236274,-2.9874812770672854,,,,,
NA19020,LWK,African Ancestry,Luhya,8.718341381205725,-2.8795699674530004,19.453773,-6.52306,5.393085331926375,-0.8705933852982284,,,-1.4232962147754038,1.079366926067871,-0.9020694082237213
NA19028,LWK,African Ancestry,Luhya,8.687706535298929,-2.427882221283169,17.347782,2.9809225,3.711259103725687,-0.7175456763721475,,,-1.2788332214867144,1.025533836650071,-0.15037641889914838
NA19035,LWK,African Ancestry,Luhya,9.19348645561398,-3.60685681607604,19.425259,-2.4720721,5.09329415821323,-1.3719299634577342,,,0.16635317211956832,1.923808713384127,0.7173077689934763
NA19036,LWK,African Ancestry,Luhya,9.768298187447234,-3.096751388836771,21.979166,-4.534018,4.198777380089413,0.009113520159011568,,,-0.3303119171472936,2.8206139762714515,2.469639170311031
NA19038,LWK,African Ancestry,Luhya,8.96547469143704,-3.6824907086457097,20.101168,3.3962634,3.898720520582942,-1.418390499124739,,,0.45959067641017487,-0.9554139047098225,1.2431095451459446
NA19041,LWK,African Ancestry,Luhya,9.780837417012126,-2.366610042496636,19.82383,-2.0402672,5.214194221743752,-1.528140300783996,,,-0.007801981248327377,2.4904345061557858,-1.1575016936894287
NA19044,LWK,African Ancestry,Luhya,9.13291220958379,-2.628743558829197,16.655012,-2.0682168,3.9651705560723345,0.06160841871166678,,,-0.21798583870111182,0.82429382615054,0.8656466523106358
NA19046,LWK,African Ancestry,Luhya,9.959926276676336,-3.070662357613478,22.391209,-6.58303,4.02516054371779,-0.8074989202167111,,,-0.09166242146229091,3.197237525439662,-1.4650080776061398
NA19054,JPT,East Asian Ancestry,Japanese,-7.105243523369165,-5.285241129440686,-11.948529,-25.011757,-2.686235459313073,-1.1626158348367985,,,,,
NA19055,JPT,East Asian Ancestry,Japanese,-6.2173309139750454,-6.314425304415965,-5.2793345,-32.11858,-2.2303562428645156,-2.993981658803439,,,,,
NA19056,JPT,East Asian Ancestry,Japanese,-6.99840012786778,-6.1418022513216455,-7.404318,-26.214298,-3.2160951110311453,-3.3612472680031216,,,,,
NA19057,JPT,East Asian Ancestry,Japanese,-6.22096398859055,-5.468719266765185,-13.177228,-22.980375,-2.022517202581935,-1.5051686184395812,,,,,
NA19058,JPT,East Asian Ancestry,Japanese,-6.307358112140556,-5.726547710348158,-11.646013,-26.539589,-2.6682104000993374,-1.776077573876183,,,,,
NA19059,JPT,East Asian Ancestry,Japanese,-6.95440139469368,-5.069674147840025,-14.497223,-24.795515,-3.1423076201555054,-2.0920964321278523,,,,,
NA19060,JPT,East Asian Ancestry,Japanese,-6.358896938158761,-4.473493420360012,-16.244083,-22.177427,-3.1394895776133342,-1.2214418959299413,,,,,
NA19062,JPT,East Asian Ancestry,Japanese,-6.475419028276062,-6.207915112794283,-12.642768,-26.585468,-2.8248013897872033,-1.2631440436473222,,,,,
NA19063,JPT,East Asian Ancestry,Japanese,-6.619702809708531,-6.497641083599116,-9.095902,-29.715912,-3.298036358549157,-3.1236582697356043,,,,,
NA19064,JPT,East Asian Ancestry,Japanese,-6.054451351276884,-4.380817146821289,-13.702799,-25.230673,-2.8371470466284183,-0.7424923114637099,,,,,
NA19065,JPT,East Asian Ancestry,Japanese,-5.170532063119491,-5.766376277219101,-12.9036665,-24.723349,-2.2150562137976766,-2.8763046952650306,,,,,
NA19066,JPT,East Asian Ancestry,Japanese,-5.577606190876973,-5.6831421477651896,-4.618518,-28.945496,-2.8890505319646884,-2.497020782398349,,,,,
NA19067,JPT,East Asian Ancestry,Japanese,-6.083834474450807,-6.443110812164906,-12.077392,-32.82292,-3.481731121900429,-2.768271052121298,,,,,
NA19068,JPT,East Asian Ancestry,Japanese,-7.47458134646111,-6.01176146867605,-12.6936035,-27.41236,-3.3738483376695365,-2.66970396787693,,,,,
NA19070,JPT,East Asian Ancestry,Japanese,-6.42484059980008,-5.7618397978337805,-11.48913,-25.753477,-3.0553201332318425,-2.422504644076266,,,,,
NA19072,JPT,East Asian Ancestry,Japanese,-5.538612365728125,-3.3874531342635175,-11.3764925,-22.72492,-2.7460475252994367,-1.276542655134913,,,,,
NA19074,JPT,East Asian Ancestry,Japanese,-6.911890859475222,-4.249181956804388,-10.5728655,-22.295738,-3.196611468643887,-2.566296056570338,,,,,
NA19075,JPT,East Asian Ancestry,Japanese,-6.5892034837258935,-4.60434033614271,-5.8120666,-24.530916,-2.7095034129710998,-1.855316453896123,,,,,
NA19076,JPT,East Asian Ancestry,Japanese,-6.582153838053407,-6.517846362090615,-5.570746,-30.016687,-3.5470947781137037,-1.8909401303494864,,,,,
NA19077,JPT,East Asian Ancestry,Japanese,-6.2902623714314485,-6.492865551169763,-15.008044,-24.980232,-3.729844893742265,-2.0506280532776118,,,,,
NA19078,JPT,East Asian Ancestry,Japanese,-6.517706034803992,-7.381422728321794,-8.773584,-26.433275,-3.7255754327027697,-2.3313986166613194,,,,,
NA19079,JPT,East Asian Ancestry,Japanese,-5.597622919071781,-6.396020803196371,-15.644274,-29.044405,-2.339718901561957,-2.5302037700680033,,,,,
NA19080,JPT,East Asian Ancestry,Japanese,-5.791287546932524,-4.407256519093047,-14.67945,-21.09274,-2.6424399340485705,-1.8605038366317896,,,,,
NA19081,JPT,East Asian Ancestry,Japanese,-6.749503603131845,-6.343177321678911,-8.445123,-23.897007,-2.737424251793348,-2.8484727082169616,,,,,
NA19082,JPT,East Asian Ancestry,Japanese,-6.591410221733715,-6.2902128339750965,-11.224668,-27.135263,-3.333332519106354,-1.5928567053406204,,,,,
NA19083,JPT,East Asian Ancestry,Japanese,-6.336703393224859,-5.415265085038398,-7.041077,-26.531382,-2.5113066488959648,-1.6612224804603026,,,,,
NA19084,JPT,East Asian Ancestry,Japanese,-6.102915320523696,-5.353866268980176,-15.932655,-23.402355,-2.9010458518389672,-1.2974493974585983,,,,,
NA19085,JPT,East Asian Ancestry,Japanese,-6.5702289408263,-5.050915446395517,-12.565936,-23.729578,-2.7998261522930425,-1.1846473967610458,,,,,
NA19087,JPT,East Asian Ancestry,Japanese,-6.988923863564838,-5.355590347715441,-8.866174,-21.352076,-3.241505874801308,-1.848610853039827,,,,,
NA19088,JPT,East Asian Ancestry,Japanese,-6.135297014346158,-5.386319246932977,-9.315185,-24.88548,-2.2412477090862963,-2.2157307887687856,,,,,
NA19093,YRI,African Ancestry,Yoruba,10.486051654873975,-4.433062865005257,25.945995,-5.500312,5.699205113120141,-0.9651022264831681,,,1.9073930606635066,-1.1289565161360686,1.902962101160177
NA19095,YRI,African Ancestry,Yoruba,10.556319896953182,-2.0614974059120774,19.26183,3.2037663,4.864314059981304,-1.8863874602902602,,,-0.6201776039210695,-0.4687704625208111,0.042910658312741386
NA19096,YRI,African Ancestry,Yoruba,9.840198236997862,-4.536465258244344,25.2446,2.1325116,4.960355597869278,-2.5303880563013603,,,1.7883428925494087,0.4986460072669877,-2.3826316051393226
NA19098,YRI,African Ancestry,Yoruba,11.120397578686886,-4.362166016773696,22.28226,-0.89937633,5.805727353469388,-1.48778372356103,,,2.3213840583796426,-1.8882138356997187,0.6762189724543811
NA19099,YRI,African Ancestry,Yoruba,11.104219023543429,-3.656457782271871,24.533741,1.9182001,4.974182195659666,-1.281472074447907,,,1.7182738096736336,-2.1013608512272492,-1.564055158458403
NA19102,YRI,African Ancestry,Yoruba,10.882863692959901,-3.1139078167400784,22.323006,-0.35745108,4.932574541386048,-0.3928740978262053,,,1.0871866934169117,-1.0491048323744148,-2.8745624197297217
NA19107,YRI,African Ancestry,Yoruba,11.176511564113431,-5.828313978921485,23.473234,0.20200047,5.740199541945848,-1.3318396919627595,,,3.1537287326092738,-1.3830489876894,-1.2907849761827686
NA19108,YRI,African Ancestry,Yoruba,10.436634100223824,-4.258756509835018,25.39571,-2.968365,5.087004627449909,-0.8885782516378651,,,1.6275679959308114,-3.9774599023334822,0.7935087742340153
NA19113,YRI,African Ancestry,Yoruba,11.049995007730892,-2.9430997144955215,23.100681,-1.6034082,5.2503818435548055,-0.9250983035857319,,,1.5227625339277346,-2.633591080173774,0.6117245172008992
NA19114,YRI,African Ancestry,Yoruba,9.711791737054885,-4.352353689521689,21.518995,0.7015712,5.160613540996952,-1.4366134939809738,,,0.5355016640172824,-2.968019921185612,1.742240270499604
NA19116,YRI,African Ancestry,Yoruba,10.684249856844234,-3.6433126890050938,24.373753,-1.4711046,4.9699691852949845,-1.5029141191071522,,,1.6353573139850157,-0.36537200279978593,-2.4865391666014696
NA19117,YRI,African Ancestry,Yoruba,11.217060694342392,-3.250655584401204,24.76921,-0.4131861,5.005505695059681,-0.46853858042260255,,,2.176892665888063,-2.6312252706550545,-0.4691819138113866
NA19118,YRI,African Ancestry,Yoruba,8.64789918421692,-2.990569616236823,18.745165,2.7531226,5.362761639469696,-0.5016826284298253,,,-0.848731786519392,-2.314562312711278,-0.23201852759906808
NA19119,YRI,African Ancestry,Yoruba,10.799064577275425,-3.6836745009782677,20.777918,0.026866717,5.4187280505448285,-0.8754260263105524,,,1.3314839675322871,-1.5332303508686882,-0.8160742050366342
NA19121,YRI,African Ancestry,Yoruba,10.433120552149644,-3.7291795634418703,21.856968,0.647854,5.362927508628015,-1.2031543843685655,,,0.33881765409271936,-2.1039755907785147,-1.3964378272431333
NA19129,YRI,African Ancestry,Yoruba,11.661770948773126,-3.9839807062670998,26.610048,0.39268342,5.026263880116288,-0.9817027042689035,,,2.53626397219242,-2.7908528024288564,-2.155937285264272
NA19130,YRI,African Ancestry,Yoruba,10.613628694695338,-3.9262400908265187,23.328753,-2.5819695,5.084720563854409,-0.8610044586698384,,,1.4401204690682925,-2.385218051750006,1.3592499531399138
NA19131,YRI,African Ancestry,Yoruba,10.806826025984414,-5.001402546612861,25.707264,2.1844246,5.025008916057802,-0.9097147396187486,,,3.3114141785438336,-2.194654614050619,-1.4618060536585822
NA19137,YRI,African Ancestry,Yoruba,9.669163191468604,-3.6235686550357054,21.708014,1.5711019,4.257652791606851,-1.1368975346802332,,,0.9340497353542571,-3.3903330158673857,0.24072242376477587
NA19138,YRI,African Ancestry,Yoruba,10.621867637371453,-3.3654609462335854,24.995329,-6.187299,5.970858074389198,-0.6288273256308825,,,1.3952887047597506,-2.51885900758076,-0.21535138870525358
NA19146,YRI,African Ancestry,Yoruba,11.033169142685047,-2.866811002437907,20.050049,3.5138452,5.468978331220464,-1.6613850192492676,,,2.08917182578304,-1.8243559161721028,1.7863857505061986
NA19147,YRI,African Ancestry,Yoruba,10.88696376668916,-3.7526223548237754,24.24714,-1.1690269,4.885233693275145,-0.755501941323772,,,2.4601856610566166,-1.9655264400607553,-1.647330864894708
NA19149,YRI,African Ancestry,Yoruba,9.416792603071881,-2.354359494673303,14.8654585,-2.726638,4.7147285555437,-0.331111254977432,,,-0.4304546987676358,0.06067658140403012,-1.3419882734712794
NA19150,YRI,African Ancestry,Yoruba,10.98503841329523,-3.6840903413743264,25.101683,3.1801987,5.259561245851137,-1.9664177349157557,,,0.918196611360555,-0.47597256185966097,-0.4349064293459488
NA19152,YRI,African Ancestry,Yoruba,10.317945372168168,-3.724464181061358,23.320385,-2.3507879,5.520271206087234,-0.4830388047909646,,,0.935931053093024,-4.137993884298646,0.4593673937623179
NA19160,YRI,African Ancestry,Yoruba,10.206543194523832,-4.690296275697643,23.719452,-0.71606344,5.305793217722807,-1.1893699685010168,,,1.8799563346636285,-2.131618664771211,0.5460178339007483
NA19171,YRI,African Ancestry,Yoruba,9.371145535296993,-3.671968080809221,26.752438,-3.4266536,4.075277295687915,-0.912155763878701,,,0.6104985222678541,-4.17522107424975,2.7995210515793714
NA19172,YRI,African Ancestry,Yoruba,11.431206629888383,-3.1239061027745096,21.229797,0.9560077,5.516648586406793,-1.3057427103922836,,,1.994990795018662,-0.49945906575356697,0.13499249954810846
NA19175,YRI,African Ancestry,Yoruba,9.010807176073117,-3.553100690420238,17.409853,0.56420964,4.327639392688061,-1.6657156410882843,,,-0.7457772179802773,0.2499092250744653,-1.268116216530705
NA19185,YRI,African Ancestry,Yoruba,9.382084873036833,-3.457068333922252,20.912611,2.3327096,4.604651324196694,-0.20785924924408716,,,-0.19800351084523837,-1.5100052656464336,0.0015011276324520015
NA19189,YRI,African Ancestry,Yoruba,10.469925750070864,-4.028676756177345,24.660427,-2.0806124,5.010253327447235,-1.6221224825217213,,,2.043211827981495,-1.1490667118921207,0.3081790158961769
NA19190,YRI,African Ancestry,Yoruba,10.01774905113489,-3.7928704646403206,19.341682,-0.5048862,4.340321664509617,-1.0015942196434557,,,0.5859226720731814,-0.6924108546480163,-4.387109761176352
NA19197,YRI,African Ancestry,Yoruba,10.82463555636176,-3.382921384628605,23.989756,-2.3214011,4.568980561042024,-0.719316423772697,,,1.3232881403706593,-3.9135105894622653,1.3646180329505242
NA19198,YRI,African Ancestry,Yoruba,11.231507357559364,-3.298262113520999,27.328756,1.6897572,5.702901716108784,-1.0612773258108392,,,1.7978401965549125,-2.039374059916782,-0.32033103676952157
NA19200,YRI,African Ancestry,Yoruba,10.292470357929563,-3.470996963491607,23.126673,-2.1038282,5.774764495222505,-1.548481108969885,,,0.8862620647899272,-2.015923100941438,0.7540168245728637
NA19204,YRI,African Ancestry,Yoruba,10.411997183069355,-2.748397283567333,22.812445,0.36162487,4.87414451070638,-0.4799257341515957,,,0.5120633631408658,-2.688721554011872,-2.1815632582117392
NA19207,YRI,African Ancestry,Yoruba,11.165315152388233,-3.059996874040304,22.321825,2.4632268,4.932312713701721,-1.0664315273386928,,,1.8802498706167483,-5.774147916395024,-2.567025415703863
NA19209,YRI,African Ancestry,Yoruba,10.478802693193911,-3.1570342606846404,19.047289,-0.7623692,5.341438089131388,-0.3554521980094836,,,0.48911481714181554,2.254874620979647,-1.517871129006281
NA19213,YRI,African Ancestry,Yoruba,9.806061860564474,-3.4465361884976824,24.950281,-3.242936,5.175381263235476,-0.7361869751273593,,,0.19955721316741876,-0.9808436537861093,2.376754777616868
NA19222,YRI,African Ancestry,Yoruba,12.102791570580019,-3.3244105824181895,23.726171,2.6552088,5.159122064900981,-0.9359534809663734,,,1.8739335350848547,0.01526587026499487,-1.1828095156183238
NA19223,YRI,African Ancestry,Yoruba,11.536487962619223,-3.9556780885278036,24.00027,-2.5197132,5.486488213394905,-0.7972888662853772,,,1.592610641307691,0.5185869191112557,-1.2181745611547259
NA19225,YRI,African Ancestry,Yoruba,11.432499632827623,-4.138484935709097,24.770067,0.68164146,6.118824526582838,-1.3579482284719142,,,2.992998851377856,-4.618960149313256,-1.077394694746963
NA19235,YRI,African Ancestry,Yoruba,10.990609264864606,-3.795607580072825,24.369444,0.1118371,5.173077018926136,-1.0819647139440165,,,2.294361255255175,-3.5125784303716094,0.16565784867105868
NA19236,YRI,African Ancestry,Yoruba,10.32664734325686,-3.235550706326694,20.327295,-0.12699452,5.054234159397315,-0.17197812770142473,,,0.6290356856401297,-1.0374708886029798,-0.7184269886165681
NA19247,YRI,African Ancestry,Yoruba,10.126258921952244,-5.019007293845177,27.074572,-1.1202984,4.683043406728283,-1.8101060109103022,,,1.1668203132365078,1.3058190279607431,-1.8349695733819384
NA19248,YRI,African Ancestry,Yoruba,9.583875403295448,-4.540307687012798,25.136623,-3.545269,4.273317983757337,-1.3827702904965178,,,1.4029831397488912,-2.6385458343199106,2.098330721733594
NA19256,YRI,African Ancestry,Yoruba,10.066305678145698,-3.5081454030306594,21.026396,-0.7609678,4.794857473353243,-0.5549589073041759,,,0.18777054132174179,-1.2423063198926152,-0.8262358370176345
NA19257,YRI,African Ancestry,Yoruba,11.378769434028344,-3.984749346660778,22.531996,-0.5013188,6.114435707855925,-1.9019484369893132,,,1.824267856561085,-1.99545292433303,0.14595162885849688
NA19307,LWK,African Ancestry,Luhya,8.629713616386642,-2.1222604789559787,24.162659,-8.478547,4.48516269135941,-0.37530694382216634,,,-1.7317954193470526,5.4127630287965935,4.90646436613363
NA19308,LWK,African Ancestry,Luhya,10.0978666500019,-3.2526252104772153,19.222795,-3.3815236,5.102907136751773,-1.3720837564944866,,,1.4035260215558696,0.8289921573334577,-0.2937448121936687
NA19309,LWK,African Ancestry,Luhya,9.454102944683408,-4.485175500702435,19.998722,-2.0580657,5.467197848268377,-1.2477026542927314,,,1.02676260332065,1.3255915768957045,0.7243896420762393
NA19310,LWK,African Ancestry,Luhya,10.335156400193222,-3.2465764152524423,24.591766,2.3612204,5.718809045009213,-1.0452836818022582,,,1.010464676552819,1.3751412305527424,-1.9182518394124888
NA19311,LWK,African Ancestry,Luhya,10.174288659676444,-2.5967079921225045,21.455065,-3.3438418,5.302455374118769,-0.6865451951164991,,,0.9344671935063804,0.8381742248936355,0.7585330239032059
NA19312,LWK,African Ancestry,Luhya,9.678257882533467,-3.592817954229923,24.136198,-8.371647,5.194182886270211,-0.893038770326493,,,0.4962039559855665,4.057438417038703,4.290093287262599
NA19313,LWK,African Ancestry,Luhya,10.17419949306178,-3.872909693952953,18.007715,-9.579795,5.426863816229451,-0.5078697722832191,,,1.522293476285686,5.264388999318368,-11.25493134346013
NA19315,LWK,African Ancestry,Luhya,9.777278541314873,-2.6342326368771394,16.20123,1.2378206,4.7025501650385575,-1.5891387499539227,,,0.00845611288811787,2.2269106238988745,-0.34058630040517435
NA19316,LWK,African Ancestry,Luhya,9.90612781409277,-4.402868289535113,19.539965,-3.8063488,5.567112315488531,-1.526877147983091,,,1.5515538292115438,1.7860934369982533,1.499388061311219
NA19317,LWK,African Ancestry,Luhya,10.751575765131706,-4.383414479094861,27.517628,-4.5683537,3.9541750900389063,-1.536743868118736,,,2.190582899807822,-0.30424891476206734,-0.33892528533569943
NA19318,LWK,African Ancestry,Luhya,9.96843187497156,-4.486077318675091,21.986782,-3.46609,5.172407791089198,-2.0818849766509193,,,1.7008716022314525,1.7567153453972024,-0.6199856546203083
NA19319,LWK,African Ancestry,Luhya,9.606407923214235,-3.152954473120137,16.819418,-3.6960976,5.1219741956927365,-1.1128777144955322,,,-0.8568497110309178,1.8708487256834376,-0.8841624476288832
NA19321,LWK,African Ancestry,Luhya,10.197259600591819,-4.419586091193525,22.387455,-6.458474,4.97859817638069,-1.4404226095436092,,,1.1970824187179945,3.5461108173966562,1.0305848506078934
NA19324,LWK,African Ancestry,Luhya,10.256316679726018,-3.132752543133905,20.71534,-2.690031,5.310543661738119,-1.2543905507923072,,,0.470785342192098,0.38744725553485987,1.2240599313171374
NA19327,LWK,African Ancestry,Luhya,9.459445885159633,-4.65793047982065,21.914503,-4.680414,6.068922466790946,-1.6103396218897772,,,0.46691462584073756,3.0489544558518933,2.6462086028092404
NA19328,LWK,African Ancestry,Luhya,10.295674897341625,-3.7812063244004603,16.686089,-3.6047251,5.233637411383759,-1.6008783911928726,,,0.9293052394285168,3.6503241744816823,-0.8447853024010148
NA19331,LWK,African Ancestry,Luhya,9.886488071833265,-4.211621894200271,17.997856,-9.608248,5.57364588902327,-1.685643604230131,,,1.5506600766741754,5.9234750496313815,-13.866391656914276
NA19332,LWK,African Ancestry,Luhya,10.222113287174405,-3.6934255841543306,22.578506,1.1866579,5.261619371207171,-1.4967153387450356,,,0.6492262542003023,-0.523249156415466,-1.0128144624775224
NA19334,LWK,African Ancestry,Luhya,9.585636745544873,-3.9729408350601547,17.998308,-9.611134,5.224300273859937,-1.474443780634883,,,1.5085156217369324,6.0165859686177425,-13.686218422047448
NA19338,LWK,African Ancestry,Luhya,11.186585246493218,-4.5487651349266,24.64389,-6.686138,6.537778792887633,-1.4249777010778275,,,2.2658599178907304,3.818170048566157,2.8997047842811114
NA19346,LWK,African Ancestry,Luhya,9.344059116517522,-4.112705793344204,20.465427,-7.2892113,4.494093170536756,-1.3555518730744138,,,0.9887423712089951,2.211172708408595,2.0690452362206666
NA19347,LWK,African Ancestry,Luhya,10.296432533790156,-3.1526026714014046,22.779205,3.9044979,5.566247036065305,-1.5738212574038828,,,0.78050627078626,1.9557319886353133,2.4200382824028526
NA19350,LWK,African Ancestry,Luhya,9.267811737091387,-4.879066444160597,20.658655,-4.287157,3.754482791664918,-1.7795156820384905,,,0.4964889326965328,1.8939356851248055,3.562612945448194
NA19351,LWK,African Ancestry,Luhya,10.257926186698194,-3.7953981293539067,22.886023,-4.1826687,4.615123895172828,-1.1443172686407577,,,1.2077133211613837,0.9438010108489879,1.1046951271932064
NA19352,LWK,African Ancestry,Luhya,9.904865449574904,-2.052088882645174,22.772226,3.9637973,4.944413834573475,-1.146239332569642,,,-0.6997351288675918,3.2657829731288692,1.4384856843379878
NA19355,LWK,African Ancestry,Luhya,8.364083441844658,-3.4003328300521956,19.586504,-3.892343,4.357550456945886,-0.4861776423571631,,,-1.2311938664562463,2.6158371893268737,1.1815364800291381
NA19359,LWK,African Ancestry,Luhya,9.673404959332354,-3.4644677564343995,21.812489,-4.6922946,5.457412775712005,-1.1013365403202844,,,0.31360899458874586,1.7929758955119828,1.692204621939046
NA19360,LWK,African Ancestry,Luhya,9.9237395320197,-3.999657467536495,24.202871,-8.396703,5.997525611190523,-0.8530803919679388,,,0.8859435631224355,3.82090722074942,3.494445581741703
NA19371,LWK,African Ancestry,Luhya,8.432332569318719,-3.381290900034281,22.607098,4.457484,4.054268529005216,-1.0284885441908758,,,-0.6692047916785974,0.6951152838026168,1.9558435060141897
NA19372,LWK,African Ancestry,Luhya,10.319337012202,-5.090159578892075,20.952509,-7.479882,5.473944991602555,-1.0367790006369724,,,3.2366175025308332,3.1144236707486193,-0.5950208163928178
NA19373,LWK,African Ancestry,Luhya,7.866905799182027,-4.472548778605666,15.037212,-7.765574,4.302456869081035,-0.9914837848558622,,,-1.4078884809769803,4.644740952320908,4.242657666402565
NA19374,LWK,African Ancestry,Luhya,8.514692429494062,-3.5572300398637813,15.034797,-7.761352,3.686276329506428,-0.483533439003343,,,-1.2871862610098266,3.9252516039476704,2.820727745279166
NA19375,LWK,African Ancestry,Luhya,9.432737750657006,-3.1509298171729716,24.579168,-3.8496203,4.569136036242238,-1.199908841621077,,,-0.36125265517083566,3.096892022032841,2.070055025231278
NA19376,LWK,African Ancestry,Luhya,9.371712835679755,-2.7619147830256656,21.05637,-3.7546024,5.017649387133578,-1.6468107583969478,,,-0.013557354560165859,3.1001765122107496,3.790716017063584
NA19377,LWK,African Ancestry,Luhya,10.26035779828471,-3.934437413479972,18.759031,-1.9661957,5.073370274402315,-1.023805094224044,,,1.0281651755067787,1.4364277199322808,0.761305463511485
NA19379,LWK,African Ancestry,Luhya,10.614340432255554,-3.8389525741936366,19.200022,-6.0292454,5.385624054830484,-0.8878059174894952,,,1.7002033063783337,1.8974847664116732,-3.1470502214730227
NA19380,LWK,African Ancestry,Luhya,10.975055919254205,-4.197795641704395,24.589561,-7.371653,4.987310956883606,-1.2368941667760756,,,3.7684486284614493,3.855068188016145,4.922637631839773
NA19381,LWK,African Ancestry,Luhya,9.929082598653807,-4.292134338186021,24.382736,-7.967453,5.460686597866556,-1.4301670515558635,,,1.1973996756520129,6.371853993182041,6.296054567415408
NA19382,LWK,African Ancestry,Luhya,10.44195272479831,-4.460249796117117,24.49111,-7.6815515,4.682749771402485,-1.5507599993761976,,,2.6714642882161237,4.704654622783059,3.720510654400052
NA19383,LWK,African Ancestry,Luhya,9.914362016697234,-4.121197019162747,20.281786,-8.842979,5.403801831516551,-1.7663414596689564,,,1.524612390627164,2.3833931757388873,-1.2785413215723576
NA19384,LWK,African Ancestry,Luhya,10.192734422709044,-3.402838673636338,17.975626,-2.646492,5.492006606349575,-0.9351978556816878,,,1.194187834798972,1.3704350977105695,-3.4949637989921953
NA19385,LWK,African Ancestry,Luhya,10.791737422717626,-3.559712113279029,19.756214,-7.0205345,5.2928152277691245,0.14072935482072557,,,1.109575244181178,0.8725405440372518,-1.274900186333003
NA19390,LWK,African Ancestry,Luhya,9.647823558743077,-2.8114444704882358,22.793001,1.605986,4.029967955303777,-0.4533980441728951,,,0.23994884242284634,-0.10403007965206211,-0.058441667237409956
NA19391,LWK,African Ancestry,Luhya,10.14499240547928,-3.4143566776731307,22.82065,-2.881052,4.939462774802108,-0.7854033810932339,,,1.584510455681752,0.5620337251195306,0.6716057053238342
NA19393,LWK,African Ancestry,Luhya,10.121158725532734,-4.479769907568438,26.896338,-4.7062054,5.146135935784428,-1.6191867206539259,,,2.4855796075415064,-0.6277089603009081,4.203795340321667
NA19394,LWK,African Ancestry,Luhya,10.098289832188597,-4.458885296991851,23.989973,-5.2317605,4.965353153225097,-1.6437986474501005,,,1.6100344026503366,1.322761324731818,0.9933919599718242
NA19395,LWK,African Ancestry,Luhya,9.436904694312812,-4.322609922427563,23.70788,-5.3234096,3.819339210256838,-2.0076333970441365,,,1.1715766904119522,0.5350043379151772,1.611082208110258
NA19396,LWK,African Ancestry,Luhya,9.604675500289629,-4.54790674680761,20.830185,-3.8584633,4.988594916454298,-0.8747356385524148,,,0.8795565317415577,4.818686405001177,1.5958276031117524
NA19397,LWK,African Ancestry,Luhya,8.037047581053207,-4.043982734767531,20.783272,-3.7691898,4.50749216881084,-1.1964793559140618,,,-0.9004151495275204,3.4214654910035813,1.9755370390775606
NA19398,LWK,African Ancestry,Luhya,11.271955101072956,-2.1680738640901014,25.623182,-7.2572246,5.253517664753098,-0.4727312795613807,,,2.165578683042955,0.4581539367693668,1.9981592341284218
NA19399,LWK,African Ancestry,Luhya,10.438195303206257,-3.9510636447336926,24.376688,-3.290125,5.497144447599167,-1.3111980898485434,,,1.396057065089672,0.6455732445182895,-1.4030146265285357
NA19401,LWK,African Ancestry,Luhya,9.706888937661043,-3.3601520385609076,17.26153,-1.3717108,3.9221253246589782,-0.8223002274920614,,,0.18617389072363283,-0.3059258335837801,-0.5462102999538706
NA19403,LWK,African Ancestry,Luhya,10.266201598146763,-3.520923173449753,15.858436,-1.3759052,5.2048405321359335,-0.83274093048307,,,1.3105951788240813,1.2340612890904514,-0.5771455105201277
NA19404,LWK,African Ancestry,Luhya,9.302731949369363,-2.861091661759855,17.288147,-1.4300472,5.66472665585183,-1.6157462070699684,,,-0.0928808481094771,1.072244905877347,1.6290900273554365
NA19428,LWK,African Ancestry,Luhya,9.796097532389911,-3.057690420063648,17.593496,-7.3619466,5.095148241178622,-0.40459121670478515,,,1.4271291655055023,2.044362127802199,2.1507505752368528
NA19429,LWK,African Ancestry,Luhya,10.794673633032808,-4.3529272436435695,26.82314,-4.111089,4.352761525224877,-0.7953397114364393,,,1.9147663702283244,0.43337015850176075,2.7799220413164414
NA19430,LWK,African Ancestry,Luhya,9.764074155978093,-3.454364905462847,20.254353,-8.888824,4.932911546663197,-1.0709351631743251,,,0.2637464070063579,3.05163296651702,-1.8273589703737003
NA19431,LWK,African Ancestry,Luhya,10.690370345464384,-5.125848970968959,22.40776,-4.152583,5.478637360325003,-0.8918128002087728,,,2.027075166496017,1.4266387842815986,2.6236713695439384
NA19434,LWK,African Ancestry,Luhya,8.958479262330764,-4.042479528667497,18.336168,-4.9050007,4.76663047405281,-1.7336187421616946,,,-0.49447278548640283,4.407207084676382,-2.035910145257438
NA19435,LWK,African Ancestry,Luhya,10.1522301471893,-4.251727539189646,21.64607,-5.221215,5.412877534720386,-1.3613243813891471,,,1.3324783532402054,6.246706196129775,1.7753912190574437
NA19436,LWK,African Ancestry,Luhya,8.74915492489163,-4.312993637653094,16.964516,-4.003984,4.897907552715198,-1.9961766979753062,,,0.2966478552853412,1.8224449231068651,0.0418414638880983
NA19437,LWK,African Ancestry,Luhya,9.794276038332946,-3.1720050951699,20.877554,-6.030643,4.9335277131060895,-0.38064800264463683,,,0.5773890540596358,2.742862860071963,-3.4714033178376917
NA19438,LWK,African Ancestry,Luhya,10.19545526510495,-3.8231228596203666,20.477476,-2.8824866,5.082054115044201,-0.7416623872991566,,,1.301300995381994,1.908746947383274,4.682629125106811
NA19439,LWK,African Ancestry,Luhya,10.677877694818447,-4.136493948690725,19.611038,-6.557853,6.618555535965435,-1.4475188838215431,,,1.3836620006782456,3.865373956070354,0.016521624251550487
NA19440,LWK,African Ancestry,Luhya,8.744008810357734,-3.579902362711935,20.22142,-5.0259748,4.320712150180611,-0.4094481214581025,,,-0.40123206958383273,-0.8013818458005713,3.849061463856047
NA19443,LWK,African Ancestry,Luhya,11.034457805224902,-3.4405780035800726,22.419897,-8.419584,4.797892782731201,-0.25298478731577756,,,2.114199431601071,2.5267626679496176,2.5113128466305876
NA19444,LWK,African Ancestry,Luhya,9.230222452574694,-3.0795295574321466,18.419807,-4.7567983,4.449578277975835,-1.328490739543867,,,-0.7427258520964488,3.8551267720387985,-1.2433384064585065
NA19445,LWK,African Ancestry,Luhya,9.442260816316177,-3.5175936054147305,17.590078,-5.6842566,4.264144597651107,-1.3136728612425128,,,0.3329268023921485,3.2428347032460936,0.8084984715541326
NA19446,LWK,African Ancestry,Luhya,10.586573456763194,-3.165505150493426,18.812017,-4.8461266,5.8746044552881695,-0.45135576130027166,,,1.3682298296719073,3.8459574266964176,0.1917640523436815
NA19448,LWK,African Ancestry,Luhya,9.789078475831408,-3.8549225189354397,15.533396,-5.189104,4.962403028740633,-1.0734723355072457,,,0.32449551397425525,1.1306679013205678,-0.7668325698232725
NA19449,LWK,African Ancestry,Luhya,10.877650132096893,-3.4487943943353523,22.521189,-3.2280557,5.655778961496458,-0.7759218333587317,,,2.296444958069145,2.2476612278794423,0.43868929167761733
NA19451,LWK,African Ancestry,Luhya,10.557232400490363,-3.344341316714769,15.450899,-5.142613,5.103239338459433,-2.6740697677809315,,,1.5317458146240304,0.9463686167872917,-0.09601020645333082
NA19452,LWK,African Ancestry,Luhya,8.973286711258805,-3.5879447728525635,15.481484,-5.1405587,3.8103209055755167,-1.4324512209517755,,,-0.028806983286659732,-0.051105232152678114,0.6274471620472786
NA19453,LWK,African Ancestry,Luhya,9.770238580654981,-3.510845631419227,17.664898,-5.621484,5.224016306798912,-1.0417709470073881,,,0.5872933416574277,3.6899635730274993,0.32756540526870276
NA19455,LWK,African Ancestry,Luhya,9.802468381025065,-3.086202352146624,20.366678,-4.6829944,5.439618701316047,-1.0453989339055259,,,0.6444432045232247,2.749783843243826,1.5553969279872646
NA19456,LWK,African Ancestry,Luhya,10.282012430411283,-4.8547926698336505,21.028152,-6.241499,5.488785859307945,-1.6421312774631156,,,1.868752840975463,4.2374597697786225,-0.9483861681193101
NA19457,LWK,African Ancestry,Luhya,9.234525329518371,-3.1114689833372315,20.12991,1.6725899,3.753552746045461,-0.4490862415866199,,,-0.14002558897041825,0.43839830414629777,0.2711011557367696
NA19461,LWK,African Ancestry,Luhya,8.11958167193304,-2.848177646803822,20.090656,-2.9612994,4.110295987093057,-1.548761816259336,,,-1.235620580990199,1.7867296533957766,-0.24676477970817356
NA19462,LWK,African Ancestry,Luhya,9.993493816652526,-5.368681298720566,21.09851,-5.9555044,5.5283433712253025,-0.9894452106387441,,,1.8843140306631176,2.4297360290906895,-0.06984427637376844
NA19463,LWK,African Ancestry,Luhya,9.548171501749481,-3.3107827945240187,24.976402,-4.4899044,4.190918285533691,-0.7655167935423464,,,0.789231130252571,1.0890970867397327,1.2833635758819952
NA19466,LWK,African Ancestry,Luhya,9.496190854185565,-3.0980157584794155,23.389706,-5.501814,4.872276888369902,-0.9481147010666766,,,-0.17483001547830776,3.8801798812165056,1.3063158807590975
NA19467,LWK,African Ancestry,Luhya,9.664362738139026,-3.9130194470147925,18.335287,1.9158032,4.418336711170554,-0.8670474627083751,,,0.09700350272968228,0.45345760830617093,-0.07054991343556918
NA19468,LWK,African Ancestry,Luhya,10.047922388615342,-4.094717772390486,23.277311,-5.86858,5.018794163225049,-1.2930364232310407,,,0.6394995091359171,1.0273437998289636,1.8694975605560158
NA19469,LWK,African Ancestry,Luhya,10.571233772481794,-3.4633952502352683,22.342304,-8.374795,5.074213029443482,-0.4015775724542654,,,0.9204224748484229,4.934480975633543,0.3960114546003761
NA19470,LWK,African Ancestry,Luhya,11.155721049123452,-4.317926667701646,22.374855,-8.427772,5.148390833299847,-0.4073943968417546,,,2.380218976881766,4.072057935350572,1.69932863422448
NA19471,LWK,African Ancestry,Luhya,8.455469131035267,-3.526711761278489,17.661156,-7.3416753,4.54721615601513,-0.7648562132321803,,,-0.45725737479977757,2.8149026890601805,-1.375034692563223
NA19472,LWK,African Ancestry,Luhya,9.940525995895987,-3.8834774132606453,18.072657,-3.4232655,6.599354812747423,-1.2274019978289399,,,-0.07772196377448247,3.95698325099498,-2.6595073104601923
NA19473,LWK,African Ancestry,Luhya,10.202738652640166,-3.846104385346675,17.072754,-2.1962235,5.077599739521859,-0.36910852570670816,,,0.6534939506838391,0.22995978415413826,0.060925904453919225
NA19474,LWK,African Ancestry,Luhya,7.602146785238282,-3.1094955506395197,19.964642,-0.8821287,3.3901983417748935,-0.23428470865886997,,,-1.2373324763254483,-0.9439231413185076,-0.7256255456485625
NA19625,ASW,African Ancestry,African Ancestry SW,4.5570785858279095,1.5292861709464116,-2.219144,-4.1729097,2.6736670221472094,0.31322063115776366,,,-7.621509466269221,-0.38442137133365034,2.4778988439746827
NA19648,MXL,American Ancestry,Mexican Ancestry,-2.0149832843894373,5.400701633159205,-6.92036,16.347301,-0.23749798681005846,0.9277159954724268,,,,,
NA19651,MXL,American Ancestry,Mexican Ancestry,-2.50837834263137,4.055540881248742,-5.9807315,0.28692922,-1.5475499339359704,1.15011836891198,,,,,
NA19652,MXL,American Ancestry,Mexican Ancestry,-1.7974312635257088,3.6851965589740616,-3.2345703,1.9445475,-1.2238405132987502,1.158401131700069,,,,,
NA19654,MXL,American Ancestry,Mexican Ancestry,-1.8473830382030592,1.5047198486908506,-4.12953,2.3958688,-1.8019402477819957,0.49204788013881506,,,,,
NA19655,MXL,American Ancestry,Mexican Ancestry,-2.8579668847855757,1.1557765691935025,-5.38064,0.59993905,-0.6859211335391712,-1.2432438620162922,,,,,
NA19657,MXL,American Ancestry,Mexican Ancestry,-3.1892034899643074,1.1379320854580257,-3.8435216,-0.9328433,-0.9474983189595325,-0.6492729568257944,,,,,
NA19660,MXL,American Ancestry,Mexican Ancestry,-2.407726432715039,0.9228030388263688,-1.4286089,-2.4630697,-1.514232295814102,-0.5329657235309924,,,,,
NA19661,MXL,American Ancestry,Mexican Ancestry,-2.58642320995636,1.923191384882224,-2.3789718,-2.3880782,-0.9338665289897661,1.1779299992136043,,,,,
NA19663,MXL,American Ancestry,Mexican Ancestry,-2.4734204445692978,0.8589345929636663,-5.6574335,-0.24218087,-0.8372182300297326,-1.240487627724086,,,,,
NA19664,MXL,American Ancestry,Mexican Ancestry,-2.0032758899310164,2.046037457235491,-0.7173256,-0.03540281,-0.9978903579491926,0.9931503249128195,,,,,
NA19672,MXL,American Ancestry,Mexican Ancestry,-2.727804406634157,1.888921965298711,-1.3558589,-2.3688533,-1.1860574275902418,0.44943586991673157,,,,,
NA19675,MXL,American Ancestry,Mexican Ancestry,-0.7357616798441287,2.2172986545960405,-10.601886,8.474352,-0.9216948680000122,-0.2530317619537614,,,,,
NA19676,MXL,American Ancestry,Mexican Ancestry,-1.4574578494421573,2.758510085706574,1.0404551,2.7269518,-1.014498432420015,1.207521159820783,,,,,
NA19678,MXL,American Ancestry,Mexican Ancestry,-1.667394782873835,2.476356445827005,-10.560089,8.549859,-1.0600514578888587,0.47283089905731757,,,,,
NA19679,MXL,American Ancestry,Mexican Ancestry,-0.5422297987926649,3.038622968269504,-10.64426,8.438574,-1.046862085728204,0.3620363863211318,,,,,
NA19681,MXL,American Ancestry,Mexican Ancestry,-4.076463709085234,-0.34085818709659055,-1.472119,-0.5381273,-2.583842744014447,-0.5316489327253087,,,,,
NA19682,MXL,American Ancestry,Mexican Ancestry,-1.9303050395345442,1.1262209640735765,-4.9003415,0.34413284,0.04673047268453623,0.1699581549282736,,,,,
NA19684,MXL,American Ancestry,Mexican Ancestry,-0.913760375554207,2.9833870003761205,-5.164569,0.8827121,-0.7808278997257703,0.12273043110518222,,,,,
NA19685,MXL,American Ancestry,Mexican Ancestry,-3.1226698900216783,0.46098416286095834,-1.9926149,-2.363122,-1.4627359396257673,0.00471322512589345,,,,,
NA19700,ASW,African Ancestry,African Ancestry SW,6.823937500194619,-0.950554626723334,14.694253,0.5107005,3.88509959904275,-0.7667191831132252,,,-4.422027730483164,-0.3633210584818148,-0.533975305283071
NA19701,ASW,African Ancestry,African Ancestry SW,8.78260437813188,-3.6573745773314874,18.036448,0.75633276,4.326806291439585,-1.105837510409084,,,-0.5070801363839158,-2.6033185298279844,0.4378069412673251
NA19703,ASW,African Ancestry,African Ancestry SW,9.1123942560613,-3.6799407703995852,26.585604,-3.4312453,4.535008634529457,-1.7761487760140127,,,0.08806460625347562,-1.453961487838803,3.5495892466245462
NA19704,ASW,African Ancestry,African Ancestry SW,11.424589425432586,-3.413480084736528,27.2057,-2.0442383,5.378312170282854,-0.9024468694256815,,,2.3289343232824065,-2.355336491757395,-0.24603730686402245
NA19707,ASW,African Ancestry,African Ancestry SW,4.532009290085882,-9.788060961035683e-05,9.028556,5.284136,2.8738959609920824,0.20616320953459244,,,-6.163536376793227,-1.519432829115218,0.18649070404570922
NA19711,ASW,African Ancestry,African Ancestry SW,9.532326755039804,-2.6822151232266096,23.59871,-1.0099728,5.172085218107686,-1.6247851307278216,,,0.25402588817860033,-2.7003320834795983,0.2566511594940106
NA19712,ASW,African Ancestry,African Ancestry SW,7.404337875517451,-0.8693726068407761,15.746055,4.144627,2.9524128770908504,0.09517476028980054,,,-3.075904027241426,-1.4497824789766145,-1.170278162511744
NA19713,ASW,African Ancestry,African Ancestry SW,7.480468725406619,-1.6261859995707493,20.15297,1.810814,2.5053030351392866,-0.5443008845128041,,,-3.359810633583273,-0.9922717411976516,0.4211940468863667
NA19716,MXL,American Ancestry,Mexican Ancestry,-2.2666391453359216,2.8820192653554817,-4.4232836,1.7087845,-1.1851704636657092,0.8239189257580706,,,,,
NA19717,MXL,American Ancestry,Mexican Ancestry,-4.606580224985068,0.29005722069799766,-4.7820206,-1.6687387,-1.9411637095269447,-0.4683283999956154,,,,,
NA19719,MXL,American Ancestry,Mexican Ancestry,-1.039669152374083,3.3458252796625656,2.0977767,5.5361195,-1.2933324815355682,1.0559774963544069,,,,,
NA19720,MXL,American Ancestry,Mexican Ancestry,-2.474443389437701,0.9455013257453917,-2.1908412,1.0380145,-0.5250849601592715,0.6113515077863179,,,,,
NA19722,MXL,American Ancestry,Mexican Ancestry,0.34876291761615963,1.5735709971020517,0.95152843,3.0361817,0.3044653687038179,0.6757152744702877,,,,,
NA19723,MXL,American Ancestry,Mexican Ancestry,-1.8731528948920748,1.1462198256571003,-4.800924,0.186689,-0.6242807133779713,0.06771626220904459,,,,,
NA19725,MXL,American Ancestry,Mexican Ancestry,1.0454240616455666,1.6562820129251694,2.177401,3.8546736,-0.06017408081303166,0.03758162423599032,,,,,
NA19726,MXL,American Ancestry,Mexican Ancestry,-5.286543397454024,-1.1086342136994514,-4.087901,-2.0427005,-2.3977010203590723,-1.096135555289853,,,,,
NA19728,MXL,American Ancestry,Mexican Ancestry,-2.517549990959473,0.09708502652442697,-1.7983983,-0.9086219,-1.1109865460978794,-0.53703948397651,,,,,
NA19729,MXL,American Ancestry,Mexican Ancestry,-3.0439374857608987,5.42272571455473,-6.772033,-0.18109508,-1.1024672955379562,1.9167545503129175,,,,,
NA19731,MXL,American Ancestry,Mexican Ancestry,-4.986770302201864,0.7667011110344424,-5.0633926,-1.163961,-1.5677669790335882,-0.38723178307482575,,,,,
NA19732,MXL,American Ancestry,Mexican Ancestry,-4.777333525623629,-0.1272991658594007,-4.5642233,-1.5111625,-1.5286612018029893,-0.8086730382953919,,,,,
NA19734,MXL,American Ancestry,Mexican Ancestry,-3.3383659886913466,1.9211204840249638,-2.8211186,1.3274267,-2.2253843444627703,0.20961265126199802,,,,,
NA19735,MXL,American Ancestry,Mexican Ancestry,-2.877971922781308,2.4558451543340105,-6.752032,-0.3548123,-0.530590958384433,0.6674616333846537,,,,,
NA19737,MXL,American Ancestry,Mexican Ancestry,-3.8913455444794667,0.5300870532709032,-5.1161666,-1.8322185,-1.9593186223356183,-1.3614154728971344,,,,,
NA19738,MXL,American Ancestry,Mexican Ancestry,-3.0679984050170463,2.2094996182841298,-3.962722,-2.2675986,-1.5099856997331642,0.695798031729886,,,,,
NA19740,MXL,American Ancestry,Mexican Ancestry,-1.726839981547474,2.7397633280407607,-3.8083253,0.733308,-0.450621190503496,0.6475090067179274,,,,,
NA19741,MXL,American Ancestry,Mexican Ancestry,-4.266927106969477,-2.210473101844449,-5.0444307,-2.4270818,-2.2954203378321276,-1.4474434416241797,,,,,
NA19746,MXL,American Ancestry,Mexican Ancestry,-1.5161961179823171,1.1489767439120406,-0.025112776,1.3035794,-0.8929788735294049,0.6322115952468665,,,,,
NA19747,MXL,American Ancestry,Mexican Ancestry,-3.032300491059668,1.045015604222006,-2.7135096,-0.9805899,-0.7009538055610836,0.06984853760502086,,,,,
NA19749,MXL,American Ancestry,Mexican Ancestry,-4.358147077192782,-2.2812403531745735,-8.077521,-20.232351,-2.323238061698075,-1.1339436031674754,,,,,
NA19750,MXL,American Ancestry,Mexican Ancestry,-0.5933516830824217,3.754754653159418,-2.790793,9.717039,-0.36123473633340547,1.2714047874383327,,,,,
NA19752,MXL,American Ancestry,Mexican Ancestry,-2.025199364773833,1.412302710942508,-2.98993,-2.5899065,-1.758688778836376,0.5757159271582606,,,,,
NA19753,MXL,American Ancestry,Mexican Ancestry,-3.2922546268270083,0.4729313223680043,-4.9073243,-1.8707134,-0.7176899601120736,-1.3812136044142083,,,,,
NA19755,MXL,American Ancestry,Mexican Ancestry,-2.619867149909434,1.3954328420302922,-1.5633136,2.1786892,-1.1405170406530476,0.527824753105615,,,,,
NA19756,MXL,American Ancestry,Mexican Ancestry,-1.4712169597648477,0.7385785656849428,-2.7904387,0.028013684,0.08302794519679313,-0.391430436103013,,,,,
NA19758,MXL,American Ancestry,Mexican Ancestry,-3.320621799536004,-0.8269130525863382,-1.4372538,-1.2002398,-1.3479622483194593,-0.39054289435823897,,,,,
NA19759,MXL,American Ancestry,Mexican Ancestry,-4.134723710804465,-0.26503012048137986,-4.5340023,-0.29237562,-2.5328904417507445,-0.34437994090086654,,,,,
NA19761,MXL,American Ancestry,Mexican Ancestry,-3.5955640669251157,0.1898361509939157,-1.2901106,-0.96318454,-1.3745251559697558,0.8799570886467463,,,,,
NA19762,MXL,American Ancestry,Mexican Ancestry,-3.4265776555142695,2.1414676773685413,-5.334853,-1.2802818,-1.8603794772602724,0.4880404525279456,,,,,
NA19764,MXL,American Ancestry,Mexican Ancestry,-3.922577574358784,-0.3057081060214468,-5.4189816,-2.206367,-1.805726503741573,-0.8664434883123473,,,,,
NA19770,MXL,American Ancestry,Mexican Ancestry,-2.7455683900376995,2.5699247285493008,-4.0629563,-0.18376948,-1.4676171089379495,1.2844821152407055,,,,,
NA19771,MXL,American Ancestry,Mexican Ancestry,-0.03366398869206855,3.0991155598792877,-9.122991,10.146684,0.2277962025069562,1.5624346854746047,,,,,
NA19773,MXL,American Ancestry,Mexican Ancestry,-2.01864893492372,2.197763490879506,3.7000155,10.752313,-1.4127110856101392,0.7552193738700459,,,,,
NA19774,MXL,American Ancestry,Mexican Ancestry,-0.9948426784710726,0.7682200662507608,-5.703926,-0.6100028,-0.16793275354391157,0.18586718825561066,,,,,
NA19776,MXL,American Ancestry,Mexican Ancestry,-0.9526117501111901,0.49482911104509064,0.3373501,0.9101054,-0.3409717898759299,0.5812915802386251,,,,,
NA19777,MXL,American Ancestry,Mexican Ancestry,-1.2198835099258525,3.1123839660159303,-6.247706,-0.85926104,-0.13073409878223596,0.7631667121525045,,,,,
NA19779,MXL,American Ancestry,Mexican Ancestry,-2.6838208041096445,2.36500975803715,-7.4360943,2.1143486,-1.5661000324158743,0.6441163715656297,,,,,
NA19780,MXL,American Ancestry,Mexican Ancestry,-0.23798226022494018,3.321193645758775,1.9115406,6.72077,-0.2100498079502055,1.1379057595030981,,,,,
NA19782,MXL,American Ancestry,Mexican Ancestry,-4.069026611604386,0.5039403554964634,-5.469137,0.050875805,-3.0708634066586473,-0.25636365049913534,,,,,
NA19783,MXL,American Ancestry,Mexican Ancestry,-5.309809140525244,-2.9928632003968927,-4.6930976,-1.3943557,-2.5290797903836246,-1.0291458979948764,,,,,
NA19785,MXL,American Ancestry,Mexican Ancestry,-2.377021005088104,3.074551936970243,-2.9065642,2.6207457,-0.18774280573113394,1.4640610977549433,,,,,
NA19786,MXL,American Ancestry,Mexican Ancestry,-3.1337614786332217,2.0283254140502125,-3.829993,-0.98842055,-1.2676843356373353,0.46983020543196075,,,,,
NA19788,MXL,American Ancestry,Mexican Ancestry,-3.9390842001673967,-0.24250039215352448,-4.321956,-0.32252815,-1.6502796852992905,0.6494423437716792,,,,,
NA19789,MXL,American Ancestry,Mexican Ancestry,-1.6220548536266852,1.1255225298181015,-3.1431468,-0.72010946,-1.2181359624198627,0.5648437044366084,,,,,
NA19794,MXL,American Ancestry,Mexican Ancestry,-2.4055335775896,3.011123516484201,-6.3505163,-1.3055582,-2.0467390311957683,0.12258094509101647,,,,,
NA19795,MXL,American Ancestry,Mexican Ancestry,-3.5334022207669173,1.3780364119149544,-4.117002,0.08688426,-1.113575961749439,0.23187128957383996,,,,,
NA19818,ASW,African Ancestry,African Ancestry SW,10.395123296178953,-4.71817262985251,21.846552,-2.4507551,5.199761805311659,-1.6794595795450138,,,1.9568884263609194,-2.0916189744709985,0.2798784335660028
NA19819,ASW,African Ancestry,African Ancestry SW,7.188822625409863,-2.65681501681959,20.467747,-0.6656212,3.2246317826942548,-0.2990053123852803,,,-2.4177726436906677,-0.5793675251488867,-0.9890627843089137
NA19834,ASW,African Ancestry,African Ancestry SW,7.199265479521399,-1.0426417167199187,16.755299,2.3672633,3.1325834033962954,-1.527502117326863,,,-3.6955065946515813,-1.5344722802168613,0.739325972468775
NA19835,ASW,African Ancestry,African Ancestry SW,8.19591350880394,-3.373239426792945,17.224833,0.09635293,2.673381957923236,-0.3765829719949685,,,-1.110022809885106,0.18495497844869468,-0.9128813946689001
NA19900,ASW,African Ancestry,African Ancestry SW,8.514515657295117,-2.251241088215246,14.041768,0.724622,4.965541505310115,-0.9739415662467303,,,-2.0983840808255816,-1.816479683326852,2.319940115692754
NA19901,ASW,African Ancestry,African Ancestry SW,6.026618290786661,-3.0205954644334954,6.4906273,0.9074677,3.2270623843153823,-1.3239663642019663,,,-4.372513239559726,-0.19724185327063093,-0.7748686324525763
NA19904,ASW,African Ancestry,African Ancestry SW,11.059837995193769,-4.87109914232784,25.918835,-3.338133,5.048616642507411,-2.0827211646085204,,,2.498254030861855,-3.5985132388759986,2.7643700127447617
NA19908,ASW,African Ancestry,African Ancestry SW,9.5656011253029,-2.148981227847809,16.178835,-0.18872668,4.319394559376871,0.43820710231263393,,,-1.0617474206700694,0.7687572054631117,-1.112914519887487
NA19909,ASW,African Ancestry,African Ancestry SW,10.066226594221504,-4.588540471606149,23.794495,-1.2688909,5.056954395210993,-1.0252703807051473,,,1.1614912066279572,0.16831695799635246,-1.0721664333699916
NA19914,ASW,African Ancestry,African Ancestry SW,7.8540221662344285,-3.8110390183923544,20.807024,-2.2551627,4.0224706098675345,-1.054595379199326,,,-0.6728798672230654,0.4379968338288965,-0.3230138145166011
NA19916,ASW,African Ancestry,African Ancestry SW,10.978438468139387,-4.193137780900581,24.553122,-5.043331,4.934388450509147,-0.541605753359327,,,2.473992727417451,-1.0283808437012043,1.3329746781587548
NA19917,ASW,African Ancestry,African Ancestry SW,8.752659306961027,-5.046364769711885,21.25279,2.9920416,4.6911958195965635,-1.576980291816351,,,0.47355733133147054,-0.23892096188375872,0.26464258842283345
NA19920,ASW,African Ancestry,African Ancestry SW,10.064170671951668,-4.173646993250247,20.478977,1.1329678,4.517914459160689,-1.6520584337021487,,,0.4955990930457274,-3.2091380265237444,0.7344320890371963
NA19921,ASW,African Ancestry,African Ancestry SW,4.11145196612525,0.5493116273287102,15.613181,4.1895823,1.292548965665559,-0.3306017845980098,,,-7.379078071841541,-2.6314265000249835,1.0037348612730823
NA19922,ASW,African Ancestry,African Ancestry SW,9.387837242566237,-1.2223042488268119,16.4336,4.2354207,4.220796594285022,0.30439150717120356,,,-0.8631815430859429,-0.47677792853715706,-1.1434704028407887
NA19923,ASW,African Ancestry,African Ancestry SW,5.427712330381737,0.9795434106571115,11.285327,10.015532,2.55088203567482,-0.15544962650479865,,,-6.980519409501893,0.0029286473130274394,-0.22664084540023396
NA19982,ASW,African Ancestry,African Ancestry SW,3.5682029017604124,0.40378260978383285,11.175638,4.2812133,1.8698969705107642,0.9027133338878168,,,-7.376768232158869,-0.40862938403565013,0.37463672325697667
NA19984,ASW,African Ancestry,African Ancestry SW,8.596546156480391,-3.390374219843488,19.384533,1.3962011,4.350235357093077,-1.0144560456624063,,,-1.447854610618637,-0.7089793217171725,-0.9950106584848498
NA19985,ASW,African Ancestry,African Ancestry SW,8.311324911435301,-0.3999057263113528,20.043163,2.020867,3.503275387301306,0.5381906555876101,,,-1.908997477170093,-0.4866468402881205,-0.5125633901864709
NA20126,ASW,African Ancestry,African Ancestry SW,5.220500544531185,0.2192285935817173,-5.974922,4.6949244,2.8883313947252436,0.1567323241582086,,,-5.576847644630139,-2.803360376107982,-1.5837842095931278
NA20127,ASW,African Ancestry,African Ancestry SW,3.2968878538706554,1.0147010491495427,3.12411,7.823669,1.2168372500031734,0.33229123938951766,,,-7.996059964794189,0.42590625082798267,-0.05327669375031313
NA20276,ASW,African Ancestry,African Ancestry SW,6.7439934160672586,0.5702160521065922,18.113125,2.684729,3.3829186045016275,-0.1651168349519505,,,-5.266624064737007,-0.5455102362760781,-1.5833407771682657
NA20278,ASW,African Ancestry,African Ancestry SW,5.92134965941764,-1.0258502194295476,17.806425,0.41409907,1.8008948084493286,0.6485257349310025,,,-4.918285803493218,0.9322090418345722,-1.3770787915299076
NA20281,ASW,African Ancestry,African Ancestry SW,9.964909864150544,-3.5155987657076304,21.468521,-0.20358193,4.1217080632696605,-0.42583689938500724,,,0.7321974807555808,-3.214737278629044,0.6872837800748436
NA20282,ASW,African Ancestry,African Ancestry SW,3.9163722318787437,2.2387904104678134,10.886441,14.475712,2.4814452658880777,0.9332601811959123,,,-8.72444703834965,-1.2705000825754156,1.3859255003107689
NA20287,ASW,African Ancestry,African Ancestry SW,9.950201107829285,-3.5739219571541154,19.59166,0.26659334,4.524668940628544,-1.0244155994301258,,,0.4550098877270214,-2.6107684689653587,1.877642867668613
NA20289,ASW,African Ancestry,African Ancestry SW,2.584549586396702,3.197893968006762,11.8687105,1.8395239,0.49680368236070827,1.364772020149716,,,-10.342517223545315,-1.9337016436738703,-1.579729581073524
NA20291,ASW,African Ancestry,African Ancestry SW,11.044089710579366,-4.222159719528112,18.800325,-1.6638579,5.707606131387835,-0.8358717479745512,,,1.552725861291642,-2.2777193363262547,0.7645084905624799
NA20294,ASW,African Ancestry,African Ancestry SW,7.051096253120135,-0.618597368984827,18.20369,0.8185382,3.282342875805397,-0.5124395697291537,,,-4.291659555152875,-1.1728789424672055,-2.7044491867771034
NA20296,ASW,African Ancestry,African Ancestry SW,4.789255553016145,-2.123746171947375,7.5788255,2.204712,2.0019637279649585,-0.07739290019093081,,,-5.043604047429324,2.222325574020919,-0.8998822940790021
NA20298,ASW,African Ancestry,African Ancestry SW,8.142983104797638,-2.939305541699647,18.319077,-4.0575366,4.044561912398684,-0.20550083695746846,,,-2.100854033037304,-0.746628990892428,1.3774900586211345
NA20299,ASW,African Ancestry,African Ancestry SW,1.950041679284686,0.819159565461292,3.9332716,2.6996434,0.71974491358143,1.823806358394465,,,-8.89811245941947,0.9973927221644678,-0.5626942370321558
NA20314,ASW,African Ancestry,African Ancestry SW,-2.4418739003377175,2.873206088509003,-6.561775,-0.70518494,-0.7556990071759254,0.039106554010742256,,,-14.087525649159241,-1.3808109464778937,2.1036417646962406
NA20317,ASW,African Ancestry,African Ancestry SW,6.796757452128829,-1.208379336271979,14.430781,2.6669304,2.550297815042943,-1.1794930126375225,,,-3.408013667220198,0.6640054423554668,0.9062125971542514
NA20322,ASW,African Ancestry,African Ancestry SW,6.471984273063408,0.7853284453193261,9.028399,5.30692,2.980455519682587,0.0075976189991269205,,,-4.845893697774713,-0.6555867121006386,-0.8803490134945107
NA20332,ASW,African Ancestry,African Ancestry SW,7.132633016380445,-1.894050523037361,18.124617,1.7165731,4.358583030366951,-0.31801966568368467,,,-3.6042150560770123,-2.4554888938612027,-0.16567108054402443
NA20334,ASW,African Ancestry,African Ancestry SW,3.202732632051517,0.5625847105206567,13.776229,11.971842,0.943235540876487,0.9269085897223046,,,-9.075794330006932,0.08748120822409795,-1.4778596173018066
NA20336,ASW,African Ancestry,African Ancestry SW,1.8005714507075594,1.8782640809610864,13.773154,11.974438,0.9470295569337877,0.8217070658288224,,,-10.63416406210711,-0.09473068170175103,-0.2654840755062806
NA20339,ASW,African Ancestry,African Ancestry SW,10.354112091878203,-5.48843598145688,24.055695,3.9382915,5.204488871090906,-2.382847184231922,,,1.749103247806777,1.4051306490900894,-1.5659313135374033
NA20340,ASW,African Ancestry,African Ancestry SW,11.80750366951991,-3.0944763133852566,18.588007,-1.6329304,6.216189243718875,-0.6108358216428029,,,2.219770843617657,-0.9699452990358551,-2.517192081069535
NA20341,ASW,African Ancestry,African Ancestry SW,6.401329685326421,-0.3308339804914997,11.926112,1.8108793,2.4454798208634347,0.4761306751780914,,,-5.792755228483134,-2.1090773706352604,-0.6564253408215336
NA20342,ASW,African Ancestry,African Ancestry SW,6.158782015451142,-0.33096243285186855,16.609385,1.2538043,3.023794276895236,-1.0798231401644722,,,-5.087283166564654,1.2187778001842107,-2.3937490236350323
NA20344,ASW,African Ancestry,African Ancestry SW,9.876965570094827,-3.322619887811231,20.849995,-1.0078406,5.468852883215008,-1.3254787519205165,,,0.7700159241269077,-0.6309244073697988,0.1535695880766997
NA20346,ASW,African Ancestry,African Ancestry SW,7.336069903096276,-2.034893748695583,10.514614,2.0957248,3.765586570750841,-1.4126904362304296,,,-2.115585281591782,0.18577999201131382,-1.1806768832548684
NA20348,ASW,African Ancestry,African Ancestry SW,10.275949196203564,-4.256627424312808,18.920439,0.4419734,4.725608663565726,-0.18638454385655834,,,1.2317900720775534,-3.0306988780924455,0.3795197918970846
NA20351,ASW,African Ancestry,African Ancestry SW,7.569894851892568,-1.9346773122860013,18.734015,4.313812,3.347035670651837,-0.9789855713882387,,,-3.410099000916115,-1.1397985370906527,-1.111210817462162
NA20356,ASW,African Ancestry,African Ancestry SW,9.352776371915715,-2.6846750662879186,21.602234,2.9528534,4.9473920202388095,-0.8455865891965648,,,0.27156770479993253,0.1632384527746007,-0.020365517497948665
NA20357,ASW,African Ancestry,African Ancestry SW,7.904893611756887,-1.9234151763051583,18.230122,1.2917589,3.3684622981122354,-1.3473805347226628,,,-2.5810634416500244,-2.0054888626239045,-1.1408294036227726
NA20359,ASW,African Ancestry,African Ancestry SW,10.60555601769399,-3.42901992638446,24.344612,1.8284482,4.675821984155464,-1.3292871928934233,,,1.05085713876378,-1.6657195220833756,0.3531868253430771
NA20363,ASW,African Ancestry,African Ancestry SW,6.318438519815579,-0.022529338783139785,9.971912,7.4600606,2.5051079848146314,-0.1635085822469271,,,-4.519565439990576,-1.5764713861794781,0.13729803812522906
NA20412,ASW,African Ancestry,African Ancestry SW,6.776978330982522,0.11582572097821675,18.096676,4.417324,3.2084228115900313,0.25448354676652585,,,-3.813407444333225,0.06817529168207044,-3.063845156856225
NA20414,ASW,African Ancestry,African Ancestry SW,-1.3307354308578994,1.6172333716783198,-2.2813983,-3.969615,-0.5851808611276491,1.4820724765148041,,,-12.48742546163563,-0.21144607329955525,1.9945976991436012
NA20502,TSI,European Ancestry,Toscani,-0.8120013707213032,5.366994881364899,-10.126755,16.406874,-0.5747634536168935,0.8724397768179601,1.6681832447942015,1.6687514198550035,,,
NA20503,TSI,European Ancestry,Toscani,0.13260753117409663,4.251312528719673,-5.513565,17.039175,-0.45213861291780966,0.7889933958060948,-0.595542592762568,0.7658017861627597,,,
NA20504,TSI,European Ancestry,Toscani,-1.3146534994622736,5.211541186312788,1.4598758,14.643582,-0.8712775785951378,1.250105593648263,-0.1644271360208761,-3.4289177589680326,,,
NA20505,TSI,European Ancestry,Toscani,-0.20845866477933628,6.422496048635093,-4.6219215,20.195772,-0.025397633064778824,2.2111163210040834,0.5214221498915106,-0.21056246116707775,,,
NA20506,TSI,European Ancestry,Toscani,-1.0812960543790515,5.474863121859977,3.1356547,19.896397,0.6469769534078658,1.3292219729725154,-2.7675823127658834,0.5776574906564181,,,
NA20507,TSI,European Ancestry,Toscani,-0.12468197158904287,5.590102084805158,0.43513188,8.419844,0.5624511262465453,0.5814228324715895,-0.7506118972173956,2.700479631492936,,,
NA20508,TSI,European Ancestry,Toscani,-1.1837263681361232,5.275744615787467,-6.258013,21.000816,-0.6364684424395429,1.4550392801438201,0.7490554703464964,2.646646744633188,,,
NA20509,TSI,European Ancestry,Toscani,-0.7662101967317124,5.434644755247109,6.3649993,15.180379,-0.6783203618586405,2.106741005886378,-1.8741978063045917,-1.886040686920802,,,
NA20510,TSI,European Ancestry,Toscani,-1.3746479738294957,5.069136694552764,3.1924574,19.514172,-0.10661223411815934,1.3822273094442143,-1.8811476493170298,3.7943030034426473,,,
NA20512,TSI,European Ancestry,Toscani,0.010236833866480888,4.135976455412246,-6.9663568,21.80955,0.13859954850453404,0.9463212588251788,-0.06490579920568385,0.8501720891604612,,,
NA20513,TSI,European Ancestry,Toscani,0.4111792429692428,6.611730514923945,-5.1884227,17.962704,-0.34642312871104186,2.579876689958204,-1.3738277895326152,1.1163058323102966,,,
NA20515,TSI,European Ancestry,Toscani,-0.6313304598089167,4.912752529510979,8.793615,15.538594,-0.7087005654246471,1.8659791071540592,-4.957975083485707,2.374686323214063,,,
NA20516,TSI,European Ancestry,Toscani,-1.448745741917652,3.756749571287043,1.03608,12.96447,-0.9077548202248026,1.2319734585262734,-2.4348034195430177,0.31326120842395005,,,
NA20517,TSI,European Ancestry,Toscani,-0.39388012535547723,5.8681014929506015,4.213673,17.30771,-1.1305156583365032,1.8205378458742332,-3.490844051772211,0.3636775767584618,,,
NA20518,TSI,European Ancestry,Toscani,-0.08258377781967241,5.323081610477948,8.607887,18.8461,-0.8299912818163866,2.7115153082366876,-2.7805684134141844,1.2276986817308215,,,
NA20519,TSI,European Ancestry,Toscani,0.1201037001147115,5.6882920278748195,-0.7842803,14.548571,0.1404642168656557,2.2766531768844347,1.697952224648135,1.353145848040494,,,
NA20520,TSI,European Ancestry,Toscani,-0.5747209765676244,5.717075513640649,1.4410045,9.094304,-0.4610202234023213,1.9193504564865536,-0.9862482760284147,2.849868800175147,,,
NA20521,TSI,European Ancestry,Toscani,0.40732137553693903,4.825678848461329,-0.92430216,10.995713,0.6103168969812818,2.253251937490114,-1.3477834275241176,3.3187739774807516,,,
NA20522,TSI,European Ancestry,Toscani,0.09555440768300982,4.586351324144821,-8.352548,20.030958,0.4835346842267503,1.5177187526737292,-1.012226893319117,2.2339868819846807,,,
NA20524,TSI,European Ancestry,Toscani,-1.0353497868663823,6.312970711757878,4.529994,18.415056,-0.5423466171349185,2.6760597304697877,-3.105164595886626,-1.3938669401877535,,,
NA20525,TSI,European Ancestry,Toscani,-0.813706177288114,4.916795588803966,0.9017839,15.64996,0.21298873985269096,2.2001851161755654,0.4509992218800117,-0.7001935916332764,,,
NA20527,TSI,European Ancestry,Toscani,-0.31853133921585103,5.34423736069593,-6.9883785,11.59146,-0.0625813847914164,2.5060310878051046,3.8264219730648197,4.663298717834432,,,
NA20528,TSI,European Ancestry,Toscani,-1.1478761508973276,5.264471242187273,2.4664502,9.405756,-0.7178175399430055,2.3912239549340137,1.5868744583407097,0.9762616832542121,,,
NA20529,TSI,European Ancestry,Toscani,-0.06959547286894191,5.973129511894613,7.8983564,13.090549,-0.26210678643894303,1.7844013955039595,-2.3268434153135686,2.1915157875546085,,,
NA20530,TSI,European Ancestry,Toscani,-0.33525348132026755,4.226278003518998,5.463123,16.34095,-0.6716339500692476,0.8164803547490662,-0.7751624317601838,-1.5512210549327368,,,
NA20531,TSI,European Ancestry,Toscani,-1.424260379699616,4.878000958229185,2.151708,11.422475,-0.682126219495904,1.205002240378286,-0.557703496538872,0.3581718573624927,,,
NA20532,TSI,European Ancestry,Toscani,-0.7610552041169814,6.52655152745952,-8.492839,16.7668,-0.32577067125109377,2.5437585586522635,1.0833938489603432,1.9143245008370557,,,
NA20533,TSI,European Ancestry,Toscani,-1.1002520104850986,4.523542579036919,-1.8631098,10.355273,-0.85666786228215,2.563455204022701,0.01829993867709233,0.2980490415163146,,,
NA20534,TSI,European Ancestry,Toscani,-1.0211704432557092,5.082783946561939,0.0028371457,14.802358,-0.6379356303180347,1.9518756217845428,-1.2513713582842938,0.6495515858172481,,,
NA20535,TSI,European Ancestry,Toscani,-0.47992697822536534,3.7484755988258573,7.672644,22.624006,0.2480892748175626,0.7310815378453079,-3.5880485575956027,-2.0216813319082116,,,
NA20536,TSI,European Ancestry,Toscani,-0.3310633867580427,4.827584992234224,-3.1691437,15.722088,-1.2145956591998657,2.4387629446468404,3.8154501979230417,0.215262090622084,,,
NA20537,TSI,European Ancestry,Toscani,-1.5388972817606494,4.256414555282304,1.0939184,11.583815,-1.4335974018088637,0.9707136103918999,-1.0822637425815447,0.9243245162051688,,,
NA20538,TSI,European Ancestry,Toscani,-0.4839031625868016,5.011430565920563,-1.4405519,9.940516,-0.3491317998152497,1.799385189398658,-1.0300776924862607,2.562515190958642,,,
NA20539,TSI,European Ancestry,Toscani,-0.3924386521234311,5.638874825204556,-10.806364,16.95364,-0.53729370512518,2.462574675789213,0.5934863613299347,1.1739231120205895,,,
NA20540,TSI,European Ancestry,Toscani,0.3287221211360126,4.65809595193201,-3.3892987,8.2314415,-0.3237886160134102,1.482675697570435,0.4788256255338449,3.9207945465070053,,,
NA20541,TSI,European Ancestry,Toscani,-0.4713794047950441,4.440789225603849,7.6568203,16.481762,-0.4571637098602481,1.238462864172817,-1.4463177940107532,-0.13509249964464673,,,
NA20542,TSI,European Ancestry,Toscani,-0.019776877788896474,4.432079820968768,8.057828,9.736982,-0.6487239979497182,0.9699509286723024,0.33515034489269663,-0.4970320978101523,,,
NA20543,TSI,European Ancestry,Toscani,-0.37582170531115544,5.9504586148492224,11.539608,18.269857,-1.4982793873736058,1.3109333967181742,-1.1212416413903343,3.4654769478939906,,,
NA20544,TSI,European Ancestry,Toscani,-0.5021797919350192,4.804362118398406,0.96821475,15.485481,0.10567633088232498,1.9298340461255854,0.6484973732913956,-1.1722700018750425,,,
NA20581,TSI,European Ancestry,Toscani,-0.9703633981130393,5.038345018686019,6.9800444,17.458271,-0.14252654427095757,2.1780618189744145,-1.747717841775647,-1.6580562502922847,,,
NA20582,TSI,European Ancestry,Toscani,-1.5689317012279447,4.769091647428368,-2.1285183,11.577434,-0.8756935975041762,0.43410066944043013,0.7114432095587593,-2.3000209362752884,,,
NA20585,TSI,European Ancestry,Toscani,-0.20869247705925786,4.228075492384512,3.6110077,8.841629,-0.6392709763206376,1.0959726739678484,-0.9464642026796911,-1.765238671955648,,,
NA20586,TSI,European Ancestry,Toscani,0.7211149218965517,5.710335882553483,-9.660251,13.94096,1.0946031159410343,2.087483159858788,2.9805103157189436,4.582868876274724,,,
NA20588,TSI,European Ancestry,Toscani,-0.5353801304930604,4.431395408294443,-0.59988034,8.078012,-0.10694932254627998,0.5923336966199835,-2.3961679291120603,1.882223893588514,,,
NA20589,TSI,European Ancestry,Toscani,-0.5474717758853664,4.704345180052842,0.9286763,8.714932,-0.11471713912178505,0.915590229992447,-1.115547745612247,1.4149583950542703,,,
NA20752,TSI,European Ancestry,Toscani,-1.4369486850532982,4.946701581537729,7.15153,18.680634,-0.5567630949330311,2.040072588272162,-3.4246490666862233,0.6262372312396994,,,
NA20753,TSI,European Ancestry,Toscani,0.5927168132328032,6.207734684036184,4.769429,13.511142,0.46566949865294616,1.708617488961496,-2.596998957685719,0.8331205685456029,,,
NA20754,TSI,European Ancestry,Toscani,-1.2705500856959753,4.291941448459546,-1.3570962,22.245354,-1.7019766317079572,1.8480883715004617,-0.7540105076168472,-2.7289871274329713,,,
NA20755,TSI,European Ancestry,Toscani,0.08852012922865382,4.332069815190387,-3.6609223,13.738148,-0.052336858868182956,1.2782471514335314,0.9519907380010241,1.930118129110996,,,
NA20756,TSI,European Ancestry,Toscani,-0.04647218038509937,6.065119715853477,10.355151,15.5898905,0.5726637349892383,1.5947222140194097,-2.939934607418709,1.9840440754767048,,,
NA20757,TSI,European Ancestry,Toscani,-0.6067062863014668,4.259017007210445,3.8793693,23.214272,-0.7601426890913794,1.5755236522403826,-2.685209398975877,0.9971038948546829,,,
NA20758,TSI,European Ancestry,Toscani,-0.7908433654266519,4.690388153857041,1.2441382,14.534874,-0.8994527819128423,1.9513040129826176,-2.6073814639950883,-0.49313533580769736,,,
NA20759,TSI,European Ancestry,Toscani,-0.40340919037729495,3.5175417199355863,-0.6667183,7.0395975,0.9733605727911874,1.2263506728509643,-3.3573996497159846,2.73972444350672,,,
NA20760,TSI,European Ancestry,Toscani,-1.2637727991103889,4.586046267688465,-10.223983,11.812867,-0.8029861536026833,1.6423400712700889,0.03844375708318239,2.244583619064604,,,
NA20761,TSI,European Ancestry,Toscani,-0.17881387799938242,5.534228325849831,1.2013795,21.206284,0.03566722756592844,1.1158871581071768,-0.4242414878467536,3.480180671990434,,,
NA20765,TSI,European Ancestry,Toscani,-0.5951951149599708,3.994823049786316,1.7195996,12.11301,-1.0441788205365614,1.5051285517671744,-0.6223796101744012,2.9720799526461286,,,
NA20766,TSI,European Ancestry,Toscani,0.454463641760685,6.158074492292022,6.855331,15.811076,-0.05627408498683528,2.270628994543862,-3.177685059998636,3.222217579272072,,,
NA20768,TSI,European Ancestry,Toscani,0.34842031776158555,5.089196321900336,6.81914,19.31585,-0.750899075050472,2.8740799983879968,-3.855060349093993,-0.8297816326125541,,,
NA20769,TSI,European Ancestry,Toscani,0.0012532554875546165,5.695684074575002,-9.498527,13.930782,0.39565335100056354,1.6127363276137643,0.4653785570526506,4.094317758891345,,,
NA20770,TSI,European Ancestry,Toscani,-0.6865347604718689,4.964354525274809,7.2780957,19.505497,-0.21821070491708666,1.840999463349718,-0.16484386785071653,1.9492844705227812,,,
NA20771,TSI,European Ancestry,Toscani,0.30367698953796174,6.193020839023132,8.622128,18.478323,0.10832833698319966,2.011779880215928,-5.045255278538897,3.4714535661326806,,,
NA20772,TSI,European Ancestry,Toscani,-0.3741379899732893,4.822579424877915,2.1421788,12.967823,-0.4039581804291867,1.3651332656148363,-2.7601608352006517,0.4279576055845126,,,
NA20773,TSI,European Ancestry,Toscani,-1.741862312949304,4.3500916763909006,0.09736508,16.15381,-0.729490410724457,2.3432087116584377,-0.6989534174821347,-0.3957725122759041,,,
NA20774,TSI,European Ancestry,Toscani,-1.6056032618372695,4.136615813225379,9.394016,13.609682,-1.9392199129431418,0.569788412240368,-1.324939929675712,0.43571728286994427,,,
NA20775,TSI,European Ancestry,Toscani,-1.100943868277405,4.447669114302263,2.6360512,10.8329115,-1.1594107406779683,1.965934443430474,0.6033244845573474,-0.6580743374835087,,,
NA20778,TSI,European Ancestry,Toscani,-0.8132247078229685,5.131724508183467,8.528158,17.962732,-1.2522898311640605,1.5006630986840213,-3.566706099652616,2.8331803972256187,,,
NA20783,TSI,European Ancestry,Toscani,0.38650778502879746,6.485620622780463,-10.580323,16.73244,-0.4119590116064933,2.6560090039372457,-0.8174693637312992,2.495636301920688,,,
NA20785,TSI,European Ancestry,Toscani,-0.33924114130659555,5.317571563505388,-8.127063,10.983202,-0.5074582194551549,2.5265315651206484,0.10696134601193712,2.0346476018341475,,,
NA20786,TSI,European Ancestry,Toscani,-1.1254400397155357,6.253782167997717,-8.438179,18.145988,0.015616866303900134,2.701732074329213,-2.0029548327320694,4.016172224931867,,,
NA20787,TSI,European Ancestry,Toscani,1.4076902671278386,5.11367602982716,-0.0007829432,11.904486,0.5140280567100339,2.55399900594312,-2.052818974656308,-0.4872834303931995,,,
NA20790,TSI,European Ancestry,Toscani,-0.9042349337906088,4.674473146356982,-1.6634763,12.938132,-0.9625923500089597,2.3149636674868814,-0.3013003011716159,-1.8886611614942053,,,
NA20792,TSI,European Ancestry,Toscani,-0.8738632917824521,3.9427957421410804,1.0394186,13.039454,-1.501046152427771,1.7315214143242061,-2.2231564756256064,2.1250691900067515,,,
NA20795,TSI,European Ancestry,Toscani,-1.0208987292871756,4.867551753982287,0.503922,12.743383,-1.5287196755632535,1.9834776838492774,-1.4793260746357793,-0.8714791454675463,,,
NA20796,TSI,European Ancestry,Toscani,0.40920007333172936,5.240519020590299,-9.510289,13.95114,0.45608094659188203,1.4876319616794562,1.3890314576396774,2.6140808439725665,,,
NA20797,TSI,European Ancestry,Toscani,-1.1034062564628022,4.318667931251194,1.5784614,15.905844,-0.4879454796636836,2.529604522724856,-1.3775794057651638,-3.1038547016031766,,,
NA20798,TSI,European Ancestry,Toscani,-0.6202422597262586,5.122225935114589,-6.005559,13.724411,-0.32723158274644254,2.116990031172782,1.5153978506787404,1.333018593586539,,,
NA20799,TSI,European Ancestry,Toscani,-1.269628326577032,4.422935060591456,6.9054217,22.224415,-0.9521287944807104,1.6224285339402764,-3.104607196493025,-1.4712792029942423,,,
NA20800,TSI,European Ancestry,Toscani,-1.9384389306297094,6.714513016309261,0.26999035,18.517939,-0.13242887060877473,2.5097029696013458,-1.3676986412531966,-0.7865961174994004,,,
NA20801,TSI,European Ancestry,Toscani,0.22720529254851107,3.342695167395607,6.056339,13.120191,-0.6253817215644677,1.8101330909396505,-4.648721319354724,1.1602017496863921,,,
NA20802,TSI,European Ancestry,Toscani,-0.28569840575607464,4.323667364677959,4.0083356,8.450394,-0.32109746834644626,2.008595343972392,-0.10163074741433466,1.163401286985816,,,
NA20803,TSI,European Ancestry,Toscani,-1.3618597905375212,6.268060286748814,-10.723539,12.154219,-0.9895786720076108,1.1399097243078655,0.5859462352207008,3.324913135819104,,,
NA20804,TSI,European Ancestry,Toscani,0.2953959310596864,5.89670399497536,3.110697,13.151736,-0.45768058495682584,1.6965433040620848,-3.0437947568541905,0.7584168046499838,,,
NA20805,TSI,European Ancestry,Toscani,-0.4812468485183521,5.0165162447797815,-4.533461,16.592974,-1.155193152931233,1.558426574011466,-2.087584798674647,2.173099297719805,,,
NA20806,TSI,European Ancestry,Toscani,0.116526528191922,6.69283022919313,10.3763685,15.563797,0.5050829802807002,2.9548676969917382,-2.2087048897557358,2.657431168014796,,,
NA20807,TSI,European Ancestry,Toscani,-0.6811787092251771,4.436549832588247,0.08442602,12.004929,-0.345927918412572,1.8760507306624625,-0.3559958789644897,-0.17325091104192755,,,
NA20808,TSI,European Ancestry,Toscani,-0.22539987530162114,5.507025998232535,7.7225504,22.647224,-0.330484156170762,2.1177031782175844,-3.4630358623279562,-1.8870490696292193,,,
NA20809,TSI,European Ancestry,Toscani,-0.7542862985009507,4.263031075533293,9.360703,8.186468,0.4419213297221789,1.2815380662980789,-0.966386927884152,-2.0375382349016826,,,
NA20810,TSI,European Ancestry,Toscani,0.4703886238491811,5.890054137110801,-10.213959,15.012622,-0.05271337077754401,1.8513036260859614,1.0069681481319464,2.88446213368139,,,
NA20811,TSI,European Ancestry,Toscani,-1.219471237568773,4.905753614430343,-8.177979,18.045818,-0.21959418783788348,1.745556447533064,0.8577368570828062,3.8683766667466872,,,
NA20812,TSI,European Ancestry,Toscani,-0.16128229610287814,4.382365789580911,-6.9484453,21.685675,-0.05348376663942922,1.5632930198220725,-0.14568533773037792,3.7868356879563003,,,
NA20813,TSI,European Ancestry,Toscani,-0.7594410141536059,4.396800379207261,6.0684233,21.048948,-0.9142925715869032,1.3225823418740013,-1.9334040223224505,-0.3277758282890137,,,
NA20814,TSI,European Ancestry,Toscani,-0.3960740647658049,4.695504836243061,6.8637486,16.256977,-0.8726604948937561,1.123731725443268,-2.8735649995000716,-0.2103370909990032,,,
NA20815,TSI,European Ancestry,Toscani,-1.395828327198847,5.4101543201969235,-5.0392365,16.629993,-0.7809895870244522,2.3865307738441275,0.9517226268470437,-0.16381844319514413,,,
NA20816,TSI,European Ancestry,Toscani,0.6474312395880425,5.09023043088833,5.186206,14.768357,0.49731775791263755,0.9741054143836818,-1.5075678363396234,-1.4870787127942393,,,
NA20818,TSI,European Ancestry,Toscani,-1.226520050911339,6.27375450593956,3.4046533,16.281424,-0.8372374380656655,1.9382306765742343,-2.176458938998553,0.34367293182702896,,,
NA20819,TSI,European Ancestry,Toscani,0.20043965489201288,4.437550356936527,7.1038327,14.681894,0.18734897793198135,1.1472503556889526,-1.592433527656875,0.8794012221694613,,,
NA20826,TSI,European Ancestry,Toscani,0.11973266386673187,4.9599368290500365,6.800755,19.62017,0.7942470100046117,1.8115144306650652,-2.497136842267735,0.48107060077559927,,,
NA20828,TSI,European Ancestry,Toscani,-0.2868880721722462,3.4661732709603474,0.17165151,16.138657,-0.4962186626901145,1.6987500157811273,1.5326811102010256,2.2794665552567683,,,
